instance,short_label,population_family,switch,tau,input_laws,pooled_other_switch_settings,pooled_orders,law_configuration_order_cells,paired_batch_outcomes,exact_positive_mean_cost_cells,exact_positive_mean_cost_fraction,positive_cost_batch_opportunities,paired_gain_positive_count,paired_gain_negative_count,paired_gain_tied_count,paired_gain_positive_probability,paired_gain_negative_probability,paired_gain_tied_probability,exclusive_record_probability,lost_record_probability,positive_cost_and_gain_count,positive_cost_and_gain_probability,positive_cost_and_gain_conditional_probability,positive_cost_and_exclusive_record_count,positive_cost_and_lost_record_count,exact_mean_cost_mean,exact_mean_cost_q05,exact_mean_cost_q25,exact_mean_cost_q50,exact_mean_cost_q75,exact_mean_cost_q95,exact_mean_cost_exact_zero_fraction,exact_mean_cost_normalized_mean,exact_mean_cost_normalized_q05,exact_mean_cost_normalized_q25,exact_mean_cost_normalized_q50,exact_mean_cost_normalized_q75,exact_mean_cost_normalized_q95,exact_mean_cost_normalized_exact_zero_fraction,phase_mean_cost_mean,phase_mean_cost_q05,phase_mean_cost_q25,phase_mean_cost_q50,phase_mean_cost_q75,phase_mean_cost_q95,phase_mean_cost_exact_zero_fraction,phase_mean_cost_normalized_mean,phase_mean_cost_normalized_q05,phase_mean_cost_normalized_q25,phase_mean_cost_normalized_q50,phase_mean_cost_normalized_q75,phase_mean_cost_normalized_q95,phase_mean_cost_normalized_exact_zero_fraction,paired_record_advantage_mean,paired_record_advantage_q05,paired_record_advantage_q25,paired_record_advantage_q50,paired_record_advantage_q75,paired_record_advantage_q95,paired_record_advantage_exact_zero_fraction,paired_record_advantage_normalized_mean,paired_record_advantage_normalized_q05,paired_record_advantage_normalized_q25,paired_record_advantage_normalized_q50,paired_record_advantage_normalized_q75,paired_record_advantage_normalized_q95,paired_record_advantage_normalized_exact_zero_fraction,paired_sample_mean_cost_mean,paired_sample_mean_cost_q05,paired_sample_mean_cost_q25,paired_sample_mean_cost_q50,paired_sample_mean_cost_q75,paired_sample_mean_cost_q95,paired_sample_mean_cost_exact_zero_fraction,paired_sample_mean_cost_normalized_mean,paired_sample_mean_cost_normalized_q05,paired_sample_mean_cost_normalized_q25,paired_sample_mean_cost_normalized_q50,paired_sample_mean_cost_normalized_q75,paired_sample_mean_cost_normalized_q95,paired_sample_mean_cost_normalized_exact_zero_fraction,record_gain_enabled_mean,record_gain_enabled_q05,record_gain_enabled_q25,record_gain_enabled_q50,record_gain_enabled_q75,record_gain_enabled_q95,record_gain_enabled_exact_zero_fraction,record_gain_disabled_mean,record_gain_disabled_q05,record_gain_disabled_q25,record_gain_disabled_q50,record_gain_disabled_q75,record_gain_disabled_q95,record_gain_disabled_exact_zero_fraction,novelty_probability_difference_mean,novelty_probability_difference_q05,novelty_probability_difference_q25,novelty_probability_difference_q50,novelty_probability_difference_q75,novelty_probability_difference_q95,novelty_probability_difference_exact_zero_fraction,record_and_novelty_probability_difference_mean,record_and_novelty_probability_difference_q05,record_and_novelty_probability_difference_q25,record_and_novelty_probability_difference_q50,record_and_novelty_probability_difference_q75,record_and_novelty_probability_difference_q95,record_and_novelty_probability_difference_exact_zero_fraction,candidate_record_probability_difference_mean,candidate_record_probability_difference_q05,candidate_record_probability_difference_q25,candidate_record_probability_difference_q50,candidate_record_probability_difference_q75,candidate_record_probability_difference_q95,candidate_record_probability_difference_exact_zero_fraction,total_variance_enabled_mean,total_variance_enabled_q05,total_variance_enabled_q25,total_variance_enabled_q50,total_variance_enabled_q75,total_variance_enabled_q95,total_variance_enabled_exact_zero_fraction,total_variance_disabled_mean,total_variance_disabled_q05,total_variance_disabled_q25,total_variance_disabled_q50,total_variance_disabled_q75,total_variance_disabled_q95,total_variance_disabled_exact_zero_fraction,total_variance_difference_mean,total_variance_difference_q05,total_variance_difference_q25,total_variance_difference_q50,total_variance_difference_q75,total_variance_difference_q95,total_variance_difference_exact_zero_fraction,total_variance_difference_normalized_mean,total_variance_difference_normalized_q05,total_variance_difference_normalized_q25,total_variance_difference_normalized_q50,total_variance_difference_normalized_q75,total_variance_difference_normalized_q95,total_variance_difference_normalized_exact_zero_fraction
separable_pl_d4,PL 4D,broad,H,0.1,128,4,2,1024,8192,1024,1.0,8192,3644,2434,2114,0.44482421875,0.297119140625,0.258056640625,0.0245361328125,0.0386962890625,3644,0.44482421875,0.44482421875,201,317,0.017028780181416167,0.015424916899111097,0.0163437574159091,0.017024387333655966,0.017783474146040756,0.01863397396900144,0.0,0.0016745786657764961,0.001371885522485532,0.0015170225300326025,0.0016440807444174786,0.0018053574486378789,0.0020772466719036825,0.0,0.017028780181416167,0.015424916899111097,0.0163437574159091,0.017024387333655966,0.017783474146040756,0.01863397396900144,0.0,0.0016745786657764961,0.001371885522485532,0.0015170225300326025,0.0016440807444174786,0.0018053574486378789,0.0020772466719036825,0.0,0.03091250699300045,-0.21591573180032242,-0.025801181592114197,0.0,0.10319190441374326,0.298276241336461,0.258056640625,0.010682372579824143,-0.08543423674804204,-0.00937620757190622,0.0,0.0416688786333582,0.10749457748385502,0.258056640625,0.017585431879033123,-0.08664530120266534,-0.02364469020923199,0.018277937991100224,0.058526055428401946,0.11827290872495588,0.0,0.0017450767305194695,-0.008367168785874285,-0.0022745453804811685,0.0018035650413318553,0.005732022304286566,0.011842308552265373,0.0,0.2819712494528082,0.0,0.0,0.21774928949260597,0.41190195350422654,0.8095864918294854,0.2967529296875,0.25105874245980775,0.0,0.0,0.23763298754010176,0.3338612486689372,0.655162917340147,0.2825927734375,-9.1552734375e-05,-0.00390625,0.0,0.0,0.0,0.00390625,0.7626953125,3.814697265625e-05,-0.00390625,0.0,0.0,0.0,0.00390625,0.8916015625,-0.0023345947265625,-0.015625,-0.0078125,0.0,0.0,0.015625,0.30859375,5.108766861223726,4.092086634497041,4.633669991256306,5.093740214626981,5.524151290161694,6.342234695012338,0.0,5.092766861223726,4.076086634497041,4.617669991256306,5.0777402146269806,5.508151290161694,6.326234695012338,0.0,0.016000000000000014,0.016000000000000014,0.016000000000000014,0.016000000000000014,0.016000000000000014,0.016000000000000014,0.0,0.002453795942833694,0.0020510927363991097,0.0022835194512276775,0.00242364039466798,0.00261645294844921,0.0028987485316733104,0.0
separable_pl_d4,PL 4D,broad,R,0.1,128,4,2,1024,8192,0,0.0,0,3279,2377,2536,0.4002685546875,0.2901611328125,0.3095703125,0.200439453125,0.17333984375,0,0.0,,0,0,-0.28438521233340747,-0.3477986265444518,-0.3055161824796122,-0.2833261120636976,-0.259015134283094,-0.2301811213232475,0.0,-0.027712498052733354,-0.0316406952335939,-0.029487440506162588,-0.0278214848796499,-0.025910418259107438,-0.023047612429332866,0.0,-0.2915409660749566,-0.3565067635158563,-0.3128424861074812,-0.29037782822405234,-0.26512649500367,-0.23631923496894888,0.0,-0.02840940342990785,-0.03260915088195298,-0.03026490551892391,-0.028444699917107956,-0.026582618576252062,-0.023545509147835784,0.0,0.11397915279244535,-0.34983266108017874,-0.06542813639007394,0.0,0.22792908327347788,0.9607441205112093,0.3095703125,0.03284168845989809,-0.13933389323134815,-0.0236181786585727,0.0,0.10124547338602524,0.2981310181344166,0.3095703125,-0.2985413914059858,-2.1887981618395815,-1.0124467271015896,-0.303855317316875,0.44997219072367756,1.5804867653031611,0.0,-0.028366224789231786,-0.21266981044036512,-0.09904493449004657,-0.02972597597725328,0.043820740496791244,0.15819351602822257,0.0,0.32350457235253066,0.0,0.0,0.24282000847197205,0.3875269157500576,1.1602097767051083,0.276123046875,0.20952541956008533,0.0,0.0,0.22067031016946403,0.33451539780553907,0.5387258554999619,0.30322265625,0.08356475830078125,0.05859375,0.07421875,0.08203125,0.09375,0.109375,0.0,0.00634765625,0.0,0.0,0.00390625,0.01171875,0.01953125,0.3525390625,0.00286865234375,-0.0234375,-0.0078125,0.00390625,0.015625,0.03125,0.09765625,4.967934575741258,3.9908411586381343,4.52212209974852,4.970880596491815,5.335091670209108,6.0508342483886794,0.0,5.2335991467061955,4.202606070815851,4.763926502657998,5.23688868483346,5.619784573634446,6.376245813631301,0.0,-0.26566457096493734,-0.3255691996594627,-0.2859404354195254,-0.2662544584802644,-0.24142205723971277,-0.21315193606095859,0.0,-0.04015384924623872,-0.04171249124240759,-0.04079136992004882,-0.04023394063521807,-0.039547877999709935,-0.03861381556661493,0.0
separable_pl_d4,PL 4D,broad,S,0.1,128,4,2,1024,8192,0,0.0,0,510,401,7281,0.062255859375,0.0489501953125,0.8887939453125,0.024169921875,0.0107421875,0,0.0,,0,0,-0.03183943109694054,-0.05021041988756236,-0.03756938152990141,-0.03077421704724248,-0.025709620797702115,-0.016389247370668096,0.0,-0.0031292700985202987,-0.005143909037799947,-0.003698872595853603,-0.0029713876338331065,-0.0024250002571810946,-0.0015411974727352294,0.0,-0.032970333824332496,-0.051983415690529,-0.03875548529374706,-0.03184371655177998,-0.026696591421173643,-0.016861891774695197,0.0,-0.003240809296950654,-0.005354819105985815,-0.0038196713364961215,-0.003077928830586341,-0.0025046102697545798,-0.0016125318015808253,0.0,-0.002575032311396032,0.0,0.0,0.0,0.0,0.09761520683054059,0.8887939453125,-0.0002600208349898404,0.0,0.0,0.0,0.0,0.03696815906330567,0.8887939453125,-0.03791890224451811,-0.42120387873669074,-0.10477649378545184,0.0,0.005921318215543536,0.2773246574922137,0.364990234375,-0.003756077265772974,-0.0418413063126007,-0.010339051585403257,0.0,0.00060458077395779,0.027106073669098396,0.364990234375,0.26522747980061,0.0,0.0,0.23294880937513363,0.3525643256440123,0.7505070737431749,0.282958984375,0.267802512112006,0.0,0.0,0.22914112620092453,0.3525643256440123,0.7847805408505073,0.29638671875,5.340576171875e-05,-0.0078125,0.0,0.0,0.0,0.01171875,0.615234375,-9.1552734375e-05,-0.0078125,0.0,0.0,0.0,0.00390625,0.75,0.0009918212890625,-0.0078125,0.0,0.0,0.00390625,0.0078125,0.5341796875,5.092335652530388,4.076299845643849,4.617407917899864,5.0798100782240585,5.508151290161694,6.326234695012338,0.0,5.109198069917065,4.0940194482962955,4.633669991256306,5.098828141210635,5.522811864746694,6.3514938326746435,0.0,-0.01686241738667662,-0.02862855712058763,-0.019927342632844347,-0.01652815012513731,-0.012074698896948455,-0.008460430875470916,0.0,-0.002554396790324938,-0.004074127788090667,-0.003017884168009379,-0.002499276296756877,-0.0019042658615066026,-0.0012799395513238573,0.0
separable_pl_d4,PL 4D,clustered,H,0.1,128,4,2,1024,8192,1024,1.0,8192,4587,3523,82,0.5599365234375,0.4300537109375,0.010009765625,0.026123046875,0.0001220703125,4587,0.5599365234375,0.5599365234375,214,1,0.011191788488514988,0.010324941885569316,0.010624206696463023,0.011270150948925917,0.011718216999952347,0.012032814538195423,0.0,0.0013986736596078037,0.0012710181339161454,0.0013256485844026623,0.0014003776013345513,0.0014625466028593914,0.0015242622702668104,0.0,0.011191788488514988,0.010324941885569316,0.010624206696463023,0.011270150948925917,0.011718216999952347,0.012032814538195423,0.0,0.0013986736596078037,0.0012710181339161454,0.0013256485844026623,0.0014003776013345513,0.0014625466028593914,0.0015242622702668104,0.0,0.14993347153144646,-0.0969927513589246,-0.019539369182034028,0.02294716359564397,0.31976157050906107,0.6139537201521488,0.010009765625,0.02177883044195781,-0.014263338860793616,-0.0029033682155422715,0.003330285569202854,0.04678188444418586,0.08977600504026845,0.010009765625,0.010955044912310407,-0.09057223598443542,-0.031015323090763047,0.010509656976283921,0.05349608757519775,0.10968477090326889,0.0,0.0013673550303280912,-0.011246110793802628,-0.0038409750639403716,0.0013030122255062266,0.006675857791553971,0.013698626736991138,0.0,2.7632386980691077,0.2838938640185136,0.6743428628359474,1.0187134673281242,5.740671671271473,6.0990927531304555,0.0101318359375,2.613305226537661,0.10365685166183525,0.5368542373033005,0.5502463356213942,5.765588202226716,6.120266423900018,0.0361328125,-0.015453338623046875,-0.078125,-0.046875,-0.015625,0.0126953125,0.05859375,0.0185546875,0.027278900146484375,-0.03125,0.00390625,0.02734375,0.05078125,0.0859375,0.033203125,0.027667999267578125,-0.03125,0.00390625,0.02734375,0.0546875,0.08984375,0.0205078125,3.461476752959587,3.099840787965419,3.3673876955721713,3.4796563940467324,3.609457433887763,3.724817291683572,0.0,3.445476752959587,3.083840787965419,3.3513876955721713,3.4636563940467324,3.593457433887763,3.7088172916835718,0.0,0.016000000000000014,0.016000000000000014,0.016000000000000014,0.016000000000000014,0.016000000000000014,0.016000000000000014,0.0,0.0032651911988625833,0.0031217971607243175,0.003174852452008059,0.0032170748227548125,0.003325152910235517,0.0035812870655073663,0.0
separable_pl_d4,PL 4D,clustered,R,0.1,128,4,2,1024,8192,0,0.0,0,7103,618,471,0.8670654296875,0.075439453125,0.0574951171875,0.0391845703125,0.00537109375,0,0.0,,0,0,-0.3162788239253578,-0.34731865522545013,-0.3253279320261937,-0.31777653555006147,-0.30712143771129696,-0.28557748705522745,0.0,-0.03950761188764174,-0.043228981990724204,-0.040156050158703584,-0.03977889257104593,-0.03863949211492223,-0.03591727187477902,0.0,-0.336949589188958,-0.3541205322584817,-0.34815348824342784,-0.34292002044051584,-0.3292592040809148,-0.2985545511572454,0.0,-0.042090207320467254,-0.04360220664846475,-0.04338874988252849,-0.04295015792025869,-0.04108761571086435,-0.037443182565100666,0.0,4.198089368257289,-0.12066009424210655,4.727559636256316,5.147212883586378,5.408651113631915,5.666195754078547,0.0574951171875,0.6140859767818407,-0.017991388140345427,0.6964787518504715,0.7623405293800217,0.7793633473338649,0.8301209946553777,0.0574951171875,-0.3159359269918234,-0.8127583438124312,-0.49951191753524005,-0.29209598595219877,-0.10282373189023986,0.11281676969401248,0.0,-0.039478480302752264,-0.10090331118995113,-0.06233875641380253,-0.03661934960960959,-0.012757867511328692,0.01397446163935359,0.0,4.7873166464320285,0.4912854571536996,5.433706808020343,5.75448800147213,5.954176179892516,6.176566050433581,0.0062255859375,0.5892272781747396,0.06551059423097971,0.48418759290560853,0.5483580926967901,0.7402728860864167,1.0937494122496334,0.0400390625,0.001194000244140625,-0.02734375,-0.01171875,0.0,0.01171875,0.03125,0.1123046875,0.039867401123046875,-0.01171875,0.01953125,0.0390625,0.05859375,0.08984375,0.0224609375,0.039363861083984375,-0.01171875,0.015625,0.0390625,0.05859375,0.09316406249999964,0.01953125,3.363153122087386,2.980317879448012,3.2814020243743873,3.418027177684059,3.4739270580935795,3.5525156863079923,0.0,3.5438003838317877,3.138982301146241,3.455343176981945,3.6011522977877775,3.661284396881782,3.74378426479766,0.0,-0.18064726174440154,-0.19860272339583326,-0.18606573044306174,-0.18195838327216318,-0.17548135866471348,-0.1623335165037486,0.0,-0.03678118652358705,-0.03931989581050054,-0.03662478377529707,-0.03632320444756215,-0.036027167512857665,-0.03549971401035614,0.0
separable_pl_d4,PL 4D,clustered,S,0.1,128,4,2,1024,8192,0,0.0,0,1067,962,6163,0.1302490234375,0.117431640625,0.7523193359375,0.0013427734375,0.001220703125,0,0.0,,0,0,-0.006890618517962396,-0.026965339492079375,-0.005870263953864141,-0.0005448488776771399,-0.00045081205447372596,-0.0003366440464731561,0.0,-0.0008607134550099251,-0.0033465710072429445,-0.0007276209473417097,-6.817297926508414e-05,-5.636347106577022e-05,-4.282270135481807e-05,0.0,-0.007468517284176898,-0.02927505685455776,-0.006332826893860721,-0.000561395873059034,-0.00046407659785430155,-0.0003615140401631578,0.0,-0.0009329120589245439,-0.003635305871499579,-0.0007849347500435896,-7.042785756038011e-05,-5.818859607022369e-05,-4.4850383621735357e-05,0.0,0.0442719540787477,-0.02290619332810957,0.0,0.0,0.0,0.03905486132950187,0.7523193359375,0.0066337887023056345,-0.003338852630127031,0.0,0.0,0.0,0.005804735171285151,0.7523193359375,-0.00473414569452925,-0.21504567496119265,0.0,0.0,0.0,0.20260977436236316,0.67529296875,-0.0005898959324370025,-0.026829952111603085,0.0,0.0,0.0,0.025318113202379398,0.67529296875,2.7104079393427583,0.19463648562269764,0.5433507793551478,0.8724147330457726,5.757251189240185,6.113291453381503,0.0230712890625,2.6661359852640105,0.1941287379173459,0.5431348579083588,0.8527705138055177,5.751476949369279,6.113403795387898,0.023193359375,0.000293731689453125,-0.00390625,0.0,0.0,0.0,0.0078125,0.7578125,0.000789642333984375,-0.01171875,0.0,0.0,0.0,0.015625,0.5908203125,0.000820159912109375,-0.0078125,0.0,0.0,0.0,0.015625,0.591796875,3.451633664181524,3.097388260921079,3.3580146612038213,3.4699194722574696,3.600901221040846,3.719383865213323,0.0,3.4553198417376496,3.098143109435999,3.3620500195693883,3.4728108269599978,3.6011695260671637,3.719582000475163,0.0,-0.003686177556124974,-0.015224711039807982,-0.0019877215764777523,-0.00036777176496549657,-0.0002297664990861259,2.3405228236072996e-05,0.0,-0.0007476432698094852,-0.0030163133933762613,-0.00046499755551835726,-7.307307993321678e-05,-4.598344441686909e-05,4.749472948166247e-06,0.0
separable_pl_d8,PL 8D,broad,H,0.1,128,4,2,1024,8192,1024,1.0,8192,3654,2566,1972,0.446044921875,0.313232421875,0.24072265625,0.018310546875,0.03173828125,3654,0.446044921875,0.446044921875,150,260,0.03328506021776863,0.030891981766326636,0.03229952984428319,0.03338928510633288,0.034128592595120466,0.03542706007502154,0.0,0.0016959983990425362,0.001435753640058084,0.0015786762095620303,0.001692920553873108,0.0018080482062524136,0.0019465770338364231,0.0,0.03328506021776863,0.030891981766326636,0.03229952984428319,0.03338928510633288,0.034128592595120466,0.03542706007502154,0.0,0.0016959983990425362,0.001435753640058084,0.0015786762095620303,0.001692920553873108,0.0018080482062524136,0.0019465770338364231,0.0,0.05457434072517135,-0.4161720157569186,-0.06045662328709955,0.0,0.2075725871034022,0.5405203648237547,0.24072265625,0.007174836382963033,-0.057829226260251256,-0.008402960190563738,0.0,0.02862975356408809,0.07235648525191712,0.24072265625,0.033614918541439984,-0.1131934647070807,-0.02630962369644152,0.03252713304028809,0.0946587753396324,0.18008941449770788,0.0,0.0017296455855053841,-0.005653351305969645,-0.0013523307307647411,0.001640823228965852,0.0048679311777203626,0.009215269085046303,0.0,0.661298105739411,0.0,0.0,0.48715009415626165,0.837420980306101,2.546895768110416,0.2724609375,0.6067237650142394,0.0,0.0,0.5028535921393171,0.587196386829115,2.5475757112216653,0.259033203125,-0.000213623046875,-0.00390625,0.0,0.0,0.0,0.0,0.890625,-1.1444091796875e-05,-0.00390625,0.0,0.0,0.0,0.00390625,0.85546875,-0.0028076171875,-0.01953125,-0.00390625,0.0,0.0,0.01171875,0.3125,10.494377346192035,9.067246399245514,9.827170944055013,10.379281474374627,11.073245336371656,12.13962550166287,0.0,10.462377346192037,9.035246399245514,9.795170944055013,10.347281474374627,11.041245336371656,12.10762550166287,0.0,0.03200000000000003,0.03200000000000003,0.03200000000000003,0.03200000000000003,0.03200000000000003,0.03200000000000003,0.0,0.0026222450089834204,0.0023115950823829065,0.0024871712841027446,0.002624301499801102,0.0027480434370735487,0.0029653039891258236,0.0
separable_pl_d8,PL 8D,broad,R,0.1,128,4,2,1024,8192,0,0.0,0,3854,2039,2299,0.470458984375,0.2489013671875,0.2806396484375,0.201416015625,0.154296875,0,0.0,,0,0,-0.5789354333744369,-0.6644323084759758,-0.6106290636545602,-0.5738592412508279,-0.5481466074187287,-0.49778533040727346,0.0,-0.029378447060277417,-0.03247833957603363,-0.03076499244928679,-0.029644357056307233,-0.028187086027824656,-0.025363081386770736,0.0,-0.5894151241752656,-0.6784189128044176,-0.6214080368963337,-0.5839626191817011,-0.5574904472100357,-0.5063784396519573,0.0,-0.02990947059383388,-0.033067794739509035,-0.03134391913361144,-0.03016911989462974,-0.02868971817191783,-0.025829726379637607,0.0,0.46144318884016855,-0.6187137992175131,0.0,0.0,0.5893480511948459,3.116049746011746,0.2806396484375,0.052580362497450746,-0.10359627185891207,0.0,0.0,0.08793848250269282,0.3654018058365931,0.2806396484375,-0.4881679893475829,-3.3272404617422358,-1.6688082056291123,-0.5245768159797795,0.6996690759826478,2.4391562844374493,0.0,-0.024877803135997266,-0.16728172823095233,-0.08425506610710701,-0.02672963784431972,0.03531686751064622,0.12424785778324121,0.0,0.8647325297969095,0.0,0.058822907223474274,0.5292368254219024,0.91944426677449,3.4574688324573715,0.2421875,0.40328934095674085,0.0,0.0,0.47605326383495417,0.5987622963960435,0.9576108364255392,0.289306640625,0.09023284912109375,0.0625,0.078125,0.08984375,0.1015625,0.1171875,0.0,0.011417388916015625,0.0,0.00390625,0.0078125,0.015625,0.03515625,0.2255859375,0.00839996337890625,-0.0234375,-0.0078125,0.0078125,0.0234375,0.04296875,0.0673828125,10.206778212307348,8.827747089265095,9.634298739812541,10.149734438298832,10.746070573685627,11.642854608683574,0.0,10.749976480076725,9.297264303877448,10.14948591302892,10.688275223032885,11.317714524722454,12.262931833500167,0.0,-0.5431982677693757,-0.620605451180934,-0.572024765587491,-0.5388385502861865,-0.5123598192370538,-0.47058209435548193,0.0,-0.044219792512812606,-0.04479496025151423,-0.04446035885690627,-0.044199300676614275,-0.04398431506165964,-0.04359219400066033,0.0
separable_pl_d8,PL 8D,broad,S,0.1,128,4,2,1024,8192,0,0.0,0,461,342,7389,0.0562744140625,0.041748046875,0.9019775390625,0.0140380859375,0.0093994140625,0,0.0,,0,0,-0.017010050972956083,-0.02671069948895397,-0.020387874453624555,-0.01616724286954785,-0.012785366693064404,-0.010226098584921675,0.0,-0.000865000262303237,-0.001370032224768742,-0.0010003053470991664,-0.0008136505132097511,-0.0006557319781413499,-0.0005294739809684106,0.0,-0.017446477692294918,-0.027239239293197846,-0.020967264072606184,-0.01655029328865698,-0.013115521973466215,-0.010583242453101604,0.0,-0.000887219945789561,-0.0014154357645644058,-0.0010195183939973231,-0.000833701628175709,-0.0006677702125225919,-0.0005412482732328717,0.0,0.009839882643755148,0.0,0.0,0.0,0.0,0.1840694039536207,0.9019775390625,0.001404641943882232,0.0,0.0,0.0,0.0,0.022740905394432295,0.9019775390625,-0.01649499986654561,-0.3908991696218074,0.0,0.0,0.0,0.29033562174220345,0.58349609375,-0.0008231786249924185,-0.01966306571206,0.0,0.0,0.0,0.014810473793457781,0.58349609375,0.6389308766987027,0.0,0.0,0.5027530919048502,0.6593735483868437,2.552758760296458,0.263427734375,0.6290909940549476,0.0,0.0,0.49717959280793433,0.646419238315521,2.5452360367101643,0.26806640625,0.00011444091796875,-0.00390625,0.0,0.0,0.0,0.00390625,0.72265625,0.000354766845703125,-0.00390625,0.0,0.0,0.0,0.0078125,0.7451171875,0.00086212158203125,-0.00390625,0.0,0.0,0.0,0.0078125,0.6513671875,10.473724825292468,9.054194571173197,9.800114617172483,10.36770729296343,11.056822109124251,12.131460348009115,0.0,10.483029867091606,9.063617106535382,9.818597332328055,10.374468964653488,11.06733976666093,12.139576484436606,0.0,-0.009305041799137995,-0.015080718534471326,-0.0111131614868345,-0.009091318822532557,-0.007001983679988832,-0.004895827638761487,0.0,-0.0007583376126913229,-0.0012131623801142236,-0.0008944773699207989,-0.0007419483589327263,-0.0005787015943667835,-0.0004073897959544904,0.0
separable_pl_d8,PL 8D,clustered,H,0.1,128,4,2,1024,8192,1024,1.0,8192,4091,3989,112,0.4993896484375,0.4869384765625,0.013671875,0.0283203125,0.0042724609375,4091,0.4993896484375,0.4993896484375,232,35,0.02157174468013493,0.01995859792834027,0.020485053536197118,0.021524624376734636,0.022684485328148707,0.023125387238621897,0.0,0.0014389462843463331,0.001315357785138881,0.0013660681348095897,0.0014448821851577858,0.0015143569967578721,0.0015610894430914952,0.0,0.02157174468013493,0.01995859792834027,0.020485053536197118,0.021524624376734636,0.022684485328148707,0.023125387238621897,0.0,0.0014389462843463331,0.001315357785138881,0.0013660681348095897,0.0014448821851577858,0.0015143569967578721,0.0015610894430914952,0.0,0.17929410143260538,-0.17146330074834717,-0.05447337344877923,0.0,0.3921971723795483,0.8696730253637828,0.013671875,0.013424742858964344,-0.01310367394458418,-0.004105000277861177,0.0,0.02964619358060069,0.06609408761962633,0.013671875,0.020131813373381637,-0.12875873921217523,-0.04040769341976036,0.018838950471540272,0.08232417178306184,0.16983586418643526,0.0,0.001343680339621115,-0.008560614474566958,-0.00269687197090759,0.0012564222774358415,0.005502309872830485,0.011276060379515956,0.0,5.481454974485398,0.3213803131098629,0.909645412106368,1.410215620430245,12.062012283004421,12.575040601931327,0.0179443359375,5.302160873052794,0.0779150858873443,0.7791265843243877,0.7967736976179438,12.116616076837813,12.614924772247376,0.0419921875,0.8888435363769531,0.8125,0.859375,0.8984375,0.953125,0.9765625,0.0068359375,0.17044448852539062,0.04296875,0.10546875,0.15625,0.234375,0.31582031249999964,0.0,0.026355743408203125,-0.04296875,0.00390625,0.02734375,0.0546875,0.08925781249999964,0.04296875,7.137668350558114,6.451449486346699,6.959764736812226,7.157908993888718,7.416253845926877,7.623490943701055,0.0,7.105668350558114,6.419449486346699,6.927764736812226,7.125908993888718,7.384253845926877,7.591490943701055,0.0,0.03200000000000003,0.03200000000000003,0.03200000000000003,0.03200000000000003,0.03200000000000003,0.03200000000000003,0.0,0.0036300853183028926,0.003489183833863513,0.0035340168333113406,0.0035831309924001737,0.0036849319740988457,0.0039554059158145635,0.0
separable_pl_d8,PL 8D,clustered,R,0.1,128,4,2,1024,8192,0,0.0,0,7145,533,514,0.8721923828125,0.0650634765625,0.062744140625,0.04443359375,0.0086669921875,0,0.0,,0,0,-0.6498580519091226,-0.71178515612931,-0.6640733826263405,-0.6507986738548208,-0.6338982598343339,-0.5871968372414825,0.0,-0.04333779667570278,-0.047402919010413824,-0.043875947973447904,-0.043322030589572576,-0.04225975528657892,-0.03934026570223743,0.0,-0.6749801178452821,-0.7033474230686441,-0.694445933125273,-0.6847808763875394,-0.662848636223468,-0.6133228184864539,0.0,-0.045013319315439365,-0.04649288866758994,-0.04628754270006652,-0.04574278743895832,-0.04471994261895511,-0.041727207189153896,0.0,9.142230877617683,-0.16559200753281722,10.572727188655463,11.280869668913947,11.63991959998513,12.046527724757258,0.062744140625,0.6900266536079583,-0.012407735524867725,0.8098069538141439,0.8572102596928898,0.8667852221978359,0.9065470459413553,0.062744140625,-0.6488174867793594,-1.5704142622734238,-0.9902138934918092,-0.597814192232871,-0.2579902601379862,0.1419703311736624,0.0,-0.04326182017037454,-0.10485102147207907,-0.0661016821335278,-0.03991358219437747,-0.017183878690757912,0.009553796722022672,0.0,9.96292336257794,0.6751063067224466,11.468362398428019,12.08907872627071,12.430002712879247,12.762090667766607,0.0120849609375,0.8206924849602544,0.0318088617799539,0.6623848928294187,0.791786235000238,1.000670323206208,1.5461018440946326,0.0478515625,0.048915863037109375,-0.01171875,0.00390625,0.03515625,0.09375,0.12109375,0.08203125,0.046031951904296875,0.00390625,0.03515625,0.046875,0.0625,0.08203125,0.00390625,0.036891937255859375,-0.01171875,0.01953125,0.0390625,0.0546875,0.08203125,0.0146484375,6.935306040382522,6.2690529186071045,6.807444797461745,7.0245882461299995,7.138259245989674,7.256622140636204,0.0,7.308030660733706,6.602968336203447,7.167076199378189,7.402361862932924,7.524366584414993,7.641869804991361,0.0,-0.37272462035118387,-0.408818159405736,-0.3814378053910641,-0.37327353785060513,-0.3633521876794066,-0.33681160045082326,0.0,-0.042209190516239906,-0.045025250360495206,-0.041963369620392495,-0.04151519630549709,-0.041377462350606936,-0.04093374743045268,0.0
separable_pl_d8,PL 8D,clustered,S,0.1,128,4,2,1024,8192,0,0.0,0,1051,890,6251,0.1282958984375,0.108642578125,0.7630615234375,0.0025634765625,0.00146484375,0,0.0,,0,0,-0.013786518007198297,-0.05597898301488167,-0.011983531580989304,-0.0003209041087304243,-0.00026194759794950784,-0.0002018522456644691,0.0,-0.0009193981642809909,-0.003728646598734534,-0.000786555809358415,-2.15844555056024e-05,-1.7343769996558342e-05,-1.3512283762023146e-05,0.0,-0.014617996085553756,-0.05938566261803606,-0.01268683161432671,-0.00033210631246127775,-0.0002676953631564061,-0.00020912230527336817,0.0,-0.0009748512687016463,-0.003954111511680951,-0.0008326621081260785,-2.210192786895746e-05,-1.7750010170997506e-05,-1.3933545059486203e-05,0.0,0.11542084898716379,-0.03320511292903614,0.0,0.0,0.0,0.055294242690985894,0.7630615234375,0.008661015097751468,-0.002523064281244102,0.0,0.0,0.0,0.004153571006400541,0.7630615234375,-0.023891080245156755,-0.4622862470317031,0.0,0.0,0.0,0.3889064670148187,0.72021484375,-0.0015939414577831438,-0.03088486863943992,0.0,0.0,0.0,0.025986809398308237,0.72021484375,5.449518348262679,0.21897853812756018,0.7872393497377743,1.2102860849251478,12.097580835803791,12.605066178947034,0.0294189453125,5.334097499275515,0.21147144158809184,0.7866930762567925,1.174185643926891,12.083472751282164,12.597099096988893,0.030517578125,0.000698089599609375,-0.00390625,0.0,0.0,0.0,0.0078125,0.8037109375,0.001811981201171875,-0.00390625,0.0,0.0,0.0,0.01953125,0.7138671875,0.001903533935546875,-0.00390625,0.0,0.0,0.0,0.01953125,0.7041015625,7.117958824870675,6.427679677554909,6.932552850388538,7.139135563107821,7.40166212805643,7.608736756111035,0.0,7.125377876245553,6.434072097249413,6.944872725581099,7.149643147561396,7.401787685709442,7.609010583292607,0.0,-0.00741905137487762,-0.03162763585745494,-0.004556854877936001,-0.00023322429946182055,-0.00015356014949885477,0.00010547233790427716,0.0,-0.0008376590431542019,-0.0035155866653902614,-0.0005863144479669478,-2.5885714335960846e-05,-1.7067168648013233e-05,1.2166754310671113e-05,0.0
rotated_anisotropic_pl_d4,Rotated PL 4D,broad,H,0.1,128,4,2,1024,8192,1024,1.0,8192,3838,2509,1845,0.468505859375,0.3062744140625,0.2252197265625,0.018798828125,0.0350341796875,3838,0.468505859375,0.468505859375,154,287,0.025517653420505798,0.02307611251566808,0.02447643047187098,0.025478558562487486,0.026529222211968406,0.027869396237298272,0.0,0.0017490998030390262,0.001415716620616472,0.0015951178208640537,0.0017301101053033819,0.0018880577431689047,0.0020926227184734957,0.0,0.025517653420505798,0.02307611251566808,0.02447643047187098,0.025478558562487486,0.026529222211968406,0.027869396237298272,0.0,0.0017490998030390262,0.001415716620616472,0.0015951178208640537,0.0017301101053033819,0.0018880577431689047,0.0020926227184734957,0.0,0.04501604581285715,-0.3331657603038325,-0.04311602001559878,0.0,0.1571250231726855,0.4491432796772079,0.2252197265625,0.011019105451290218,-0.09790799021007673,-0.012206568088471134,0.0,0.04702382682161437,0.11387952046938467,0.2252197265625,0.024864309040607324,-0.12876760657997338,-0.03841296531143179,0.026244078059606935,0.08409417452660506,0.184225892982667,0.0,0.0017231417269253377,-0.008543370551951479,-0.002624863034326043,0.001793242192896009,0.005872449561673206,0.012317540452354812,0.0,0.49736867731971074,0.0,0.0,0.366408682018339,0.6718551474063075,1.5275457775614663,0.26025390625,0.45235263150685356,0.0,0.03568253028267121,0.3777845207839803,0.5198480211534338,1.4979995269398652,0.2440185546875,5.7220458984375e-05,-0.00390625,0.0,0.0,0.0,0.00390625,0.76171875,-0.000118255615234375,-0.00390625,0.0,0.0,0.0,0.00390625,0.869140625,-0.00228118896484375,-0.015625,-0.0048828125,-0.00390625,0.0,0.015625,0.25,5.16959562035893,4.041815764997677,4.635620518224629,5.131947858351699,5.6414665572918254,6.4887290888861315,0.0,5.15359562035893,4.025815764997677,4.619620518224629,5.115947858351699,5.625466557291825,6.4727290888861315,0.0,0.016000000000000014,0.016000000000000014,0.016000000000000014,0.016000000000000014,0.016000000000000014,0.016000000000000014,0.0,0.002431568272243818,0.001988318148654227,0.002227489280086575,0.0023972857699562826,0.00260565435182299,0.0029160613441447515,0.0
rotated_anisotropic_pl_d4,Rotated PL 4D,broad,R,0.1,128,4,2,1024,8192,0,0.0,0,3523,2192,2477,0.4300537109375,0.267578125,0.3023681640625,0.1829833984375,0.146728515625,0,0.0,,0,0,-0.43619716314014256,-0.5450140869848976,-0.4773863311240487,-0.4336189114866862,-0.3977827435035515,-0.3463951205238887,0.0,-0.029581137788773724,-0.033376419299068635,-0.03134723108471119,-0.029628543456648015,-0.0277849053830733,-0.025344672874062207,0.0,-0.4475815719918993,-0.5610010835070334,-0.4894844578253732,-0.4453924732163106,-0.40917200770716056,-0.35569843236118714,0.0,-0.030352822448113506,-0.03431522315445273,-0.03227086893376814,-0.03035389015058302,-0.028553444421747162,-0.02592075296221475,0.0,0.2770732518903996,-0.5295600130467069,-0.04156841560886537,0.0,0.42956157936003825,2.1414351825638893,0.3023681640625,0.05643309521014622,-0.1585311454642537,-0.012425928722966745,0.0,0.12670516870861456,0.45297618906820347,0.3023681640625,-0.5030166839801472,-3.396077384798055,-1.5566464260139474,-0.47522521816350327,0.5447913450896209,2.294647115248749,0.0,-0.03417643886137203,-0.22460934616227804,-0.10663846629678353,-0.03303720276718142,0.03780310192522136,0.15418628422231354,0.0,0.613397280358482,0.0,0.06938416351845034,0.3953785959066286,0.6653514459987724,2.565539458548294,0.2340087890625,0.3363240284680823,0.0,0.0,0.35008012315272996,0.5199931635182827,0.8278411751609923,0.270263671875,0.08642196655273438,0.05859375,0.0703125,0.0859375,0.1015625,0.11328125,0.0,0.009654998779296875,0.0,0.0,0.0078125,0.015625,0.03125,0.275390625,0.00597381591796875,-0.0234375,-0.00390625,0.00390625,0.015625,0.0390625,0.09765625,5.026997272949372,3.944058854129032,4.5485586959201445,5.0220536310965915,5.50452052058377,6.285889540868558,0.0,5.296193967768488,4.156561406191593,4.7916298345989725,5.290577751009252,5.798207870384831,6.622897072307474,0.0,-0.26919669481911623,-0.3370263608008379,-0.29419346666261026,-0.2699519430314221,-0.24307715129247143,-0.21188334053477004,0.0,-0.0403009299766446,-0.04188222685969957,-0.04097485021598479,-0.04037692642291703,-0.0396564140694662,-0.03860215840198863,0.0
rotated_anisotropic_pl_d4,Rotated PL 4D,broad,S,0.1,128,4,2,1024,8192,0,0.0,0,556,380,7256,0.06787109375,0.04638671875,0.8857421875,0.020263671875,0.0103759765625,0,0.0,,0,0,-0.035833852428813054,-0.05823111856071543,-0.0426977834968012,-0.033275459761143544,-0.027581607475050784,-0.01873694355064671,0.0,-0.0024373879295908904,-0.003934412944566099,-0.002828978008673332,-0.002309149446933544,-0.0018295416591829533,-0.0013651696468923622,0.0,-0.03717726939914037,-0.0603504755245865,-0.04413331764799722,-0.03472226185880345,-0.02857860003711421,-0.019454833084415313,0.0,-0.002528896115394027,-0.004132095097348521,-0.0029339664374752887,-0.0023977984709664412,-0.0018835662701082096,-0.0014097034607528861,0.0,0.021811215996819747,0.0,0.0,0.0,0.0,0.33320738378320414,0.8857421875,0.005528827466175121,0.0,0.0,0.0,0.0,0.09562047133279557,0.8857421875,-0.04675762721586546,-0.5558384488817332,-0.11268342959286226,0.0,0.0,0.34379274917823754,0.41064453125,-0.0031160055468868538,-0.03789048986890806,-0.007471916933336706,0.0,0.0,0.023056763004089285,0.41064453125,0.48576626241169196,0.0,0.01760788158478896,0.3759106972805021,0.5629506685682015,1.6190050366670317,0.2471923828125,0.46395504641487223,0.0,0.0,0.3697964560739758,0.5556867437190064,1.4388041841327692,0.257080078125,0.000286102294921875,-0.0078125,0.0,0.0,0.0,0.01171875,0.6259765625,0.000164031982421875,-0.00390625,0.0,0.0,0.0,0.0078125,0.7119140625,0.00119781494140625,-0.00390625,0.0,0.0,0.00390625,0.0078125,0.541015625,5.155385340028078,4.029944965136628,4.620333055185484,5.116349434284571,5.626785061860421,6.4721165726260494,0.0,5.167805900689783,4.040916407389528,4.631345854955986,5.127021024726048,5.639800782476728,6.487020086213136,0.0,-0.012420560661705667,-0.020793823676293455,-0.014626987948049619,-0.012069181453709277,-0.00939682418500487,-0.0057955956372313195,0.0,-0.001857167910366222,-0.0030066839430320266,-0.0022321122642748824,-0.0018164319923842337,-0.0014128163380585945,-0.000969779780516598,0.0
rotated_anisotropic_pl_d4,Rotated PL 4D,clustered,H,0.1,128,4,2,1024,8192,1024,1.0,8192,4481,3659,52,0.5469970703125,0.4466552734375,0.00634765625,0.021240234375,0.002685546875,4481,0.5469970703125,0.5469970703125,174,22,0.023792422954495653,0.022605727313825062,0.023178699733539698,0.023842102482285465,0.024447291240801583,0.024915785335435547,0.0,0.0024448038207067315,0.0022801323062494987,0.0023738605243766404,0.00244311085616102,0.002520871937118872,0.0026007512499606374,0.0,0.023792422954495653,0.022605727313825062,0.023178699733539698,0.023842102482285465,0.024447291240801583,0.024915785335435547,0.0,0.0024448038207067315,0.0022801323062494987,0.0023738605243766404,0.00244311085616102,0.002520871937118872,0.0026007512499606374,0.0,0.19683338908694936,-0.1221405903488039,-0.02895685728108255,0.040690460138598006,0.40931102192925817,0.8065691859600683,0.00634765625,0.023839012300951402,-0.015037215934980702,-0.0035296937157400098,0.004877666271084187,0.04990366917652987,0.0978205820843922,0.00634765625,0.023855746629360595,-0.1204906533932455,-0.03517740775448175,0.02476453326304373,0.08456952516645,0.166182557972391,0.0,0.002453341748660723,-0.012397151339875923,-0.003595324648774297,0.002522465568533062,0.00873133915394081,0.017070018218227498,0.0,3.4565357783995663,0.4104572699303014,0.9115130443799639,1.3323577837476024,7.021309118393286,7.564316250656239,0.009033203125,3.2597023893126167,0.20323766193317283,0.6943193824445943,0.7399627021893842,7.0539309401888035,7.5979617092830045,0.027587890625,-0.01416015625,-0.0703125,-0.0390625,-0.015625,0.01171875,0.054101562499999645,0.0322265625,0.024028778076171875,-0.04296875,-0.00390625,0.01953125,0.05078125,0.08984375,0.0546875,0.025035858154296875,-0.04296875,0.0,0.0234375,0.05078125,0.08984375,0.046875,3.5108166267427547,3.2006277704036488,3.415181924542532,3.527977285905635,3.6393594069371735,3.752030647631779,0.0,3.4948166267427547,3.1846277704036487,3.399181924542532,3.511977285905635,3.6233594069371735,3.736030647631779,0.0,0.016000000000000014,0.016000000000000014,0.016000000000000014,0.016000000000000014,0.016000000000000014,0.016000000000000014,0.0,0.003255046245667255,0.00313574886046196,0.0031816391630469423,0.003227785015166332,0.003298217598523781,0.0034727852926933677,0.0
rotated_anisotropic_pl_d4,Rotated PL 4D,clustered,R,0.1,128,4,2,1024,8192,0,0.0,0,7188,569,435,0.87744140625,0.0694580078125,0.0531005859375,0.027099609375,0.007080078125,0,0.0,,0,0,-0.39377125200995056,-0.4309436567782805,-0.4054184529107596,-0.39403991491116575,-0.38284909792403865,-0.3562301892908264,0.0,-0.040437911996144514,-0.04407492552786158,-0.04094185157537063,-0.04048102018257911,-0.039527038357978675,-0.03676454121503903,0.0,-0.42251488492103084,-0.443643314750064,-0.4344879997491429,-0.42614366824912064,-0.41563935560667153,-0.388488286769304,0.0,-0.04339029415898594,-0.044721771021885535,-0.04452431435679665,-0.04398121144077012,-0.043042095310729014,-0.040027825807711845,0.0,5.1370552561660885,-0.15194374469409677,5.694055858143929,6.238340457890635,6.6156661932486385,6.94555018773376,0.0531005859375,0.6282597067190994,-0.018026591748089543,0.7059447839236357,0.7768712915466873,0.7941400742199903,0.8443266085082787,0.0531005859375,-0.4076409758214115,-1.042102568026126,-0.6480494115856503,-0.375224297547625,-0.14929983282591852,0.16419147841333892,0.0,-0.04187250840538541,-0.10691197301545911,-0.06617726193510927,-0.038504272181533294,-0.015320576643007117,0.01704006716510907,0.0,5.926646711939136,0.6467967786708669,6.559437903961933,7.034722803949212,7.37259386339586,7.655980407419343,0.00830078125,0.7895914557730475,0.1646010321944935,0.6666388854814116,0.7345581090642819,0.9742596400752712,1.4105871748561862,0.0283203125,0.00252532958984375,-0.02734375,-0.01171875,0.0,0.015625,0.03515625,0.080078125,0.038547515869140625,-0.01171875,0.015625,0.0390625,0.05859375,0.0859375,0.0302734375,0.038555145263671875,-0.01171875,0.015625,0.0390625,0.05859375,0.08925781249999964,0.021484375,3.4111255822425433,3.13206222984834,3.353942303947875,3.4413059808569866,3.5115089969025703,3.5763897003489844,0.0,3.594507671242966,3.2984861938986043,3.5329061692142503,3.6264355469384144,3.6974927195139085,3.7660432971214304,0.0,-0.1833820890004233,-0.2007818460410396,-0.18811505925077388,-0.18391763067037536,-0.17851618897708688,-0.1671601598524641,0.0,-0.03723585561225179,-0.039787296776500065,-0.03717893718574839,-0.03672310240848165,-0.03649767890718407,-0.036049399847026695,0.0
rotated_anisotropic_pl_d4,Rotated PL 4D,clustered,S,0.1,128,4,2,1024,8192,0,0.0,0,1070,930,6192,0.130615234375,0.113525390625,0.755859375,0.001220703125,0.000732421875,0,0.0,,0,0,-0.00861879021630081,-0.03361139582288568,-0.007555115545311075,-0.0007120307842765072,-0.00055454936015642,-0.0004127044039231367,0.0,-0.0008851270195126316,-0.0034300545496697156,-0.0007871041475725081,-7.3168368059547e-05,-5.65817244324529e-05,-4.231996157186902e-05,0.0,-0.009420176048400066,-0.036795834876414,-0.008256910537218332,-0.0007644935864412616,-0.0005815300113045652,-0.0004353541696229257,0.0,-0.000967438207567805,-0.0037564708974465056,-0.000858757654718598,-7.829647809625043e-05,-5.966451726231717e-05,-4.4892687147348716e-05,0.0,0.03667331363129839,-0.025185501868302172,0.0,0.0,0.0,0.03573770342176723,0.755859375,0.004438828920680438,-0.0030805891947995145,0.0,0.0,0.0,0.004485887580043443,0.755859375,-0.009755937761312342,-0.28585683153848246,0.0,0.0,0.0,0.24723221693491998,0.6806640625,-0.0009970687942260589,-0.029433767923201022,0.0,0.0,0.0,0.025290795521852705,0.6806640625,3.376455740671741,0.3077936450918939,0.7137953621521023,1.1570611869911351,7.043660727983174,7.583963333554193,0.01806640625,3.3397824270404426,0.30391373088521334,0.713731861763466,1.1427685100618814,7.028228015337461,7.578999098096562,0.0185546875,0.00012969970703125,-0.00390625,0.0,0.0,0.0,0.0078125,0.771484375,0.001361846923828125,-0.01171875,0.0,0.0,0.0,0.01953125,0.6103515625,0.001323699951171875,-0.011132812499999978,0.0,0.0,0.0,0.01953125,0.609375,3.5009307832150247,3.1849204805967593,3.4044768190636168,3.516017200995742,3.630637091338552,3.7470124253918544,0.0,3.5047024702704848,3.1875200164548176,3.41005679887163,3.5193405110066833,3.6310477879286,3.747458933382292,0.0,-0.003771687055460028,-0.015479321227964582,-0.0025300634030688274,-0.00033967068242723997,-0.00019936621588634296,9.276946692104926e-06,0.0,-0.0007635354711434494,-0.003070535884127069,-0.0005785910574652577,-6.812065106450177e-05,-4.0032920051085406e-05,2.1734530435108295e-06,0.0
rotated_anisotropic_pl_d8,Rotated PL 8D,broad,H,0.1,128,4,2,1024,8192,1024,1.0,8192,3561,2530,2101,0.4346923828125,0.308837890625,0.2564697265625,0.0184326171875,0.033203125,3561,0.4346923828125,0.4346923828125,151,272,0.050270800992262554,0.046484361500620075,0.04900522658247297,0.050201526417945175,0.051566104041278926,0.05377366650194748,0.0,0.0017157278121483115,0.001459366575657598,0.0015974946454391046,0.001705394971739218,0.0018273487080865342,0.001995995953372483,0.0,0.050270800992262554,0.046484361500620075,0.04900522658247297,0.050201526417945175,0.051566104041278926,0.05377366650194748,0.0,0.0017157278121483115,0.001459366575657598,0.0015974946454391046,0.001705394971739218,0.0018273487080865342,0.001995995953372483,0.0,0.06445235140330985,-0.6550108376063477,-0.12137849500361608,0.0,0.30012965306359085,0.8050520704764423,0.2564697265625,0.005910067939364773,-0.06703640572756647,-0.01172728642889996,0.0,0.028159821220111896,0.07814992708052568,0.2564697265625,0.04959317584863533,-0.18151173376120155,-0.04529664950525358,0.05493645265931946,0.14299313127935687,0.2725000944216944,0.0,0.0016909534581616302,-0.006196303966044317,-0.0015321011126268875,0.0018865248148433658,0.004904646429887782,0.0092815879632744,0.0,0.9347627577742981,0.0,0.0,0.6897453900421775,1.2627743181181943,3.2598190836780434,0.2896728515625,0.8703104063709882,0.0,0.0,0.774355296090973,0.8842434568318236,3.319872628981781,0.27490234375,-6.4849853515625e-05,-0.00390625,0.0,0.0,0.0,0.00390625,0.8408203125,4.9591064453125e-05,-0.00390625,0.0,0.0,0.0,0.00390625,0.8388671875,-0.0018463134765625,-0.015625,-0.00390625,0.0,0.0,0.01171875,0.3125,10.480797305429208,8.730573092273033,9.687736176060625,10.434230003815388,11.188686897452028,12.456015752351444,0.0,10.448797305429208,8.698573092273033,9.655736176060625,10.402230003815388,11.156686897452028,12.424015752351444,0.0,0.03200000000000003,0.03200000000000003,0.03200000000000003,0.03200000000000003,0.03200000000000003,0.03200000000000003,0.0,0.0026358168352773924,0.002252762302209318,0.0024688196553639616,0.0026129538287948837,0.0028015464349160323,0.0030588053287428922,0.0
rotated_anisotropic_pl_d8,Rotated PL 8D,broad,R,0.1,128,4,2,1024,8192,0,0.0,0,3873,2023,2296,0.4727783203125,0.2469482421875,0.2802734375,0.2213134765625,0.152587890625,0,0.0,,0,0,-0.8744507372932795,-1.0444514303518835,-0.9273670471183024,-0.8726609904940279,-0.8025924419861132,-0.7448477185218615,0.0,-0.029655530173602812,-0.033133674647917145,-0.031180173304980553,-0.029395399682713118,-0.028321624593618453,-0.026453682200158,0.0,-0.8910431338517468,-1.0661859861389686,-0.9447855551667317,-0.8903565761484593,-0.8177977726901702,-0.758094098256489,0.0,-0.030217223297111122,-0.033717555060427166,-0.031740759047585825,-0.029948442148409072,-0.028869620772461517,-0.02707720267253455,0.0,0.6275665240785715,-0.9390817156329536,0.0,0.0,0.8784836948104151,3.9851162461803202,0.2802734375,0.05018455961035703,-0.10941214521639296,0.0,0.0,0.09381455638842516,0.3322067435167405,0.2802734375,-0.9794292751277003,-5.493014144567859,-2.796578246106427,-1.0255104991045467,0.7369471818176683,3.6945477348445976,0.0,-0.03314687675103903,-0.1854837887564361,-0.09518983681645457,-0.034874338646732894,0.025317662243543232,0.12466056148864292,0.0,1.2163198441119287,0.0,0.00929907258896634,0.7994918285643031,1.3291866282558988,4.660331967817556,0.2479248046875,0.5887533200333575,0.0,0.0,0.7111799109422767,0.8873556092394139,1.4654424497535823,0.316650390625,0.09286880493164062,0.0625,0.078125,0.09375,0.10546875,0.12109375,0.0,0.010837554931640625,0.0,0.00390625,0.0078125,0.015625,0.03125,0.220703125,0.00974273681640625,-0.0234375,-0.00390625,0.01171875,0.0234375,0.0390625,0.0712890625,10.193572334371524,8.53733738745676,9.440402307170611,10.193189489898565,10.87169939888002,12.019815533912052,0.0,10.736022276486892,8.992108794219527,9.942892350258875,10.736412987929905,11.449988970683087,12.659304359166176,0.0,-0.5424499421153681,-0.6395013996743046,-0.5785294939296906,-0.542484138364312,-0.502049493695127,-0.45468449545057865,0.0,-0.044256359140648835,-0.04499573835729662,-0.0445634179777938,-0.04430766368800232,-0.04394735438643539,-0.0434623938346176,0.0
rotated_anisotropic_pl_d8,Rotated PL 8D,broad,S,0.1,128,4,2,1024,8192,0,0.0,0,320,317,7555,0.0390625,0.0386962890625,0.9222412109375,0.0096435546875,0.0107421875,0,0.0,,0,0,-0.018487758861167197,-0.027152364642257964,-0.021606451314786668,-0.017958692702402246,-0.015033990238287664,-0.010214635460224927,0.0,-0.0006297270852441885,-0.0009597794245022154,-0.0007295614428797207,-0.0006171301438615225,-0.0005103805202627055,-0.00034816767719304006,0.0,-0.0189938972553072,-0.028401035098204193,-0.022079249670908574,-0.01842975005734715,-0.015406959166087475,-0.010530296796824426,0.0,-0.0006469661893229056,-0.0009816254954246612,-0.0007484983050954697,-0.0006343325760902467,-0.0005225775629242995,-0.00035429771269217345,0.0,-0.008955861495510963,0.0,0.0,0.0,0.0,0.0,0.9222412109375,-0.00039871880642983876,0.0,0.0,0.0,0.0,0.0,0.9222412109375,-0.017112550216720285,-0.5246677677936032,0.0,0.0,0.0,0.41261325863549814,0.6396484375,-0.0005862051595308894,-0.018214192529215224,0.0,0.0,0.0,0.013988906224187914,0.6396484375,0.8980586513248876,0.0,0.0,0.7604961897367961,0.9977258415977985,3.206532266309681,0.2828369140625,0.9070145128203986,0.0,0.0,0.7594737372686788,0.9977258415977985,3.3691546272318904,0.28173828125,9.5367431640625e-05,-0.00390625,0.0,0.0,0.0,0.0078125,0.7490234375,-4.1961669921875e-05,-0.00390625,0.0,0.0,0.0,0.00390625,0.7783203125,0.00017547607421875,-0.00390625,0.0,0.0,0.0,0.00390625,0.7099609375,10.461638064873444,8.69978530557226,9.662715402789605,10.4118606097682,11.171195066378813,12.437383620933845,0.0,10.467956545984972,8.704637688335815,9.666633334339075,10.416722481164177,11.17581009884767,12.44436832587353,0.0,-0.006318481111528589,-0.010206921917346979,-0.007612041730879149,-0.005960157278659395,-0.004922584458838752,-0.0032597629119588433,0.0,-0.0005158206268195034,-0.0008472476831018783,-0.0005994548979091883,-0.0005062426635851369,-0.00041346970389858587,-0.0002511747195497658,0.0
rotated_anisotropic_pl_d8,Rotated PL 8D,clustered,H,0.1,128,4,2,1024,8192,1024,1.0,8192,3987,4092,113,0.4866943359375,0.49951171875,0.0137939453125,0.02587890625,0.0047607421875,3987,0.4866943359375,0.4866943359375,212,39,0.0526429057374868,0.05098677356389576,0.051482021107094766,0.052540050402505756,0.053795199375656466,0.05436980751776588,0.0,0.0025909502106853484,0.002485070503797541,0.0025365004936500897,0.0025898799011579154,0.002648310826228151,0.0026974823872020254,0.0,0.0526429057374868,0.05098677356389576,0.051482021107094766,0.052540050402505756,0.053795199375656466,0.05436980751776588,0.0,0.0025909502106853484,0.002485070503797541,0.0025365004936500897,0.0025898799011579154,0.002648310826228151,0.0026974823872020254,0.0,0.20728054008442137,-0.2624735348539971,-0.08393195546398857,0.0,0.4748369751477952,1.0436280316143751,0.0137939453125,0.011313385275476914,-0.014429138047445533,-0.004594786257157177,0.0,0.026280126609749384,0.05703647312404114,0.0137939453125,0.04907327840282049,-0.13048847448435552,-0.02511163895407975,0.0511793967055052,0.12378716840270831,0.22736911134363424,0.0,0.002415481918476448,-0.006477771184470939,-0.0012418536497646264,0.002529637900160016,0.006061860885207079,0.011149549188152136,0.0,7.714844146079904,0.38372202648939435,1.1330805619070539,1.7728237897375454,17.02881331367071,17.543375211507897,0.0185546875,7.5075636059954824,0.10748630342853716,0.9715426419177433,1.0061129204297892,17.117220567521375,17.61104981996721,0.0396728515625,0.8978919982910156,0.82421875,0.84765625,0.890625,0.94921875,0.9765625,0.0,0.17626571655273438,0.0546875,0.11328125,0.171875,0.234375,0.3203125,0.0,0.025638580322265625,-0.04296875,0.0078125,0.03125,0.05078125,0.0859375,0.0390625,7.176209596406373,6.494575301320581,7.003245118256436,7.191470653533084,7.449819277584501,7.597392715129776,0.0,7.144209596406373,6.462575301320581,6.971245118256436,7.159470653533084,7.417819277584501,7.565392715129776,0.0,0.03200000000000003,0.03200000000000003,0.03200000000000003,0.03200000000000003,0.03200000000000003,0.03200000000000003,0.0,0.003616040013474378,0.0034860763709345407,0.003529947699033591,0.0035727050469038318,0.003652401130678105,0.003899308544579944,0.0
rotated_anisotropic_pl_d8,Rotated PL 8D,clustered,R,0.1,128,4,2,1024,8192,0,0.0,0,7222,523,447,0.881591796875,0.0638427734375,0.0545654296875,0.0384521484375,0.0087890625,0,0.0,,0,0,-0.907426037015163,-0.9885101216445195,-0.923982656069926,-0.9068458847060263,-0.8845857290412589,-0.8240701904326772,0.0,-0.04465537735482127,-0.04858009389809295,-0.04505981722270421,-0.04473798739376742,-0.04350738762192929,-0.04059645603304564,0.0,-0.9361368621289925,-0.971423657543923,-0.9593371177833632,-0.9463059200260826,-0.9240650978290299,-0.8632020815030792,0.0,-0.046068423639299104,-0.047399788396257796,-0.04719869624722237,-0.046654122166781276,-0.045648978161357885,-0.04269363940570879,0.0,13.206675351214894,-0.1765903546490133,15.261605950867928,16.019056839782955,16.445369043378847,16.897078530560734,0.0545654296875,0.7254698860431048,-0.009561051437448289,0.8433410889056624,0.8851101334024774,0.892527577513594,0.933630987734303,0.0545654296875,-0.9396559731612364,-2.300049984932258,-1.3895790309817144,-0.8728708189023742,-0.40888042737031327,0.17220298942165613,0.0,-0.04624211071096038,-0.1137127984697019,-0.06845225148860537,-0.043049819770623624,-0.02021488019700839,0.008454959318524817,0.0,14.21454155164514,0.8376721426338349,16.487732604548295,17.075802511789554,17.389104351845553,17.68125195341058,0.0142822265625,1.0078662004302474,0.04499254638903949,0.7920235120653469,0.993832575401397,1.2494925578374425,1.9377034901719092,0.0439453125,0.050762176513671875,-0.015625,0.00390625,0.056640625,0.09375,0.12109375,0.05078125,0.045886993408203125,-0.011132812499999978,0.03125,0.05078125,0.0625,0.08203125,0.009765625,0.036212921142578125,-0.015625,0.015625,0.03515625,0.05859375,0.0859375,0.021484375,6.972816152853335,6.389667272638559,6.8823509022899545,7.0481708434352095,7.152546226676511,7.254224301078181,0.0,7.347603039959411,6.729129350696657,7.2476385737072775,7.435247541419389,7.535323307480379,7.64971512213088,0.0,-0.37478688710607566,-0.40871710087367735,-0.3828194408899446,-0.3745348219161069,-0.36531687804687674,-0.3405452602171257,0.0,-0.04229386135757648,-0.04502933759371943,-0.04219600566970279,-0.041587934942638724,-0.04147891125969569,-0.04108145329597919,0.0
rotated_anisotropic_pl_d8,Rotated PL 8D,clustered,S,0.1,128,4,2,1024,8192,0,0.0,0,1015,935,6242,0.1239013671875,0.1141357421875,0.761962890625,0.00146484375,0.0015869140625,0,0.0,,0,0,-0.018696436211348807,-0.07606585603652345,-0.016242074240737203,-0.0002668147926261355,-0.0002170467226250139,-0.00016279165914046006,0.0,-0.0009200595337255218,-0.003741562557485557,-0.0008095471520011838,-1.3189660163873629e-05,-1.067184342397152e-05,-8.03932506964148e-06,0.0,-0.019684958079014617,-0.0800969404518785,-0.017111615998803842,-0.00027644080786259906,-0.00022187151258634685,-0.000168385874875554,0.0,-0.0009687084177615159,-0.003942178543456621,-0.0008528871951154523,-1.3629729580185402e-05,-1.0880400969712126e-05,-8.207146460277077e-06,0.0,0.035484976010977345,-0.056481303043118734,0.0,0.0,0.0,0.05719656258193238,0.761962890625,0.0019517146814082645,-0.003101805862342708,0.0,0.0,0.0,0.0031546364475250545,0.761962890625,-0.008876949975375515,-0.5961906221973635,0.0,0.0,0.0,0.5787863064467983,0.7333984375,-0.00043674695056231664,-0.02931537850388433,0.0,0.0,0.0,0.028434684359063624,0.7333984375,7.628946364043182,0.20785289564803477,0.9850334981690985,1.5089148481398134,17.07564489425116,17.58303198230839,0.0291748046875,7.593461388032205,0.20899220310634326,0.9848498371940488,1.4908641853359565,17.074880730350507,17.57528460826278,0.029052734375,0.000347137451171875,-0.00390625,0.0,0.0,0.0,0.0078125,0.8017578125,0.000308990478515625,-0.0078125,0.0,0.0,0.0,0.015625,0.734375,0.000278472900390625,-0.01171875,0.0,0.0,0.0,0.015625,0.7314453125,7.156556198209488,6.484799092210835,6.980733687074106,7.1629517565664464,7.434150566985458,7.594125202274624,0.0,7.163862994603258,6.485858662270303,6.999134819477872,7.179741139449229,7.434301973415938,7.594258499718639,0.0,-0.007306796393771483,-0.03110513235564789,-0.005156148686504158,-0.00014681722489573446,-8.142689820056503e-05,6.209915102886014e-05,0.0,-0.0008227157869351929,-0.0034371566168614285,-0.0006492570594351727,-1.6415320117548732e-05,-9.121108392117047e-06,6.941942161395392e-06,0.0
quartic_d4,Quartic 4D,broad,H,0.1,128,4,2,1024,8192,1024,1.0,8192,3665,2803,1724,0.4473876953125,0.3421630859375,0.21044921875,0.0274658203125,0.0465087890625,3665,0.4473876953125,0.4473876953125,225,381,0.1259524162290837,0.09400231393256941,0.11182129193498014,0.12598352706594085,0.14124941496413612,0.1591788691138548,0.0,0.004878704486307806,0.0034875775094712434,0.004342531096592262,0.004774483511285677,0.005370833561831311,0.006542267918044575,0.0,0.1259524162290837,0.09400231393256941,0.11182129193498014,0.12598352706594085,0.14124941496413612,0.1591788691138548,0.0,0.004878704486307806,0.0034875775094712434,0.004342531096592262,0.004774483511285677,0.005370833561831311,0.006542267918044575,0.0,0.015197001360522,-0.18251752413200717,-0.038070025340645075,0.0,0.07582072987320287,0.2239970299822056,0.21044921875,0.006446250040903866,-0.10327744812806477,-0.020038265047655292,0.0,0.0391699010275108,0.10909761072852771,0.21044921875,0.13355144466796634,-0.8412415842831678,-0.22751116515898673,0.1175628707365668,0.4756837280981099,1.1804484569606346,0.0,0.005242954884259238,-0.030244938086928293,-0.008907973383939432,0.004827147832059298,0.018731603980176353,0.04388521679721527,0.0,0.206939532853659,0.0,0.0,0.17699339235281686,0.3189215810351933,0.6000633885946752,0.2569580078125,0.19174253149313697,0.0,0.03685095746247722,0.18463704686634203,0.2691995969320349,0.4626990578094755,0.2379150390625,3.0517578125e-05,-0.00390625,0.0,0.0,0.0,0.00390625,0.708984375,-9.918212890625e-05,-0.00390625,0.0,0.0,0.0,0.00390625,0.8525390625,-0.004974365234375,-0.02734375,-0.01171875,-0.00390625,0.0,0.01171875,0.1962890625,5.076793355604425,4.162222386215942,4.611349306104146,5.006029500929214,5.522709534038899,6.196017124907532,0.0,5.060793355604425,4.146222386215942,4.595349306104146,4.990029500929214,5.506709534038899,6.180017124907532,0.0,0.016000000000000014,0.016000000000000014,0.016000000000000014,0.016000000000000014,0.016000000000000014,0.016000000000000014,0.0,0.0024918347341578804,0.0020994119946181862,0.002297840719114665,0.002497236741015902,0.0026578653801959864,0.002870489947432747,0.0
quartic_d4,Quartic 4D,broad,R,0.1,128,4,2,1024,8192,0,0.0,0,2935,2525,2732,0.3582763671875,0.3082275390625,0.33349609375,0.1591796875,0.158935546875,0,0.0,,0,0,-1.5416848732479371,-2.5732588511895593,-1.8266412215935555,-1.4711704955997682,-1.192622415529243,-0.7008810444309614,0.0,-0.055952147256244256,-0.06158218490232849,-0.05818170013677355,-0.0561185826035898,-0.05432523346748429,-0.04918102181170221,0.0,-1.7516537895624746,-2.8871824756300124,-2.057293374534865,-1.673209785314441,-1.3748703831965194,-0.8404001836792256,0.0,-0.06385975625273665,-0.06954667147012181,-0.06590173924854356,-0.06406913599488044,-0.06231277898860881,-0.05688071926251463,0.0,0.02411552973335027,-0.33095474961422117,-0.06591163119158638,0.0,0.11993117472059822,0.42336467182330095,0.33349609375,0.01042395439316384,-0.17120635702340894,-0.036038403944745785,0.0,0.06089528123283245,0.20525326374627192,0.33349609375,-1.6033050314068498,-17.328138592660206,-6.473776443486766,-1.380737920117495,3.2882925967147916,14.270429913948968,0.0,-0.0547657614931629,-0.5626683461897383,-0.251712815342024,-0.06128436156796058,0.126453275557455,0.5012374824470577,0.0,0.21139879704007314,0.0,0.007241857107740307,0.1858952824207163,0.2971663354149807,0.6008067534754784,0.247314453125,0.18728326730672284,0.0,0.0020116573977349284,0.1768130124415066,0.28211823622784415,0.4695705309977463,0.24755859375,0.08443450927734375,0.0546875,0.0703125,0.0859375,0.09765625,0.11328125,0.0,0.00579833984375,0.0,0.0,0.00390625,0.0078125,0.01953125,0.35546875,0.00269317626953125,-0.0234375,-0.0078125,0.00390625,0.015625,0.03515625,0.0966796875,4.938708264224168,4.098490077364311,4.513080427067367,4.860173073730541,5.3505390058693045,5.954337324884745,0.0,5.198878446984683,4.310386761921733,4.751435892821823,5.116304583609273,5.633256885542568,6.269103083344039,0.0,-0.260170182760515,-0.3146383731854034,-0.28318429838903514,-0.25579571257652756,-0.2376145797081728,-0.21555330317981802,0.0,-0.04000246768469766,-0.0414404424666901,-0.04064294003556424,-0.04001509073003456,-0.03945856767656281,-0.038277811963069626,0.0
quartic_d4,Quartic 4D,broad,S,0.1,128,4,2,1024,8192,0,0.0,0,484,344,7364,0.05908203125,0.0419921875,0.89892578125,0.0220947265625,0.0145263671875,0,0.0,,0,0,-0.26737687658752984,-0.4316972102948455,-0.31305784583927565,-0.2582252647666312,-0.2077648597233992,-0.1368878299940522,0.0,-0.009884191807411194,-0.012850180598252799,-0.01083879609567974,-0.009784991008031199,-0.00878975124203064,-0.007513663042639358,0.0,-0.3104105179226436,-0.4920929751060999,-0.35765401979399414,-0.30227529507304673,-0.2455448957801316,-0.16293080233375937,0.0,-0.011520433563422024,-0.014727493010179383,-0.012612356734795847,-0.011394159926201792,-0.010238302682116706,-0.008851968464518342,0.0,0.0037326482525964623,0.0,0.0,0.0,0.0,0.04551106553544227,0.89892578125,0.0020297835796248814,0.0,0.0,0.0,0.0,0.025002487670744325,0.89892578125,-0.2183355676801237,-2.7274554651055536,-0.4601211387647277,0.0,0.055539797291285,1.657208111238937,0.253662109375,-0.00856302626841605,-0.10073684274238016,-0.017931647518190146,0.0,0.002085083364150663,0.059311968910700945,0.253662109375,0.20120735629969622,0.0,0.01149401276952533,0.18463704686634203,0.29164403030606945,0.5233815006037505,0.24365234375,0.19747470804709977,0.0,0.0,0.17985907791518208,0.28659811847941463,0.524749557282658,0.251220703125,0.00029754638671875,-0.01171875,0.0,0.0,0.0,0.01171875,0.5908203125,1.52587890625e-05,-0.0078125,0.0,0.0,0.0,0.0078125,0.7021484375,0.00157928466796875,-0.0078125,0.0,0.0,0.00390625,0.01171875,0.423828125,5.055417647501191,4.139311359101994,4.595631066343214,4.98960924922827,5.498809796812538,6.178892200580845,0.0,5.08216906370766,4.162681707852477,4.62134322825048,5.0160685005000865,5.522301203705497,6.204877996937962,0.0,-0.02675141620646881,-0.037314044078447496,-0.03136785739440118,-0.026774630631650975,-0.02217056629157188,-0.0147227137730782,0.0,-0.004124130342709286,-0.005653494576658174,-0.004832382468340359,-0.004087187431538532,-0.003464479355926869,-0.0026462776676188134,0.0
quartic_d4,Quartic 4D,clustered,H,0.1,128,4,2,1024,8192,1024,1.0,8192,437,7722,33,0.0533447265625,0.942626953125,0.0040283203125,0.0010986328125,0.2825927734375,437,0.0533447265625,0.0533447265625,9,2315,0.061451137809948195,0.05788756593628665,0.05923285974113001,0.06163608790799145,0.06369794878882361,0.0650151920846209,0.0,0.0530626648207248,0.049760352184474485,0.051178123723131436,0.0529636823792532,0.055037178654918584,0.05657267465572741,0.0,0.061451137809948195,0.05788756593628665,0.05923285974113001,0.06163608790799145,0.06369794878882361,0.0650151920846209,0.0,0.0530626648207248,0.049760352184474485,0.051178123723131436,0.0529636823792532,0.055037178654918584,0.05657267465572741,0.0,-0.00817292163841571,-0.018606779606480123,-0.011984467765859815,-0.00765769981111048,-0.003867617885428297,0.0001194573087658496,0.0040283203125,-0.008003089794378901,-0.01807178349659535,-0.0117679322976774,-0.007500540543377096,-0.0037784688760092895,0.00011754951386778434,0.0040283203125,0.06136983753619277,0.03929402381358745,0.051997227562557244,0.06085457993704788,0.07074088518110577,0.08493500937954637,0.0,0.05299360685655215,0.033701289797930335,0.04485623849494563,0.052573472804510246,0.060926996403081496,0.07319137702501005,0.0,0.009192520275426849,0.0,0.0,0.006235088589280952,0.015531585000402442,0.028161899663706906,0.28662109375,0.01736544191384256,0.004035571855859039,0.010371863400892653,0.016463763954435603,0.022810566739549596,0.033184050859119005,0.005126953125,0.07805252075195312,-0.046875,0.01953125,0.07421875,0.1328125,0.2109375,0.013671875,-0.13263320922851562,-0.3275390625,-0.20703125,-0.11328125,-0.0302734375,0.0,0.0888671875,-0.23704147338867188,-0.3984375,-0.296875,-0.240234375,-0.17578125,-0.08652343750000036,0.0,3.799623796835756,3.500257212863652,3.7255917858854914,3.808435515173522,3.9325942739433293,4.011011084862242,0.0,3.7836237968357556,3.484257212863652,3.7095917858854914,3.792435515173522,3.9165942739433293,3.9950110848622415,0.0,0.016000000000000007,0.016000000000000014,0.016000000000000014,0.016000000000000014,0.016000000000000014,0.016000000000000014,0.0,0.003250714493355035,0.0031325849030446285,0.00318908614881908,0.0032296608766175477,0.0032965062701840026,0.003460924280718874,0.0
quartic_d4,Quartic 4D,clustered,R,0.1,128,4,2,1024,8192,1024,1.0,8192,3014,2468,2710,0.367919921875,0.30126953125,0.330810546875,0.0654296875,0.054443359375,3014,0.367919921875,0.367919921875,536,446,0.1815606308613605,0.1660085111240581,0.17579194083991753,0.18395514274699867,0.18793829582712498,0.19201245936397712,0.0,0.15680586941566566,0.1421727321699806,0.15158698387648656,0.15764349151066184,0.16263218878183477,0.16871373678926418,0.0,0.18141851511092005,0.16861316872966128,0.1798284355867413,0.18334990954068675,0.1860869282530158,0.18822834146349954,0.0,0.15669324978935734,0.14295308394097306,0.15290729930751695,0.15741602853404865,0.16146898300286455,0.1659760439765827,0.0,0.00027693495538373583,-0.008886432395573046,-0.0007079854091087403,0.0,0.0016092725561830494,0.010011070474747951,0.330810546875,0.0002680763430294013,-0.008739285083332155,-0.0006984173700020818,0.0,0.001556822381701215,0.00968789113145079,0.330810546875,0.1794533044861654,-0.012421461556486863,0.09633038915812639,0.1342666724964027,0.2508197816591681,0.4640451348536821,0.0,0.154982981927758,-0.010852757353128876,0.08308696742143465,0.11638389958641951,0.21728744149152943,0.40006329211320557,0.0,0.013417448572326574,0.0,0.004398272478749285,0.01234741990692775,0.020598418652036446,0.03164171178535457,0.140380859375,0.013140513616942837,0.0,0.004612440341539429,0.012170507480618003,0.020056858315157727,0.030454169233378153,0.1513671875,0.005748748779296875,-0.0390625,-0.01171875,0.0078125,0.0234375,0.05078125,0.0595703125,0.004604339599609375,-0.03125,-0.0078125,0.00390625,0.015625,0.046875,0.134765625,0.003185272216796875,-0.04628906249999998,-0.015625,0.0,0.01953125,0.0546875,0.091796875,3.6968888076548585,3.418279038578484,3.641937227514849,3.732277331382012,3.781381020907463,3.836903649891903,0.0,3.886358786016653,3.5906386448344336,3.827967267711999,3.9244268330204557,3.9726085464100214,4.035025431831112,0.0,-0.18946997836179488,-0.19938601939294553,-0.1959432072573586,-0.19088376445693567,-0.1837733856443241,-0.17526201560350652,0.0,-0.038452481808058624,-0.03938180650594528,-0.03919300548363169,-0.03899930569911418,-0.03702512993505025,-0.036640008016804275,0.0
quartic_d4,Quartic 4D,clustered,S,0.1,128,4,2,1024,8192,0,0.0,0,405,340,7447,0.0494384765625,0.04150390625,0.9090576171875,0.0040283203125,0.0047607421875,0,0.0,,0,0,-0.003336505823510042,-0.012391523754123623,-0.003338035035520333,-0.00048506455618863367,-0.00033907440491054777,-0.00022084220352782828,0.0,-0.0028807913452017133,-0.010807989290806192,-0.0028766557833927557,-0.00041339197249118777,-0.0002925560362378357,-0.0001957916040850791,0.0,-0.003762862441776003,-0.012728446028115145,-0.004103554121360008,-0.0009590351101762817,-0.0007114964810485958,-0.0004958397974902107,0.0,-0.0032477757764510498,-0.011108344310115833,-0.0035262081966000395,-0.0008176605924389495,-0.0006191623662256564,-0.000440885142045609,0.0,2.673090091868149e-05,0.0,0.0,0.0,0.0,0.0,0.9090576171875,2.606798477965966e-05,0.0,0.0,0.0,0.0,0.0,0.9090576171875,-0.005175321101483497,-0.12805588778684904,-0.0021841892881568487,0.0,0.00026114152949433325,0.12377589447178304,0.375244140625,-0.004489514621952236,-0.11085328099846876,-0.0018781322375241627,0.0,0.00022651574506868329,0.1077293023767212,0.375244140625,0.013292346545094046,0.0,0.004569194151425783,0.012228403947633248,0.020287498777152004,0.03147983499986339,0.146240234375,0.013265615644175364,0.0,0.004534889949578013,0.012228403947633248,0.020265261203487824,0.03147983499986339,0.1455078125,-0.000720977783203125,-0.01171875,-0.00390625,0.0,0.00390625,0.0078125,0.3916015625,0.000865936279296875,-0.0078125,0.0,0.0,0.00390625,0.01171875,0.5361328125,0.001491546630859375,-0.0078125,0.0,0.0,0.00390625,0.015625,0.453125,3.792828355096105,3.4941150774700462,3.7161405322407077,3.7992692243484907,3.924515001896465,4.009030242931032,0.0,3.7904192385754065,3.4865854128715323,3.7116728382556827,3.7951528165335837,3.9245264773258053,4.009401202225918,0.0,0.0024091165206982486,-0.003417835192261086,-0.000963725827866746,0.00015488425902576708,0.0036376598179470587,0.012225932661737896,0.0,0.0004889105113113875,-0.0006909038545374386,-0.00018884446017584269,3.2082385449479804e-05,0.0008159628677183856,0.002464395821348696,0.0
quartic_d8,Quartic 8D,broad,H,0.1,128,4,2,1024,8192,1024,1.0,8192,3780,2646,1766,0.46142578125,0.322998046875,0.215576171875,0.027587890625,0.0308837890625,3780,0.46142578125,0.46142578125,226,253,0.26164910743684694,0.21687579403190968,0.24514892727864357,0.2635383783451424,0.28039064887989795,0.3015745961115776,0.0,0.004784516140482639,0.00367140711124802,0.004344391108683756,0.004807675872056105,0.005198858564224375,0.005762108861431921,0.0,0.26164910743684694,0.21687579403190968,0.24514892727864357,0.2635383783451424,0.28039064887989795,0.3015745961115776,0.0,0.004784516140482639,0.00367140711124802,0.004344391108683756,0.004807675872056105,0.005198858564224375,0.005762108861431921,0.0,0.03933191936474933,-0.3701097799943362,-0.0657275393374821,0.0,0.16433409225780626,0.4656056607716659,0.215576171875,0.007299282737595272,-0.0817324855650422,-0.014860115901757977,0.0,0.03630205121389382,0.09531419410537187,0.215576171875,0.32303813008391835,-1.105526625155477,-0.26399218549071435,0.31374884930550806,0.8665286785545492,1.8176156138414825,0.0,0.005801204977824733,-0.020422714934671796,-0.004561543697176033,0.005741536983655263,0.016127062246064538,0.032130096263773764,0.0,0.511913731531229,0.0,0.011202539447658144,0.3937684715343073,0.7407032832257068,1.5241575256875188,0.2464599609375,0.47258181216647976,0.0,0.04436068346435107,0.36884704943097724,0.6162498930873532,1.3239272539452671,0.2431640625,-0.000125885009765625,-0.00390625,0.0,0.0,0.0,0.0,0.8828125,5.7220458984375e-05,-0.00390625,0.0,0.0,0.0,0.00390625,0.8095703125,-0.001605987548828125,-0.01953125,-0.00390625,0.0,0.00390625,0.015625,0.23828125,10.527165572347995,8.956610178639048,9.901563298577777,10.456501335514666,11.171272363267285,12.194992478042412,0.0,10.495165572347995,8.924610178639048,9.869563298577777,10.424501335514666,11.139272363267285,12.162992478042412,0.0,0.03200000000000003,0.03200000000000003,0.03200000000000003,0.03200000000000003,0.03200000000000003,0.03200000000000003,0.0,0.002632496400675,0.0022926379570157094,0.0024948809715286575,0.00261903575265352,0.002753845674152754,0.002986298222368227,0.0
quartic_d8,Quartic 8D,broad,R,0.1,128,4,2,1024,8192,0,0.0,0,3643,1956,2593,0.4447021484375,0.23876953125,0.3165283203125,0.176025390625,0.1163330078125,0,0.0,,0,0,-3.3673946220420987,-4.9773056742047705,-3.7621343014692545,-3.276686158343203,-2.8032859619814605,-2.3188602533669487,0.0,-0.05962143562730249,-0.06344875992739811,-0.060891350057034194,-0.05955218630665418,-0.0581603793547561,-0.056055826833874646,0.0,-3.7339100443145306,-5.47580960835279,-4.137885127889335,-3.638815104415734,-3.13373891207452,-2.6206048685580683,0.0,-0.06621571520875086,-0.06998836875023447,-0.06754225508674064,-0.06626686371871465,-0.06469388851404045,-0.062319470377809494,0.0,0.2240376942340797,-0.5176654322842973,0.0,0.0,0.42600252039212516,1.4845087509700035,0.3165283203125,0.04109072037657297,-0.12080681812579475,0.0,0.0,0.09479510108396554,0.2798370985247435,0.3165283203125,-3.6496175645543474,-26.858350462344163,-12.243624887914114,-3.7576243118809565,4.460972734575012,21.114683734455276,0.0,-0.06530525081045602,-0.44873996376638486,-0.22544693209764485,-0.07023674752435288,0.0849475985123401,0.35073978789462684,0.0,0.6042666189658942,0.0,0.14655688351887747,0.4400577154317773,0.7882827659330602,1.937505751772668,0.2149658203125,0.3802289247318146,0.0,0.0,0.33836456111580127,0.5838767375237182,1.0325036632398135,0.274658203125,0.09231185913085938,0.0625,0.08203125,0.09375,0.10546875,0.12109375,0.0,0.012264251708984375,0.0,0.00390625,0.0078125,0.01953125,0.03515625,0.1923828125,0.007465362548828125,-0.030664062499999978,-0.00390625,0.00390625,0.01953125,0.04296875,0.1103515625,10.240331705894096,8.839532169359531,9.6748242297911,10.21419371486183,10.784555450745483,11.810539547346654,0.0,10.781999438801893,9.30587078465405,10.18651941106313,10.75404349681434,11.354712820753447,12.43505177997187,0.0,-0.5416677329077975,-0.6235550604630244,-0.570356176056559,-0.5402714342921744,-0.5119916947533945,-0.46636553736285147,0.0,-0.04424380202959384,-0.04483830858516144,-0.044536357426437516,-0.044264332474304405,-0.044009837686518574,-0.04342145389016213,0.0
quartic_d8,Quartic 8D,broad,S,0.1,128,4,2,1024,8192,0,0.0,0,580,485,7127,0.07080078125,0.0592041015625,0.8699951171875,0.0198974609375,0.015380859375,0,0.0,,0,0,-0.18157820727154347,-0.3057808258184717,-0.20500750732564654,-0.17354832319150404,-0.13752758004154408,-0.11008761982137134,0.0,-0.003246418227760063,-0.004838870074573901,-0.00378745996210138,-0.0031003785600304447,-0.002631642384729308,-0.0021811748273150534,0.0,-0.20521810032538068,-0.33943002681873224,-0.2288854047377118,-0.19814542398886204,-0.15484520143883884,-0.12840471928733876,0.0,-0.0036748363634755976,-0.0055646496212432405,-0.004274162182758709,-0.0034704335239048984,-0.0029950837986210304,-0.0024682710685276004,0.0,0.004413686416666718,-0.1311348757331673,0.0,0.0,0.0,0.3278832965818576,0.8699951171875,0.0009652722070711956,-0.028873243936079748,0.0,0.0,0.0,0.07127851846408706,0.8699951171875,-0.18801195749130573,-2.8334548042095764,-0.20828673837267786,0.0,0.0,1.904158717595319,0.446044921875,-0.0033518389039311706,-0.05300231921790206,-0.003891575892933847,0.0,0.0,0.03354411075784501,0.446044921875,0.49445461505718774,0.0,0.03172633070955533,0.37696772871528994,0.6813912702293088,1.4527114440861577,0.2425537109375,0.490040928640521,0.0,0.010451682172359367,0.37339684995770694,0.6792603594835477,1.4058149501194057,0.2470703125,0.000286102294921875,-0.0078125,0.0,0.0,0.0,0.0078125,0.6630859375,0.000133514404296875,-0.0078125,0.0,0.0,0.0,0.0078125,0.6796875,0.000782012939453125,-0.0078125,0.0,0.0,0.00390625,0.0078125,0.5390625,10.5027896744615,8.936935215774055,9.885443415112732,10.436361674450207,11.148686656793908,12.165072742325433,0.0,10.519541470234486,8.955479220904028,9.897946812011675,10.451089772462538,11.166144059642802,12.173520180680622,0.0,-0.01675179577298567,-0.026829767661792125,-0.01941214489566434,-0.016226140871314243,-0.013392403168090983,-0.00858822975616036,0.0,-0.0013758819985446324,-0.0021877875925750082,-0.001591230529143434,-0.001336667682770576,-0.0010844741023482377,-0.0007057942551733765,0.0
quartic_d8,Quartic 8D,clustered,H,0.1,128,4,2,1024,8192,1024,1.0,8192,361,7715,116,0.0440673828125,0.9417724609375,0.01416015625,0.0010986328125,0.3343505859375,361,0.0440673828125,0.0440673828125,9,2739,0.12360409145440104,0.11714436718712061,0.11904696824835348,0.12376908493645072,0.12805689493405284,0.1301389364954179,0.0,0.09359152515697408,0.0873793274126318,0.09024099846714323,0.09350755054898763,0.09714715050904223,0.09987532152442022,0.0,0.12360409145440104,0.11714436718712061,0.11904696824835348,0.12376908493645072,0.12805689493405284,0.1301389364954179,0.0,0.09359152515697408,0.0873793274126318,0.09024099846714323,0.09350755054898763,0.09714715050904223,0.09987532152442022,0.0,-0.035499906241171206,-0.06726251288882326,-0.04969280478201369,-0.036102732004430656,-0.022855854000496757,0.0,0.01416015625,-0.03278134472966267,-0.06103418652595553,-0.04637752551667424,-0.033261945733378574,-0.02111944681042759,0.0,0.01416015625,0.12414460068133731,0.08803358898099059,0.1093010759435539,0.12372153466114852,0.13883325786206416,0.15990607133229845,0.0,0.09400173895215641,0.06629981848533696,0.08286387460123852,0.09379249081383413,0.10541480365141417,0.12095622301175178,0.0,0.02397389065932773,0.0,0.0,0.015658310239867884,0.04082366775907979,0.07592726484929083,0.3485107421875,0.059473796900498935,0.021400855809887712,0.04542316777967618,0.05885291754273898,0.07649811262635639,0.09784685573611701,0.0152587890625,0.8885269165039062,0.80859375,0.84765625,0.88671875,0.9296875,0.96484375,0.0,0.03324127197265625,-0.01953125,0.0,0.01953125,0.0546875,0.12109375,0.0615234375,-0.23905563354492188,-0.4291015625,-0.3203125,-0.2265625,-0.1640625,-0.078125,0.0,7.559522500603185,6.829234339826435,7.4246692273414965,7.6070038126409685,7.887814113309032,8.062871949336753,0.0,7.527522500603185,6.797234339826435,7.3926692273414965,7.5750038126409684,7.855814113309032,8.030871949336753,0.0,0.032000000000000015,0.03200000000000003,0.03200000000000003,0.03200000000000003,0.03200000000000003,0.03200000000000003,0.0,0.003642457173130211,0.0034846645168291734,0.003535896328578033,0.0035803201562629745,0.003656765262763112,0.0040482096291625655,0.0
quartic_d8,Quartic 8D,clustered,R,0.1,128,4,2,1024,8192,1024,1.0,8192,3251,2349,2592,0.3968505859375,0.2867431640625,0.31640625,0.0660400390625,0.0660400390625,3251,0.3968505859375,0.3968505859375,541,541,0.35769926105269123,0.3174755091473829,0.3475837169263073,0.36485544771102785,0.37297026623174956,0.38122756808568714,0.0,0.2708791481365348,0.23871574443060092,0.2622539090566879,0.27340842304108065,0.2832377056808972,0.29348937881894144,0.0,0.35919655749910234,0.31890893972383294,0.3568675321703445,0.3666149692913964,0.37056652907042836,0.37496873099275524,0.0,0.2720230679773813,0.2395204304117095,0.2657583511201652,0.2747518661896889,0.281359335335398,0.2917028448796666,0.0,0.0021071224936718715,-0.030702233548201043,-0.0029547069226223133,0.0,0.010749390207748961,0.03479036202342099,0.31640625,0.0018964921419947988,-0.028200411525276557,-0.0026657677920983473,0.0,0.009833072616359772,0.03185134432207349,0.31640625,0.35444599269527743,-0.021559907500898336,0.20062887145795438,0.26162017104923707,0.49515877424113164,0.9069595171093021,0.0,0.2682722234266771,-0.01648503162115851,0.1513579033330944,0.19893780574646364,0.37601205760665546,0.679168893626104,0.0,0.04277740502674927,0.0,0.012621178190954532,0.04439167647640304,0.06696076563653729,0.09634669874982624,0.181884765625,0.0406702825330774,0.0,0.012599139188808239,0.04258743486039112,0.06405457854337818,0.08827763034745494,0.181884765625,0.0489654541015625,-0.01953125,0.0078125,0.05078125,0.09375,0.109375,0.0322265625,0.01720428466796875,-0.01953125,0.0,0.01953125,0.03515625,0.05078125,0.0576171875,0.005489349365234375,-0.04296875,-0.01171875,0.00390625,0.01953125,0.0625,0.078125,7.354684953025817,6.52304328840481,7.299016136041824,7.4882731540135685,7.5822260841037465,7.679281934465477,0.0,7.732360048180553,6.861404957865217,7.676372641587691,7.873741828164697,7.969152086827382,8.075495760276633,0.0,-0.37767509515473563,-0.39985801543807153,-0.3929185207558048,-0.3847274720532754,-0.3681258214954215,-0.33995121858810934,0.0,-0.042845923745217146,-0.0437252270398542,-0.04360756892332247,-0.04346021519399044,-0.04135772531142665,-0.0409165152658228,0.0
quartic_d8,Quartic 8D,clustered,S,0.1,128,4,2,1024,8192,2,0.001953125,16,565,531,7096,0.0689697265625,0.0648193359375,0.8662109375,0.008056640625,0.006591796875,1,0.0001220703125,0.0625,0,0,-0.00647087889157504,-0.024262969775450005,-0.005092316075690315,-0.0009741591145930317,-0.0007137256963978267,-0.0004499918278438128,0.0,-0.004900108954078109,-0.01854783632072519,-0.003838343316444101,-0.0007340668871839318,-0.0005437193637639242,-0.0003488064876278808,0.0,-0.007020472231081847,-0.024757044283454842,-0.005900118710205876,-0.0015961781869076597,-0.0012185544300314932,-0.0008290336289557554,0.0,-0.005315426886114351,-0.01898477271993981,-0.004446633053747205,-0.0012008111722679913,-0.0009249239960309276,-0.0006459953078432894,0.0,0.00021794265341980827,-0.004211502939584638,0.0,0.0,0.0,0.005638440841420984,0.8662109375,0.00019944979524466448,-0.003897717886110868,0.0,0.0,0.0,0.005136365428597412,0.8662109375,-0.001320788392893203,-0.2489994942796255,-0.004527725713835397,0.0,0.0010098599747401585,0.24688933940234414,0.335693359375,-0.001022152324245051,-0.189968982193005,-0.003424314732822478,0.0,0.0007729559533252253,0.18916508197832876,0.335693359375,0.04183281510662323,0.0,0.012769965975776502,0.04366884802063581,0.06566675721942172,0.09130542060219088,0.18115234375,0.04161487245320343,0.0,0.012514565486434388,0.043300044138875456,0.06556050042169234,0.09089288466780188,0.1826171875,-0.00018310546875,-0.0078125,0.0,0.0,0.0,0.0078125,0.6123046875,-8.392333984375e-05,-0.01171875,0.0,0.0,0.0,0.011132812499999645,0.5810546875,0.001308441162109375,-0.01171875,0.0,0.0,0.00390625,0.015625,0.416015625,7.546104690982325,6.802094070317195,7.4165054337985294,7.596248057774566,7.873509813557182,8.038192261206452,0.0,7.540940310224045,6.801123347234253,7.406384334654557,7.589558153823591,7.873684860914787,8.038534887564497,0.0,0.0051643807582805925,-0.0070817386361904135,-0.0012653352933855722,0.000833945259989477,0.013204170469319543,0.02465491432203599,0.0,0.0005949287172961979,-0.0008037513834294729,-0.00014015503833007413,9.28999980861747e-05,0.0017155029642285297,0.0027567022466185695,0.0
rastrigin_d4,Rastrigin 4D,broad,H,0.1,128,4,2,1024,8192,1024,1.0,8192,3489,3692,1011,0.4259033203125,0.45068359375,0.1234130859375,0.03173828125,0.06396484375,3489,0.4259033203125,0.4259033203125,260,524,0.6558051229789135,0.39957526790002196,0.5193093586229249,0.6646042676369532,0.7457221746876748,0.9557382585330286,0.0,0.013787158434884188,0.007578448324082504,0.010251497264139944,0.013479948344131954,0.01590700326674821,0.021770793840746937,0.0,0.6558051229789135,0.39957526790002196,0.5193093586229249,0.6646042676369532,0.7457221746876748,0.9557382585330286,0.0,0.013787158434884188,0.007578448324082504,0.010251497264139944,0.013479948344131954,0.01590700326674821,0.021770793840746937,0.0,0.03904822742428862,-4.92033334834794,-1.6246660377812407,0.0,1.5951919932345717,5.374710062268019,0.1234130859375,-0.02013499657281812,-0.34021080364371137,-0.10393215539592751,0.0,0.08381046939413342,0.2362243222307585,0.1234130859375,0.6428555036394941,-0.9746714254321641,0.01856819993243164,0.6451204585145831,1.279265143886306,2.2127881629647703,0.0,0.013535636431643235,-0.02027594456605301,0.0003864034767634569,0.013388828797573925,0.026523612220352943,0.04670263163957449,0.0,5.300565409692168,0.0,1.3248415715762611,5.100679669734313,8.262362469804245,12.800059932872141,0.1873779296875,5.2615171822678795,0.0,2.9248205241729437,5.907003460331317,7.29920171832334,9.765414504804276,0.1551513671875,-8.392333984375e-05,-0.00390625,0.0,0.0,0.0,0.00390625,0.759765625,-0.00040435791015625,-0.0078125,0.0,0.0,0.0,0.00390625,0.734375,-0.012958526611328125,-0.06191406249999998,-0.02734375,-0.0078125,0.0,0.018945312499999645,0.10546875,5.464744550452636,4.478224851127243,4.917638467814088,5.346773954768108,5.90777164806973,6.7822421432945745,0.0,5.448744550452636,4.462224851127243,4.901638467814088,5.330773954768108,5.89177164806973,6.7662421432945745,0.0,0.016000000000000014,0.016000000000000014,0.016000000000000014,0.016000000000000014,0.016000000000000014,0.016000000000000014,0.0,0.0024534443680877265,0.0020166695493150396,0.002250630815026553,0.002450901151795877,0.0026433637160249617,0.002833045936801644,0.0
rastrigin_d4,Rastrigin 4D,broad,R,0.1,128,4,2,1024,8192,138,0.134765625,1104,3106,2435,2651,0.379150390625,0.2972412109375,0.3236083984375,0.106689453125,0.09130859375,332,0.04052734375,0.3007246376811594,51,66,-0.2822631557737256,-0.6018627559220864,-0.43612961865507494,-0.3112559086798541,-0.15190517841202755,0.10193429168997341,0.0,-0.005603501161582343,-0.011584263393611717,-0.008736603567601768,-0.006330392552939369,-0.0033236050675185896,0.0022802656083856466,0.0,-0.2846660428834759,-0.6565825492601363,-0.44724233645926503,-0.31634079351653455,-0.14699243903854153,0.1257496214805865,0.0,-0.005631694036107124,-0.012580176568144174,-0.00900391115709545,-0.006458223119269542,-0.003126372562216417,0.002889429257823157,0.0,0.625431986238856,-5.991885416690337,-0.787812925355805,0.0,2.270946924687629,7.609595936376845,0.3236083984375,0.026768126412409284,-0.39527623688476105,-0.04126074867592552,0.0,0.12498739034456237,0.4584540137034814,0.3236083984375,-0.26028735591857544,-5.921395172090584,-2.376184735052238,-0.21385388674522687,2.0074682060982223,5.107694117362242,0.0,-0.005120985498781242,-0.11968724572797063,-0.04964367770344855,-0.0044782481609581,0.042044207074563564,0.1072256120290834,0.0,5.593757289099452,0.0,2.108725764392662,5.846274738963743,7.918913264417583,12.800059932872141,0.16357421875,4.968325302860595,0.0,1.7281736902317277,5.390230485411259,7.330085518510801,10.505881763528922,0.178955078125,0.08359527587890625,0.0546875,0.0703125,0.08203125,0.09765625,0.11328125,0.0,0.008941650390625,0.0,0.0,0.0078125,0.015625,0.02734375,0.251953125,0.004299163818359375,-0.02734375,-0.01171875,0.00390625,0.01953125,0.03515625,0.087890625,5.317343144989779,4.412426552023617,4.780353996791831,5.265442015991159,5.778270094499315,6.560902315724834,0.0,5.5961459559154925,4.64311140879449,5.029060717345442,5.542820293345873,6.08168433822308,6.902750715221721,0.0,-0.278802810925714,-0.3431748761221618,-0.3025204659823859,-0.2763669394805741,-0.24924185493941886,-0.23070351169152023,0.0,-0.042154827249932886,-0.04387251948170319,-0.04270014578692105,-0.04212421215242405,-0.04151430433826343,-0.04067622300153217,0.0
rastrigin_d4,Rastrigin 4D,broad,S,0.1,128,4,2,1024,8192,0,0.0,0,73,69,8050,0.0089111328125,0.0084228515625,0.982666015625,0.001708984375,0.00146484375,0,0.0,,0,0,-0.012591723156554137,-0.02450738914279782,-0.014924793987153961,-0.011168275826193508,-0.008583713996316078,-0.006028923411726339,0.0,-0.00026304575830101643,-0.0005385304323602344,-0.0003121062058609939,-0.0002311232316456326,-0.00017560900280467112,-0.00012293469861317827,0.0,-0.01399463710061205,-0.028487991061469483,-0.016270163666717963,-0.012279019473432129,-0.009428017458219529,-0.006510289240047484,0.0,-0.0002924428421942286,-0.0006209725933279915,-0.00033981662640437406,-0.0002535496417235149,-0.00019091620968361358,-0.00013401462072117897,0.0,0.002086096583851,0.0,0.0,0.0,0.0,0.0,0.982666015625,0.00023932281028541698,0.0,0.0,0.0,0.0,0.0,0.982666015625,-0.015173765869658348,-0.40191408252166594,0.0,0.0,0.0,0.2499938068684585,0.83740234375,-0.00031521634536333754,-0.0084047260907051,0.0,0.0,0.0,0.005116224387497169,0.83740234375,5.282084344271949,0.0,1.974645689927896,5.582947417422318,7.603283438017403,11.534442872597692,0.171142578125,5.2799982476880984,0.0,1.9539010742428329,5.57950304644147,7.600201120314484,11.565150477215516,0.17138671875,2.288818359375e-05,-0.00390625,0.0,0.0,0.0,0.00390625,0.8154296875,4.57763671875e-05,-0.00390625,0.0,0.0,0.0,0.00390625,0.873046875,0.000209808349609375,-0.00390625,0.0,0.0,0.0,0.00390625,0.8154296875,5.456310016512603,4.472512840649721,4.904322495824602,5.33991482291426,5.901352396562661,6.76828619764453,0.0,5.457179084392669,4.47447668262529,4.9050521195212236,5.3406385670202035,5.9016104867150245,6.76903845979499,0.0,-0.0008690678800647054,-0.0019793306614100726,-0.0012944243811079392,-0.0007714929100317569,-0.00043952747565123573,3.8571037445178327e-05,0.0,-0.00013156693347539584,-0.00030353481880426023,-0.00019301969104393781,-0.00012370447137100983,-6.368727928379508e-05,6.3953125925906474e-06,0.0
rastrigin_d4,Rastrigin 4D,clustered,H,0.1,128,4,2,1024,8192,1024,1.0,8192,125,8042,25,0.0152587890625,0.981689453125,0.0030517578125,0.0,0.1943359375,125,0.0152587890625,0.0152587890625,0,1592,2.8785828595282474,2.8115387188232384,2.857815788850524,2.881289329302399,2.9052503278532535,2.930321428978573,0.0,0.23594950704116016,0.2040829990504176,0.224189933877894,0.23727010179823943,0.24647510895796537,0.26571736773635773,0.0,2.8785828595282474,2.8115387188232384,2.857815788850524,2.881289329302399,2.9052503278532535,2.930321428978573,0.0,0.23594950704116016,0.2040829990504176,0.224189933877894,0.23727010179823943,0.24647510895796537,0.26571736773635773,0.0,-1.0387512533613172,-3.7959325815011815,-1.3067256724041556,-0.5743433102655517,-0.2971853638085129,-0.08905548320715982,0.0030517578125,-0.1750270688723738,-0.6425994964174719,-0.2217648327707324,-0.09649949932395008,-0.05119269632125508,-0.016628196884516392,0.0030517578125,2.86713714059612,1.9785801948520092,2.479563259366948,2.867761397474342,3.2385339880170037,3.8019516448604107,0.0,0.23495469812336284,0.15674251897768415,0.20131720891609092,0.23439763173252012,0.26767511417155454,0.317300207371589,0.0,1.3369226700630057,0.0,0.13235058178694725,0.7384555437172766,2.1999033486575477,4.283699372463996,0.1973876953125,2.3756739234243227,0.24387690331814138,0.6724112996820542,1.5332120116882884,4.386964291252141,5.547394590343488,0.0030517578125,0.028461456298828125,-0.09707031249999998,-0.03515625,0.01171875,0.08203125,0.1796875,0.033203125,-0.2675743103027344,-0.46875,-0.36328125,-0.283203125,-0.16015625,-0.04296875,0.0126953125,-0.3248291015625,-0.49609375,-0.390625,-0.3359375,-0.2578125,-0.1640625,0.0,3.787816493193625,3.44508068348791,3.702284495895029,3.807800966061117,3.9372781737536173,4.034113186318752,0.0,3.771816493193624,3.42908068348791,3.686284495895029,3.791800966061117,3.9212781737536173,4.018113186318752,0.0,0.016000000000000007,0.016000000000000014,0.016000000000000014,0.016000000000000014,0.016000000000000014,0.016000000000000014,0.0,0.003255847253090173,0.0031271578790176406,0.003164596764695011,0.003226770056314935,0.0032962942519033367,0.003484343655231183,0.0
rastrigin_d4,Rastrigin 4D,clustered,R,0.1,128,4,2,1024,8192,0,0.0,0,6712,732,748,0.8193359375,0.08935546875,0.09130859375,0.1253662109375,0.0157470703125,0,0.0,,0,0,-0.35397936049401624,-0.41173070677886486,-0.37494693441799987,-0.3508269163875082,-0.33223814217432857,-0.30246410316044514,0.0,-0.028829124726284648,-0.03048239503413385,-0.029622065781655403,-0.028880458959418313,-0.028190234324814215,-0.026828009912599225,0.0,-0.5282324141781842,-0.5903205154316193,-0.5542045793136969,-0.5222158814314062,-0.50484331659767,-0.47041158676671024,0.0,-0.043060066426928396,-0.04437875832277369,-0.04377519561217717,-0.04325351052359783,-0.042490912072541305,-0.041001970080693007,0.0,2.2644958046790036,-0.09839970150429024,0.22865983732010164,2.8599755813342993,3.8676116547026744,4.013073157803909,0.09130859375,0.38430521921679306,-0.017014058428091682,0.038470593163928715,0.4764534263658992,0.641452989667042,0.737401106509319,0.09130859375,-0.31862510526655186,-1.5083564479299982,-0.7868316160333295,-0.3146519799913725,0.1569761180685647,0.8684907944773574,0.0,-0.026143546681521114,-0.12295665855414321,-0.0647218041211874,-0.02551939833878517,0.012934378115913412,0.0708009304601384,0.0,2.9885461990831663,0.04166586938108008,1.2026306975129195,3.3843721685571833,4.504139989607338,5.599777511176313,0.04541015625,0.7240503944041621,0.0,0.21496857213246123,0.577152106924741,1.0706499686538087,1.9885497462210329,0.155029296875,0.003948211669921875,-0.0390625,-0.01171875,0.00390625,0.01953125,0.046875,0.0986328125,0.035335540771484375,-0.015625,0.01953125,0.03515625,0.0546875,0.08203125,0.0185546875,0.03504180908203125,-0.0234375,0.015625,0.03515625,0.0546875,0.0859375,0.0185546875,3.682348598180656,3.391376677600091,3.638927905747196,3.730111566055908,3.792065570644816,3.832811441875842,0.0,3.877284388206593,3.5704383416738876,3.831392650826243,3.927377079118501,3.993643443189979,4.035739311535684,0.0,-0.1949357900259367,-0.2049547653460464,-0.20083262269642477,-0.1967066896025056,-0.19201768546364972,-0.17856884068420342,0.0,-0.039599157433444825,-0.04041952119135105,-0.03984299607917883,-0.039595377955397276,-0.03935327161237177,-0.038880390776411165,0.0
rastrigin_d4,Rastrigin 4D,clustered,S,0.1,128,4,2,1024,8192,0,0.0,0,1107,1111,5974,0.1351318359375,0.1356201171875,0.729248046875,0.007080078125,0.0068359375,0,0.0,,0,0,-0.007894084614879166,-0.012981305241897178,-0.009738657884401647,-0.0073229120902107425,-0.005795418692926546,-0.004180817416572592,0.0,-0.0006410364880273835,-0.0010279863669628226,-0.0007873140861661972,-0.0005883121560502304,-0.0004815046527016911,-0.00035149545770033044,0.0,-0.015499555402367408,-0.0232154081659794,-0.018475809972180457,-0.014706920285316727,-0.012318888358958446,-0.009318727114207448,0.0,-0.0012639591937254823,-0.0019048169657122295,-0.0015136233857216,-0.001198697102318048,-0.0010052383800048987,-0.0007560742156298794,0.0,-0.0005445103930756379,-1.3357821791637605,0.0,0.0,0.0,1.3858849778777111,0.729248046875,-0.0001110819854387015,-0.22895509331687697,0.0,0.0,0.0,0.24179790198832515,0.729248046875,-0.009781194491219655,-0.23001264189570136,-0.002364555268363988,0.0,0.0,0.18486398003700305,0.53662109375,-0.0007906611484704435,-0.01869454136658909,-0.0001903439101213793,0.0,0.0,0.015084857835067866,0.53662109375,1.8560260415471264,0.0,0.41850799068415623,1.1226988503309352,3.3789120422283245,5.156927219883291,0.10009765625,1.856570551940202,0.0,0.41686079386280483,1.1145681136045855,3.3848810798688014,5.163825121103682,0.100341796875,-0.000553131103515625,-0.0078125,0.0,0.0,0.0,0.0078125,0.572265625,0.000789642333984375,-0.0078125,0.0,0.0,0.00390625,0.01171875,0.5078125,0.00104522705078125,-0.0078125,0.0,0.0,0.00390625,0.01171875,0.484375,3.7793424927264208,3.4368720801641177,3.6905429465869473,3.7938352463907425,3.9269060163245504,4.019795283033743,0.0,3.780290493660828,3.4366168087266358,3.6921327150365175,3.7967357020479575,3.926338911232531,4.020318819380179,0.0,-0.0009480009344077231,-0.0038790300203242365,-0.0021568264446765184,-0.00026355173867886883,5.624084542321661e-05,0.0008465256231599649,0.0,-0.00019275087076415322,-0.0007934138315649965,-0.0004664478441084497,-5.207081540521795e-05,1.1172515833725515e-05,0.00017381600511623144,0.0
rosenbrock_d4,Rosenbrock 4D,broad,H,0.1,128,4,2,1024,8192,1024,1.0,8192,3706,2543,1943,0.452392578125,0.3104248046875,0.2371826171875,0.0228271484375,0.039794921875,3706,0.452392578125,0.452392578125,187,326,0.13241747081560867,0.10321806630375167,0.11746083564985099,0.13148600205135708,0.14493098906807234,0.1673300721285734,0.0,0.0038898329790229324,0.0028208172456199304,0.0033719141316811557,0.0038365273145965144,0.004260892314117042,0.005183828338168662,0.0,0.13241747081560867,0.10321806630375167,0.11746083564985099,0.13148600205135708,0.14493098906807234,0.1673300721285734,0.0,0.0038898329790229324,0.0028208172456199304,0.0033719141316811557,0.0038365273145965144,0.004260892314117042,0.005183828338168662,0.0,0.019594547136975296,-0.13355148365541547,-0.017752536329801574,0.0,0.05486686440650068,0.20715456574837376,0.2371826171875,0.008650052969162273,-0.07226001334288487,-0.01100690770006918,0.0,0.03359696941034132,0.09660989600233713,0.2371826171875,0.1261999393848833,-0.9906116686419679,-0.2925381113858263,0.10570529124939654,0.52874928715989,1.348928193555622,0.0,0.003982085469924472,-0.02619130059535626,-0.008429217996028675,0.003233602414170694,0.015852568183883906,0.03662435575333874,0.0,0.2105678420572028,0.0,0.0,0.13194199301210646,0.2760347540528116,0.772329747957733,0.2769775390625,0.19097329492022752,0.0,0.0,0.1345006631064693,0.2279710399446757,0.6351680223049875,0.260009765625,-0.000186920166015625,-0.00390625,0.0,0.0,0.0,0.00390625,0.763671875,4.9591064453125e-05,-0.00390625,0.0,0.0,0.0,0.00390625,0.849609375,-0.003173828125,-0.0234375,-0.0078125,-0.00390625,0.0,0.015625,0.26171875,5.167900610660501,4.1685592301404775,4.6891341339120824,5.157598170489076,5.605072204786,6.343914638317464,0.0,5.151900610660501,4.1525592301404775,4.673134133912082,5.141598170489076,5.589072204786,6.327914638317464,0.0,0.016000000000000014,0.016000000000000014,0.016000000000000014,0.016000000000000014,0.016000000000000014,0.016000000000000014,0.0,0.00244736874764695,0.0020365860991213734,0.0022696708283863453,0.002436874720520457,0.0026252023400245524,0.0028537762736942566,0.0
rosenbrock_d4,Rosenbrock 4D,broad,R,0.1,128,4,2,1024,8192,0,0.0,0,3417,2156,2619,0.4171142578125,0.26318359375,0.3197021484375,0.1993408203125,0.1484375,0,0.0,,0,0,-1.8638080324669668,-2.982376789341046,-2.254005228501498,-1.7326379115887107,-1.463308179202654,-0.9788770729655832,0.0,-0.05160069284697895,-0.058842549631950875,-0.05367599336262751,-0.05115798595381693,-0.04949767369010526,-0.046084751604173586,0.0,-2.0705158881499384,-3.275878557740697,-2.475649450684669,-1.9359033845370153,-1.6382042303799267,-1.111744401626563,0.0,-0.05748808362964104,-0.06458405043543348,-0.05979074216906785,-0.057113098664230866,-0.05531821210084449,-0.05162073132610012,0.0,0.07832641268787374,-0.21781357772848664,-0.014296229196909038,0.0,0.1345006631064693,0.6458469436031699,0.3197021484375,0.033533024021353164,-0.12433808851862901,-0.008928429832493067,0.0,0.0806304114544421,0.2698784511388,0.3197021484375,-2.0400051554004364,-21.890808121422076,-8.440140850305902,-1.7601006653463998,4.192991180860931,16.673102170378733,0.0,-0.05598652328455168,-0.5440395604860119,-0.23884683048215005,-0.05648464953057118,0.13042789589684758,0.43426363602,0.0,0.23993377483265205,0.0,0.004652224517772821,0.1456466338740173,0.28115918127421136,0.8876795573307037,0.2430419921875,0.16160736214477828,0.0,0.0,0.12696228094086914,0.2279710399446757,0.5351908749943757,0.2939453125,0.08466720581054688,0.05859375,0.07421875,0.083984375,0.09765625,0.11328125,0.0,0.007305145263671875,0.0,0.0,0.00390625,0.01171875,0.0234375,0.3173828125,0.0050048828125,-0.02734375,-0.00390625,0.00390625,0.015625,0.03515625,0.0849609375,5.025468759492084,4.09541358363473,4.543966167487367,4.993206386958592,5.429901409043133,6.2108983022917945,0.0,5.294332461828917,4.314753876040245,4.78668175077328,5.259224217685065,5.718991538934828,6.541576527031256,0.0,-0.26886370233683243,-0.3308305523286119,-0.29098080858270015,-0.2671144206831597,-0.243507438574194,-0.2200231608891004,0.0,-0.040614366485289946,-0.041982960602698384,-0.04124707717066332,-0.04069150186243023,-0.03999127623817215,-0.03913442840946463,0.0
rosenbrock_d4,Rosenbrock 4D,broad,S,0.1,128,4,2,1024,8192,0,0.0,0,722,460,7010,0.088134765625,0.05615234375,0.855712890625,0.0340576171875,0.015869140625,0,0.0,,0,0,-0.3014878604573711,-0.5428058501139532,-0.3801373441847433,-0.27268621833132833,-0.20007126516434326,-0.13960898980098696,0.0,-0.008405733191829965,-0.012614200303529936,-0.01005039119628442,-0.00804084504369662,-0.006684664388033847,-0.005006997913706623,0.0,-0.3423416558287745,-0.6079151244662242,-0.42979958253314177,-0.3094757486086248,-0.2301372580171801,-0.16032646960821495,0.0,-0.009571364351014694,-0.014311684671688701,-0.01130633478222979,-0.009291614834283953,-0.007647691833766865,-0.005821833792070868,0.0,0.005035590943961565,-0.05076506753714215,0.0,0.0,0.0,0.13617741275112064,0.855712890625,0.0027878512766654883,-0.024423309263790247,0.0,0.0,0.0,0.08543409547362289,0.855712890625,-0.2988679336356877,-3.6689502101762344,-0.659763767388899,0.0,0.13021021550766987,2.051710886228597,0.25146484375,-0.008999953465618667,-0.10315311956237089,-0.019309015393875785,0.0,0.0038158179996674343,0.061631234745510716,0.25146484375,0.20328836396069594,0.0,0.0,0.13661839680659937,0.2578565556918526,0.7178517339986885,0.2593994140625,0.19825277301673438,0.0,0.0,0.1334148250287444,0.2525925530934526,0.7062935886570034,0.277587890625,-0.000202178955078125,-0.01171875,0.0,0.0,0.0,0.01171875,0.5888671875,0.000347137451171875,-0.00390625,0.0,0.0,0.0,0.0078125,0.7197265625,0.0023040771484375,-0.00390625,0.0,0.0,0.00390625,0.01171875,0.4091796875,5.146937953978448,4.1522923558059786,4.661104033986155,5.13450712512401,5.58177196691039,6.323843344506766,0.0,5.172863267342553,4.170669587503362,4.6891341339120824,5.165729565101673,5.611367916393515,6.3603341027673475,0.0,-0.025925313364105616,-0.04797166791103522,-0.03225910043889724,-0.0227806831145676,-0.01809461489171693,-0.0097159164124922,0.0,-0.003924204194059222,-0.0072641638747850115,-0.004862414192034923,-0.0036112477273240683,-0.0028156727881610303,-0.0014556693392005543,0.0
rosenbrock_d4,Rosenbrock 4D,clustered,H,0.1,128,4,2,1024,8192,1024,1.0,8192,4701,3311,180,0.5738525390625,0.4041748046875,0.02197265625,0.024658203125,0.0008544921875,4701,0.5738525390625,0.5738525390625,202,7,0.0766413050462221,0.07353845133370562,0.07490972393655793,0.07665441752773816,0.07816299986610109,0.07986538041505749,0.0,0.008661956082661935,0.008242476346479018,0.008470640890791279,0.00866022753170463,0.008862274521178694,0.009107015697367304,0.0,0.0766413050462221,0.07353845133370562,0.07490972393655793,0.07665441752773816,0.07816299986610109,0.07986538041505749,0.0,0.008661956082661935,0.008242476346479018,0.008470640890791279,0.00866022753170463,0.008862274521178694,0.009107015697367304,0.0,0.2145952747928193,-0.19650661339264586,-0.008873049887793805,0.005134040552226882,0.4252403367919221,0.9373460333415058,0.02197265625,0.036797387323757084,-0.03656520796674075,-0.0015676080941609857,0.0009341168899170085,0.07632553101770288,0.15922782750373898,0.02197265625,0.07781894796188538,-0.18588979067042466,-0.0325134481755045,0.07612030232803191,0.18754841649815024,0.3494239675590714,0.0,0.008802540812277637,-0.021284913696103264,-0.0036262568348767103,0.008734410311982289,0.02114220701630604,0.03961301971612991,0.0,2.559227932137054,0.33396212625202804,1.1220145984731826,1.7142751308874309,4.366501556563724,5.293981484181778,0.0228271484375,2.344632657344235,0.06802810334165255,0.9169775400961919,1.123877522707927,4.374649596643111,5.299931644459375,0.046630859375,-0.01644134521484375,-0.07421875,-0.04296875,-0.01953125,0.00390625,0.05859375,0.013671875,0.02327728271484375,-0.03515625,0.00390625,0.0234375,0.04296875,0.08925781249999964,0.0244140625,0.02286529541015625,-0.03847656249999998,0.00390625,0.0234375,0.04296875,0.08203125,0.0283203125,3.4983903945275583,3.0707489061424824,3.4034255328805454,3.5302773343310383,3.653021438276596,3.76268859722577,0.0,3.4823903945275583,3.0547489061424824,3.3874255328805454,3.5142773343310383,3.637021438276596,3.74668859722577,0.0,0.016000000000000014,0.016000000000000014,0.016000000000000014,0.016000000000000014,0.016000000000000014,0.016000000000000014,0.0,0.00328054186699403,0.003142657932324824,0.0031805333630446292,0.0032276576194706615,0.0033264414132385465,0.0036034607406041403,0.0
rosenbrock_d4,Rosenbrock 4D,clustered,R,0.1,128,4,2,1024,8192,0,0.0,0,7167,503,522,0.8748779296875,0.0614013671875,0.063720703125,0.0506591796875,0.00830078125,0,0.0,,0,0,-0.3155171135317727,-0.35247522850472945,-0.3299142085732545,-0.316952024917895,-0.3019664953292569,-0.2704865224209385,0.0,-0.03563026295338598,-0.03909458016182369,-0.03654107894210935,-0.03586565815724829,-0.03478320116222393,-0.031150174735515474,0.0,-0.3808625364117928,-0.4133560573998336,-0.397538592654163,-0.38462826548631046,-0.3684158931245973,-0.32902686472413034,0.0,-0.04301164856203286,-0.044837145744828916,-0.04439188521400343,-0.044024447905509315,-0.04228997539736934,-0.037394371387707535,0.0,2.8681839423446815,-0.1661575650407956,2.6460299985529865,3.4038360962401444,3.8915377667620916,4.415599428541485,0.063720703125,0.5077308523464195,-0.027400838425672876,0.504415005837836,0.6186854470226412,0.6579649884925157,0.7729644868846155,0.063720703125,-0.3165596706419905,-1.0553606731308975,-0.5973400982952848,-0.3011552263802564,-0.014265205657936875,0.3592076812755659,0.0,-0.03575772267660053,-0.11838748366065595,-0.06761170750222653,-0.03402506734449676,-0.0015638367384360656,0.04102193630602634,0.0,3.886022265912985,0.8101355709547575,3.555133857135173,4.372790767454778,4.969681249910179,5.443494462725206,0.0135498046875,1.0178383235683037,0.0,0.7895572182000459,1.0339248658471751,1.2559826419741,1.900540725817606,0.055908203125,0.002044677734375,-0.02734375,-0.0078125,0.0,0.01171875,0.03515625,0.1103515625,0.0413970947265625,-0.015625,0.01953125,0.04296875,0.0625,0.09375,0.017578125,0.04154205322265625,-0.015625,0.01953125,0.04296875,0.06640625,0.09375,0.015625,3.399280038161637,3.0049163429051178,3.337595102680103,3.4606308615792116,3.5248610377496363,3.581011957094404,0.0,3.5815007508934795,3.1640346958858303,3.5163012023564977,3.6466603600108005,3.7152977012738573,3.774857135274829,0.0,-0.1822207127318422,-0.20121423013581058,-0.18797348868692954,-0.1833606972292947,-0.17745019814175456,-0.15803055972766034,0.0,-0.03726565256578036,-0.03989971467065875,-0.0370955798298999,-0.03681868391716905,-0.03656370723608484,-0.03559926188903064,0.0
rosenbrock_d4,Rosenbrock 4D,clustered,S,0.1,128,4,2,1024,8192,0,0.0,0,1150,1077,5965,0.140380859375,0.1314697265625,0.7281494140625,0.0028076171875,0.00146484375,0,0.0,,0,0,-0.009560310770154476,-0.030062753394591545,-0.009784195422458897,-0.0035882630014700823,-0.00279263264685925,-0.0021612163353772473,0.0,-0.0010796467496373037,-0.0033351927828210977,-0.0011142032770951505,-0.0004036495744803851,-0.00031444473795827585,-0.00024851109512233783,0.0,-0.011614487461578624,-0.036791532401411996,-0.011891597976493529,-0.004283247367755649,-0.00329748517553341,-0.0026076589384187443,0.0,-0.0013117311505736109,-0.004072159708746422,-0.001344876982819346,-0.0004788692787852429,-0.00037059227758748316,-0.0002948733736937843,0.0,0.012546434588110241,-0.014430658098418769,0.0,0.0,0.0,0.01856082775258023,0.7281494140625,0.0024092058490082532,-0.0025463150862750925,0.0,0.0,0.0,0.0033896076895644825,0.7281494140625,-0.008837374952935214,-0.24860011080148223,0.0,0.0,0.0,0.22089905398905932,0.590087890625,-0.0009821071168116366,-0.02792358482265846,0.0,0.0,0.0,0.024718494124545624,0.590087890625,2.4582035120346997,0.23310342183659472,0.9798881060715634,1.4286822978195266,4.371480588242618,5.29685360893361,0.0340576171875,2.4456570774465893,0.1892470170175152,0.9756314273806597,1.4198149198975412,4.372877690036805,5.299931644459375,0.035400390625,0.0,-0.0078125,0.0,0.0,0.0,0.0078125,0.705078125,0.0015106201171875,-0.01171875,0.0,0.0,0.00390625,0.015625,0.5107421875,0.00153350830078125,-0.01171875,0.0,0.0,0.00390625,0.018945312499999645,0.5087890625,3.488355730387986,3.0588654936330943,3.3954939043855417,3.5174548877626384,3.645929755063271,3.755047675032734,0.0,3.4924250586671306,3.056923216024016,3.402391353833448,3.5255731097325227,3.6472764606101844,3.755638802324838,0.0,-0.004069328279144812,-0.015960503329755894,-0.003640192115931473,-0.001086134924701998,-0.0002812664765614592,0.0013173226437677107,0.0,-0.0008274254503816807,-0.003185161243294957,-0.0008469599243749923,-0.00022341324897843119,-5.6849236065623576e-05,0.000277294611665313,0.0
wells_d4,Unequal wells 4D,broad,H,0.1,128,4,2,1024,8192,1024,1.0,8192,3547,2730,1915,0.4329833984375,0.333251953125,0.2337646484375,0.0238037109375,0.063720703125,3547,0.4329833984375,0.4329833984375,195,522,0.03779959971446467,0.02319002163165864,0.030610705960499418,0.03799840770158136,0.043721991088543355,0.054340367784570624,0.0,0.0037511994678455125,0.00270422845673455,0.0033746112445710527,0.003732721518865065,0.004194660005339056,0.004751543763332092,0.0,0.03779959971446467,0.02319002163165864,0.030610705960499418,0.03799840770158136,0.043721991088543355,0.054340367784570624,0.0,0.0037511994678455125,0.00270422845673455,0.0033746112445710527,0.003732721518865065,0.004194660005339056,0.004751543763332092,0.0,0.009429787779279955,-0.09812680230456042,-0.018070051994779956,0.0,0.03768570934211174,0.13506528703577597,0.2337646484375,0.004769127115724374,-0.0582494836084223,-0.01115502947783535,0.0,0.0230821949606153,0.0729929097709677,0.2337646484375,0.031066186854055804,-0.4294800486851056,-0.10235107861694726,0.020257416078412582,0.16088936894916595,0.5086014785137429,0.0,0.003071759151499709,-0.03756025605566413,-0.010568745288375246,0.00242964301398155,0.01662879817292763,0.044733066022916476,0.0,0.12177471920924315,0.0,0.0,0.0809498231072992,0.171863938868696,0.4200294885690813,0.2974853515625,0.1123449314299632,0.0,0.0,0.08758448104496025,0.1418332544616404,0.4099155421573577,0.257568359375,-0.000118255615234375,-0.00390625,0.0,0.0,0.0,0.00390625,0.7724609375,3.814697265625e-06,-0.00390625,0.0,0.0,0.0,0.00390625,0.857421875,-0.0056610107421875,-0.02734375,-0.01171875,-0.00390625,0.0,0.01171875,0.2001953125,5.24907370219952,4.159133470183984,4.699731423786249,5.149871924962874,5.729590645439776,6.4743625606828665,0.0,5.23307370219952,4.143133470183984,4.683731423786249,5.133871924962874,5.713590645439776,6.4583625606828665,0.0,0.016000000000000014,0.016000000000000014,0.016000000000000014,0.016000000000000014,0.016000000000000014,0.016000000000000014,0.0,0.0024262684451274597,0.0020127051291805665,0.002215186419566894,0.002436422867115009,0.0026096840591735356,0.002860960811172131,0.0
wells_d4,Unequal wells 4D,broad,R,0.1,128,4,2,1024,8192,0,0.0,0,3073,2142,2977,0.3751220703125,0.261474609375,0.3634033203125,0.1602783203125,0.1494140625,0,0.0,,0,0,-0.4901640726262799,-1.0134138831385149,-0.603772480800929,-0.417964496295649,-0.31672456009008343,-0.19112850207854337,0.0,-0.04381911935253014,-0.054142084053883065,-0.04850670639854514,-0.04364698401098187,-0.038697780460713725,-0.03275829768196766,0.0,-0.5561460387019492,-1.1431096388701079,-0.6764180897208876,-0.47734267916261075,-0.36227574135886265,-0.22202544079147657,0.0,-0.04991217453517964,-0.06079320598270721,-0.0548840692529816,-0.049960317190280594,-0.04471246620691177,-0.037885896547158085,0.0,0.05299770026182852,-0.1525712782531839,-0.008264812133564767,0.0,0.08451694094022005,0.444373597397045,0.3634033203125,0.0256723084832985,-0.08766777166103029,-0.005339110294314778,0.0,0.053196354237911136,0.2246014836523187,0.3634033203125,-0.5041101199307851,-7.123088600631352,-1.836051645973646,-0.25836536633956175,1.2880779301398977,5.618163944388172,0.0,-0.03633376323316317,-0.5745901826420617,-0.20295893842881982,-0.029282050806688317,0.1377520332136861,0.4745681132421654,0.0,0.14355867545051743,0.0,0.0,0.0892488046946035,0.173380929118361,0.5660665029100458,0.2720947265625,0.09056097518868893,0.0,0.0,0.07937438150515558,0.13783890178672428,0.25486652313302394,0.282958984375,0.08523941040039062,0.05859375,0.07421875,0.0859375,0.09765625,0.11328125,0.0,0.007061004638671875,0.0,0.0,0.00390625,0.01171875,0.0234375,0.357421875,0.00159454345703125,-0.0234375,-0.01171875,0.0,0.01171875,0.03515625,0.109375,5.105034878216225,4.093633956789889,4.594592448137169,5.009159737530008,5.593336393449906,6.282667657460703,0.0,5.377112526182815,4.311474391778927,4.842223077011797,5.2764920410459215,5.891730872122358,6.617593495694654,0.0,-0.27207764796658956,-0.3350960532381972,-0.29781047096953883,-0.26697022794977343,-0.24466387072184315,-0.2187083192945531,0.0,-0.04055562065974515,-0.042105833466282785,-0.04128776800828615,-0.04055220053880303,-0.039784550799723165,-0.03895553958111502,0.0
wells_d4,Unequal wells 4D,broad,S,0.1,128,4,2,1024,8192,0,0.0,0,608,511,7073,0.07421875,0.0623779296875,0.8634033203125,0.0233154296875,0.015380859375,0,0.0,,0,0,-0.11614732983437817,-0.27188515598890545,-0.1424285659623421,-0.09539421648005542,-0.06657616309886816,-0.037350248838554034,0.0,-0.010225738008220533,-0.014493311571143001,-0.01208562818889663,-0.010181919549065643,-0.008219313464230682,-0.005869495991453659,0.0,-0.13553232371830254,-0.3114454959383828,-0.16699879073045665,-0.11283710135608693,-0.07754869847925105,-0.04387921767494074,0.0,-0.011971119304398002,-0.016786396653618658,-0.014078048892253229,-0.011956902496429124,-0.00975385795399815,-0.007098000481336214,0.0,0.000836333180167171,-0.07379655498201497,0.0,0.0,0.0,0.07048092563601781,0.8634033203125,0.0005885447305749236,-0.038524030672229995,0.0,0.0,0.0,0.04152706659437808,0.8634033203125,-0.10229397175018876,-1.1475062965617095,-0.13909226257425344,0.0,0.028923429880638007,0.6211904367030865,0.236083984375,-0.00995349075565904,-0.11123230741970214,-0.015092147023071895,0.0,0.0030252349094910857,0.05516959355007984,0.236083984375,0.11747799190968676,0.0,0.0,0.08581817593941621,0.15233271059238696,0.4192839532450268,0.2735595703125,0.11664165872951959,0.0,0.0,0.08513811211863995,0.1533104632297727,0.41678114384772025,0.281494140625,0.000247955322265625,-0.01171875,0.0,0.0,0.0,0.01171875,0.58984375,8.7738037109375e-05,-0.0078125,0.0,0.0,0.0,0.0078125,0.716796875,0.00141143798828125,-0.0078125,0.0,0.0,0.00390625,0.01171875,0.4736328125,5.224371285498315,4.141026002113215,4.681634268355303,5.128912985249241,5.708625210920589,6.4546884002576075,0.0,5.257776118900725,4.167412418665056,4.709442826256159,5.1516992803637915,5.741597479990905,6.482299010442975,0.0,-0.033404833402409205,-0.05242506338770525,-0.03953685107689142,-0.032452417533149536,-0.02660084634735682,-0.017235781564906023,0.0,-0.004972314233143635,-0.007509307057187363,-0.005700216565371735,-0.004939433518023482,-0.004108777970824205,-0.0027243377838113343,0.0
wells_d4,Unequal wells 4D,clustered,H,0.1,128,4,2,1024,8192,1024,1.0,8192,5995,1982,215,0.7318115234375,0.241943359375,0.0262451171875,0.0279541015625,0.0140380859375,5995,0.7318115234375,0.7318115234375,229,115,0.021440114792268535,0.020123794137173103,0.020893284538777257,0.021404312086543698,0.02208351016775445,0.02280514065922072,0.0,0.0072511957234917355,0.006709230980090095,0.006972207255911461,0.0072322736259605525,0.007475112612131881,0.0078580386219023,0.0,0.021440114792268535,0.020123794137173103,0.020893284538777257,0.021404312086543698,0.02208351016775445,0.02280514065922072,0.0,0.0072511957234917355,0.006709230980090095,0.006972207255911461,0.0072322736259605525,0.007475112612131881,0.0078580386219023,0.0,0.045342123443324264,-0.05912436444639457,0.0,0.041277919562469956,0.0903954552299715,0.16083816494600756,0.0262451171875,0.01991252301895388,-0.027118746049418833,0.0,0.01847017345288858,0.04016979085248172,0.07129945098258096,0.0262451171875,0.021409838591593882,-0.01224269917453813,0.007407003328707251,0.02190269552640345,0.03558453067632317,0.05432728427739164,0.0,0.007243752042849878,-0.00413422298873994,0.0025174322226901463,0.007344858955862612,0.011920104753085314,0.01862562407134032,0.0,0.17119255455806925,0.012956317016521663,0.1174941485070885,0.17308987527251207,0.22842028726724828,0.31036058633420294,0.040283203125,0.12585043111474498,0.0,0.11264839865775422,0.13380027751403945,0.14416695132875357,0.21927348877809805,0.05419921875,-0.01551055908203125,-0.08984375,-0.04296875,-0.015625,0.01171875,0.05078125,0.037109375,-0.006443023681640625,-0.06640625,-0.0234375,-0.00390625,0.015625,0.0390625,0.0439453125,-0.006191253662109375,-0.06582031249999998,-0.0234375,-0.00390625,0.015625,0.04296875,0.052734375,3.529892615220095,3.143625893689352,3.43619536754719,3.5519820131313207,3.6742060347630883,3.7876987938547555,0.0,3.513892615220095,3.127625893689352,3.42019536754719,3.5359820131313207,3.6582060347630883,3.7716987938547555,0.0,0.016000000000000014,0.016000000000000014,0.016000000000000014,0.016000000000000014,0.016000000000000014,0.016000000000000014,0.0,0.0032672999175665414,0.0031371583456718784,0.0031804120564877655,0.0032258255925110527,0.0033161004117246784,0.0035779171501553048,0.0
wells_d4,Unequal wells 4D,clustered,R,0.1,128,4,2,1024,8192,0,0.0,0,4145,2365,1682,0.5059814453125,0.2886962890625,0.205322265625,0.048583984375,0.0263671875,0,0.0,,0,0,-0.031194429456253968,-0.0346214262213016,-0.03268057475429531,-0.0313766605765583,-0.02978152738710743,-0.027701876050903244,0.0,-0.010541406884950115,-0.01147694487083878,-0.011003399437367889,-0.010681675133747359,-0.010196752684073749,-0.009261648627844335,0.0,-0.037957957073485996,-0.041263681910933325,-0.03954784800354355,-0.038256644459656375,-0.03659737813590774,-0.033578531507063136,0.0,-0.012827492935495769,-0.013805032722202997,-0.013341199754966589,-0.013033594040964845,-0.012431260375155165,-0.01150347830735731,0.0,0.021860745840457232,-0.12523597179411536,-0.01427714230730076,0.0014374208212506456,0.07340703680783506,0.17582501158578545,0.205322265625,0.009315995269289484,-0.05742564220212706,-0.0064536306460025806,0.0006291155100860553,0.032004304356693096,0.0760737198690771,0.205322265625,-0.02810292902516917,-0.19040447415231732,-0.09315712783713082,-0.02820935498419963,0.0379484240741661,0.1348945786055029,0.0,-0.009486706263392868,-0.0642702629497578,-0.031442808728031735,-0.009587514964349737,0.012639595172451033,0.04613343503512489,0.0,0.15945186575663572,0.015323970189665914,0.12184745383527962,0.14598101005687125,0.20465058272216452,0.2977058193569123,0.0361328125,0.1375911199161785,0.0,0.10292105141061858,0.1362424982542303,0.1709681117329922,0.2697477609064819,0.058349609375,-0.00077056884765625,-0.03515625,-0.015625,-0.00390625,0.01171875,0.03515625,0.0576171875,0.029117584228515625,-0.01953125,0.00390625,0.03125,0.05078125,0.078125,0.041015625,0.029422760009765625,-0.01953125,0.0078125,0.03125,0.0546875,0.08203125,0.0400390625,3.431520178853154,3.05690564441587,3.3630590223312855,3.476961916856051,3.546272273337614,3.6054340959629365,0.0,3.612265051587036,3.217009268641461,3.5407902823710833,3.6593011436252456,3.7326782518767265,3.795805509118551,0.0,-0.18074487273388207,-0.19000627692064626,-0.18675923267424122,-0.18336227002490135,-0.17696185124015185,-0.15977044147836733,0.0,-0.03683377876023594,-0.03742580156576934,-0.03708036040151605,-0.036918082322949894,-0.036640091113604306,-0.03600377468527083,0.0
wells_d4,Unequal wells 4D,clustered,S,0.1,128,4,2,1024,8192,0,0.0,0,654,647,6891,0.079833984375,0.0789794921875,0.8411865234375,0.004150390625,0.00341796875,0,0.0,,0,0,-0.0021952918772428984,-0.002764898585238329,-0.0023960458693592646,-0.0021762990223643808,-0.0019705538663670197,-0.0017147902702717714,0.0,-0.0007421920068577017,-0.0009369599178352824,-0.0008135024413011775,-0.0007359396624931467,-0.0006678349686684438,-0.0005756300545373424,0.0,-0.0022906931080951525,-0.0029215602217701917,-0.0025224817011801903,-0.002265287383609982,-0.00204367934226396,-0.0017532191202247471,0.0,-0.0007745071906774006,-0.0009846988755643393,-0.0008537096582223481,-0.0007692020118351966,-0.0006924212927751058,-0.0005999721037126916,0.0,0.00010252593214205819,-0.026242183299963615,0.0,0.0,0.0,0.029398132598441984,0.8411865234375,3.921248548251648e-05,-0.011646645498110633,0.0,0.0,0.0,0.012633562071910546,0.8411865234375,-0.0024488774085401933,-0.03708958515195615,-0.004035411782968845,0.0,0.0,0.03117027474242948,0.45166015625,-0.0008261106578200449,-0.012525909995164059,-0.0013808067679912817,0.0,0.0,0.010461978068783722,0.45166015625,0.14857275580247814,0.002620149231490187,0.11400168544263933,0.1395458022997731,0.18876106009655164,0.28525934800647135,0.046875,0.1484702298703361,0.0019150847562804981,0.11400168544263933,0.13945134394151948,0.1884002428171052,0.2855595592503343,0.047607421875,5.340576171875e-05,-0.0078125,0.0,0.0,0.0,0.0078125,0.55078125,0.001285552978515625,-0.01171875,0.0,0.0,0.00390625,0.015625,0.400390625,0.001331329345703125,-0.01171875,0.0,0.0,0.00390625,0.015625,0.3896484375,3.5214533090949827,3.1314870081709882,3.428220161653752,3.5445909109926603,3.66588797186509,3.7754892813434004,0.0,3.5223319213452076,3.1427208989402144,3.4310522917835633,3.545151972633369,3.666466727764119,3.7739530820755713,0.0,-0.0008786122502248703,-0.01062351610376857,-0.004786023379277471,-0.0007177147320276411,0.003196982223835798,0.008144335325115826,0.0,-0.00018230421007655697,-0.002285223280498127,-0.000959676701616767,-0.00014473885460283858,0.0006530932932077391,0.0016876534247214539,0.0
periodic_d1,Periodic 1D,broad,H,0.1,128,4,2,1024,8192,1024,1.0,8192,3558,2628,2006,0.434326171875,0.32080078125,0.244873046875,0.08251953125,0.28466796875,3558,0.434326171875,0.434326171875,676,2332,0.0008695714452942004,0.0005312518965835455,0.0007250829886792654,0.0008835413481873,0.0010078242606562648,0.0011710106110743904,0.0,0.0005477215144608987,0.00029460657571743075,0.0004279894140786423,0.0005486584075779189,0.0006529706183099629,0.0007985155897345485,0.0,0.0008695714452942004,0.0005312518965835455,0.0007250829886792654,0.0008835413481873,0.0010078242606562648,0.0011710106110743904,0.0,0.0005477215144608987,0.00029460657571743075,0.0004279894140786423,0.0005486584075779189,0.0006529706183099629,0.0007985155897345485,0.0,0.0006279730360776254,-0.00044557214632856557,-1.759175785265299e-06,0.0,0.0004926435183573163,0.0035898161398494333,0.244873046875,0.000619395202716309,-0.0004325845785834203,-1.7591594973108746e-06,0.0,0.0004922984258547006,0.0035371795343960882,0.244873046875,0.0007105856312221838,-0.012013532552769305,-0.004639931856560808,0.0006483875381264603,0.006021373531785723,0.013656050079115746,0.0,0.0004497945643717072,-0.00742503020787507,-0.0028389239996307425,0.0004200368093306747,0.003733619720403767,0.008495375459204644,0.0,0.0011360981421064727,0.0,0.0,0.0,0.0008145728514337147,0.005018593189074875,0.529541015625,0.0005081251060288473,0.0,0.0,1.8266070843875326e-05,0.00026682271166433846,0.002234868405606827,0.327392578125,-0.039463043212890625,-0.1484375,-0.09375,-0.0390625,0.01171875,0.0625,0.0244140625,0.012233734130859375,0.0,0.0,0.0078125,0.01953125,0.0390625,0.3740234375,-0.012241363525390625,-0.04296875,-0.0234375,-0.01171875,0.0,0.01953125,0.0498046875,1.312980915396351,0.8188979997305594,1.0360632950308422,1.2797378799442485,1.5215750809408974,1.9380669809647102,0.0,1.308980915396351,0.8148979997305594,1.0320632950308422,1.2757378799442485,1.5175750809408974,1.9340669809647102,0.0,0.0040000000000000036,0.0040000000000000036,0.0040000000000000036,0.0040000000000000036,0.0040000000000000036,0.0040000000000000036,0.0,0.0016758177860616875,0.0012956201089970396,0.0015017689650188423,0.0016573053256856442,0.0018506860123264478,0.0020628003217367653,0.0
periodic_d1,Periodic 1D,broad,R,0.1,128,4,2,1024,8192,0,0.0,0,2296,1869,4027,0.2802734375,0.2281494140625,0.4915771484375,0.17724609375,0.15869140625,0,0.0,,0,0,-0.017049836465180542,-0.025762355613693114,-0.020323920866964135,-0.01715764180335999,-0.014021042397819858,-0.009264444224115263,0.0,-0.010494854920576764,-0.014672251223341728,-0.012336024344127844,-0.010829150701014412,-0.008526401589343785,-0.005956502018085937,0.0,-0.01737634558107149,-0.02593815473474337,-0.020695844764823335,-0.017565056108295396,-0.013993919655456905,-0.009166616445901998,0.0,-0.010702188866210497,-0.015094576723102889,-0.012671989911578627,-0.011101474679923593,-0.008662897956042527,-0.005930975160568106,0.0,0.0002841422648818215,-0.0010620789389877983,0.0,0.0,1.4579647137469287e-05,0.002484916071903879,0.4915771484375,0.00027629089733196643,-0.0010609516035553252,0.0,0.0,1.4576714134319619e-05,0.0024729428363475707,0.4915771484375,-0.018434132648569246,-0.2399664453271586,-0.10593529922851048,-0.017764225967231984,0.07207559320270054,0.1961938954101293,0.0,-0.011309911707487361,-0.14841021498073773,-0.06529085519023635,-0.011087464049668233,0.04464809736143498,0.1206418237610992,0.0,0.0009641827565085707,0.0,0.0,1.3672177340051661e-05,0.0004955280592324751,0.004229775262116322,0.419189453125,0.0006800404916267491,0.0,0.0,5.884616006146537e-06,0.00036767740772675195,0.0033225161427781202,0.437744140625,0.007450103759765625,-0.05859375,-0.01953125,0.00390625,0.03515625,0.0703125,0.0400390625,0.001926422119140625,-0.0078125,0.0,0.0,0.00390625,0.015625,0.5478515625,0.001476287841796875,-0.01953125,-0.0078125,0.0,0.01171875,0.0234375,0.16796875,1.276544655849815,0.8006268388614051,1.0075963294458563,1.234449194549488,1.475205523929644,1.8663087556915863,0.0,1.345417174942887,0.8437765392633375,1.0616945511818816,1.300179685497987,1.5546711116386323,1.9673554707996714,0.0,-0.06887251909307184,-0.1012507366605779,-0.07973540510261967,-0.0661527108743396,-0.05417973277744126,-0.04317603468288657,0.0,-0.02772106739553413,-0.032978285988881924,-0.030059627679545394,-0.027776399685291664,-0.02516237431267461,-0.022262715047332828,0.0
periodic_d1,Periodic 1D,broad,S,0.1,128,4,2,1024,8192,0,0.0,0,402,292,7498,0.049072265625,0.03564453125,0.915283203125,0.0262451171875,0.0155029296875,0,0.0,,0,0,-0.01161734894714124,-0.015147449723432226,-0.012884451496830082,-0.011505088654362672,-0.010398280157040585,-0.008341261817132795,0.0,-0.007166273776380379,-0.008989017547082145,-0.0077416943274055345,-0.007162928582754357,-0.006479374242060715,-0.005525301998720082,0.0,-0.012061249008253522,-0.015604649263731729,-0.013280645926154189,-0.0120051496270564,-0.010868904664516177,-0.008906075826853077,0.0,-0.007443238777963641,-0.009302996937650434,-0.008034675890898258,-0.007451611328735134,-0.006739293857793086,-0.005850346761331261,0.0,8.951393641104591e-05,0.0,0.0,0.0,0.0,0.0,0.915283203125,8.676425261115146e-05,0.0,0.0,0.0,0.0,0.0,0.915283203125,-0.01039020807415718,-0.06986772564213932,-0.027911387228667983,-0.0021808007710459876,0.0033462097402221502,0.03969640152084482,0.1708984375,-0.006453332865161916,-0.042750132230301455,-0.017232167081870673,-0.0013231952965295738,0.002120447921746037,0.024007118911396844,0.1708984375,0.0008668685922731829,0.0,0.0,1.2200506186554883e-05,0.00041966821327066306,0.004060951203442841,0.423095703125,0.000777354655862137,0.0,0.0,7.079591463510226e-06,0.00039978266559501097,0.0036974512600512674,0.433837890625,-0.002407073974609375,-0.0234375,-0.0078125,0.0,0.00390625,0.015625,0.166015625,0.000415802001953125,-0.00390625,0.0,0.0,0.0,0.00390625,0.7685546875,0.001232147216796875,-0.00390625,0.0,0.0,0.00390625,0.0078125,0.5205078125,1.2991443173158177,0.8066577558237603,1.027177594627776,1.265985214626466,1.5111925404064819,1.9081196552322053,0.0,1.3228175134768843,0.8207058917205782,1.0411023660269345,1.29091097898581,1.542524586219991,1.9528147531731341,0.0,-0.02367319616106657,-0.04138917942521014,-0.030330826831743762,-0.022780564568742778,-0.016194114127104337,-0.010041852129537107,0.0,-0.009448915247020847,-0.014422810959295202,-0.011294389542648475,-0.009416178513923495,-0.007496239315841259,-0.004837826969850904,0.0
periodic_d1,Periodic 1D,clustered,H,0.1,128,4,2,1024,8192,1024,1.0,8192,5183,2789,220,0.6326904296875,0.3404541015625,0.02685546875,0.0516357421875,0.012451171875,5183,0.6326904296875,0.6326904296875,423,102,0.0011985189526840861,0.0011433560761078293,0.0011749177590384546,0.0012000109885867416,0.0012219867682530527,0.0012538834198669523,0.0,0.0008195089892696081,0.0007696154505419817,0.0007971217434633435,0.0008181788891693383,0.0008414523851080322,0.0008706779009691058,0.0,0.0011985189526840861,0.0011433560761078293,0.0011749177590384546,0.0012000109885867416,0.0012219867682530527,0.0012538834198669523,0.0,0.0008195089892696081,0.0007696154505419817,0.0007971217434633435,0.0008181788891693383,0.0008414523851080322,0.0008706779009691058,0.0,0.01788207686595375,-0.011152994551886786,-0.0004850932010460052,0.0028307074841376623,0.03615695241797667,0.072264331486938,0.02685546875,0.013636161073626087,-0.00867154120212267,-0.0003723517589991452,0.0021742165881740035,0.02787869456566871,0.05494331010957067,0.02685546875,0.001442531199638381,-0.012633248287051257,-0.0043996259347903605,0.0014289141904287317,0.0074489917451069365,0.015516786187846132,0.0,0.0009855850834642006,-0.008697737547716269,-0.0030169239963840845,0.000974447168119237,0.005108469992461211,0.010604901400372306,0.0,0.1553710591477125,0.00690212964707726,0.054825856246765836,0.09520652843805943,0.28473401034471213,0.3426741163791486,0.039306640625,0.13748898228175876,0.0,0.036593814453951046,0.04261236897302001,0.2869606223897827,0.34349075404897256,0.0784912109375,-0.021331787109375,-0.14453125,-0.08203125,-0.0234375,0.0390625,0.10546875,0.015625,0.02960968017578125,-0.015625,0.00390625,0.02734375,0.05078125,0.09375,0.052734375,0.032161712646484375,-0.01171875,0.0078125,0.03125,0.0546875,0.08984375,0.046875,0.841678525381645,0.7479636914022609,0.8141333445110099,0.846857878603789,0.8755018905072436,0.9179010028541331,0.0,0.837678525381645,0.7439636914022609,0.8101333445110099,0.842857878603789,0.8715018905072436,0.9139010028541331,0.0,0.0040000000000000036,0.0040000000000000036,0.0040000000000000036,0.0040000000000000036,0.0040000000000000036,0.0040000000000000036,0.0,0.0020213411673398463,0.0019465660400736092,0.001985000913175809,0.0020165246467745836,0.0020411432843970042,0.002125112850801178,0.0
periodic_d1,Periodic 1D,clustered,R,0.1,128,4,2,1024,8192,0,0.0,0,7011,621,560,0.8558349609375,0.0758056640625,0.068359375,0.0872802734375,0.0185546875,0,0.0,,0,0,-0.019981956658271856,-0.02154486069643522,-0.02066977228124603,-0.02010695631248266,-0.019523416188799464,-0.017886775340425192,0.0,-0.013654913872623665,-0.014575389801372386,-0.014057037077616182,-0.013737717187953353,-0.013425461382627141,-0.012337149318868786,0.0,-0.022381667762212877,-0.024008690797163106,-0.023126168408364678,-0.022437070048439423,-0.021956278439734578,-0.020203424357259026,0.0,-0.015295092211912095,-0.016209330893340833,-0.0157234787187409,-0.015392638687545868,-0.015091315405127944,-0.013924551087535118,0.0,0.19788624484864087,-0.019489433669032545,0.18600515253805572,0.2379203126242767,0.27363433987308616,0.3088269643523539,0.068359375,0.15181468252786964,-0.014705535645914128,0.1468382158363937,0.1842632413965308,0.208952130285265,0.23067621116734802,0.068359375,-0.018967982990614852,-0.05897192083638314,-0.03447569064854622,-0.018710356355670865,-0.0035056303031737596,0.019945043152322615,0.0,-0.012962539195713474,-0.0404710197144248,-0.023582754068425037,-0.012773586172236989,-0.002389115782308223,0.013617382509078697,0.0,0.24537314313905606,0.02834530118095513,0.23354661535881105,0.2864253075753752,0.3203602668904733,0.3516403932054478,0.0245361328125,0.047486898290415205,0.0,0.03305930214482308,0.041746752107268525,0.06394021072116451,0.10598726076315479,0.09326171875,0.01149749755859375,-0.0390625,-0.0078125,0.01171875,0.03125,0.0625,0.046875,0.0394744873046875,-0.00390625,0.0234375,0.0390625,0.05859375,0.078125,0.0244140625,0.039264678955078125,-0.00390625,0.0234375,0.0390625,0.0546875,0.078125,0.02734375,0.8180238784794741,0.734107338428684,0.8001615336310008,0.8197767200132625,0.8480326463593237,0.8833377330231551,0.0,0.8613331722838159,0.7728760504061484,0.8428532323138518,0.8630989608836858,0.8928104309318691,0.9299166302775637,0.0,-0.043309293804341786,-0.04695718139916085,-0.04484750264947626,-0.04354454523627804,-0.042238825208305186,-0.03863760141785233,0.0,-0.021847837820914724,-0.022875668986765456,-0.022260458317170807,-0.02189189241202678,-0.021515860459290746,-0.02053053081224862,0.0
periodic_d1,Periodic 1D,clustered,S,0.1,128,4,2,1024,8192,0,0.0,0,1184,1250,5758,0.14453125,0.152587890625,0.702880859375,0.0037841796875,0.00537109375,0,0.0,,0,0,-0.0004390329005832329,-0.0009413371232460166,-0.000566581476403219,-0.0003337471530884262,-0.00025292387790647186,-0.00017804670056370544,0.0,-0.00030007642024058076,-0.0006436876811074755,-0.00038760898117779706,-0.00022843388327653514,-0.0001733257777626832,-0.00012285057806618723,0.0,-0.00048296684028250583,-0.00104397857515183,-0.0006156415942916438,-0.00036163535905164856,-0.00027755190477940506,-0.00019442855715295915,0.0,-0.00033011096253373414,-0.0007141625793552076,-0.00042127350778094154,-0.0002497087287982435,-0.0001884740839179544,-0.0001328745460653962,0.0,-0.0017975547803769365,-0.008194621105821297,0.0,0.0,0.0,0.006277245747068707,0.702880859375,-0.0013165217332408781,-0.006420078995001799,0.0,0.0,0.0,0.004950037682649146,0.702880859375,-0.00018846771420398127,-0.015016538856134487,-0.0001259620799475697,0.0,0.0,0.014810740747113579,0.50537109375,-0.00012909216430710666,-0.010265822479228531,-8.654880483566263e-05,0.0,0.0,0.010115586453801227,0.50537109375,0.14553124332454717,0.0,0.03916519141373928,0.07554804153482286,0.28342934701495565,0.34291392160022016,0.0596923828125,0.1473287981049241,0.0,0.03904227283069117,0.07714172827020582,0.2871907631714322,0.34343862344318726,0.05810546875,0.00037384033203125,-0.0078125,-0.00390625,0.0,0.00390625,0.01171875,0.419921875,0.00030517578125,-0.01171875,-0.00390625,0.0,0.00390625,0.015625,0.46875,0.000354766845703125,-0.01171875,-0.00390625,0.0,0.00390625,0.015625,0.458984375,0.8392092479041725,0.7464563671173807,0.8110503924174843,0.8435563275342955,0.8731926474501638,0.9164246559963847,0.0,0.8401478028591175,0.7470726892742815,0.8121050236895916,0.8446373241627257,0.8740518077135758,0.9172757242164051,0.0,-0.0009385549549449943,-0.0020794372788743853,-0.0013380028581428394,-0.0007403787548100338,-0.0005252219653165413,-0.0002632104031117244,0.0,-0.0004732862905878173,-0.0010427597350536342,-0.0006895301346339229,-0.0003737479039110284,-0.0002663390152096587,-0.0001314196591340731,0.0
