instance,short_label,population_family,switch,tau,input_laws,pooled_other_switch_settings,pooled_orders,law_configuration_order_cells,paired_batch_outcomes,exact_positive_mean_cost_cells,exact_positive_mean_cost_fraction,positive_cost_batch_opportunities,paired_gain_positive_count,paired_gain_negative_count,paired_gain_tied_count,paired_gain_positive_probability,paired_gain_negative_probability,paired_gain_tied_probability,exclusive_record_probability,lost_record_probability,positive_cost_and_gain_count,positive_cost_and_gain_probability,positive_cost_and_gain_conditional_probability,positive_cost_and_exclusive_record_count,positive_cost_and_lost_record_count,exact_mean_cost_mean,exact_mean_cost_q05,exact_mean_cost_q25,exact_mean_cost_q50,exact_mean_cost_q75,exact_mean_cost_q95,exact_mean_cost_exact_zero_fraction,exact_mean_cost_normalized_mean,exact_mean_cost_normalized_q05,exact_mean_cost_normalized_q25,exact_mean_cost_normalized_q50,exact_mean_cost_normalized_q75,exact_mean_cost_normalized_q95,exact_mean_cost_normalized_exact_zero_fraction,phase_mean_cost_mean,phase_mean_cost_q05,phase_mean_cost_q25,phase_mean_cost_q50,phase_mean_cost_q75,phase_mean_cost_q95,phase_mean_cost_exact_zero_fraction,phase_mean_cost_normalized_mean,phase_mean_cost_normalized_q05,phase_mean_cost_normalized_q25,phase_mean_cost_normalized_q50,phase_mean_cost_normalized_q75,phase_mean_cost_normalized_q95,phase_mean_cost_normalized_exact_zero_fraction,paired_record_advantage_mean,paired_record_advantage_q05,paired_record_advantage_q25,paired_record_advantage_q50,paired_record_advantage_q75,paired_record_advantage_q95,paired_record_advantage_exact_zero_fraction,paired_record_advantage_normalized_mean,paired_record_advantage_normalized_q05,paired_record_advantage_normalized_q25,paired_record_advantage_normalized_q50,paired_record_advantage_normalized_q75,paired_record_advantage_normalized_q95,paired_record_advantage_normalized_exact_zero_fraction,paired_sample_mean_cost_mean,paired_sample_mean_cost_q05,paired_sample_mean_cost_q25,paired_sample_mean_cost_q50,paired_sample_mean_cost_q75,paired_sample_mean_cost_q95,paired_sample_mean_cost_exact_zero_fraction,paired_sample_mean_cost_normalized_mean,paired_sample_mean_cost_normalized_q05,paired_sample_mean_cost_normalized_q25,paired_sample_mean_cost_normalized_q50,paired_sample_mean_cost_normalized_q75,paired_sample_mean_cost_normalized_q95,paired_sample_mean_cost_normalized_exact_zero_fraction,record_gain_enabled_mean,record_gain_enabled_q05,record_gain_enabled_q25,record_gain_enabled_q50,record_gain_enabled_q75,record_gain_enabled_q95,record_gain_enabled_exact_zero_fraction,record_gain_disabled_mean,record_gain_disabled_q05,record_gain_disabled_q25,record_gain_disabled_q50,record_gain_disabled_q75,record_gain_disabled_q95,record_gain_disabled_exact_zero_fraction,novelty_probability_difference_mean,novelty_probability_difference_q05,novelty_probability_difference_q25,novelty_probability_difference_q50,novelty_probability_difference_q75,novelty_probability_difference_q95,novelty_probability_difference_exact_zero_fraction,record_and_novelty_probability_difference_mean,record_and_novelty_probability_difference_q05,record_and_novelty_probability_difference_q25,record_and_novelty_probability_difference_q50,record_and_novelty_probability_difference_q75,record_and_novelty_probability_difference_q95,record_and_novelty_probability_difference_exact_zero_fraction,candidate_record_probability_difference_mean,candidate_record_probability_difference_q05,candidate_record_probability_difference_q25,candidate_record_probability_difference_q50,candidate_record_probability_difference_q75,candidate_record_probability_difference_q95,candidate_record_probability_difference_exact_zero_fraction,total_variance_enabled_mean,total_variance_enabled_q05,total_variance_enabled_q25,total_variance_enabled_q50,total_variance_enabled_q75,total_variance_enabled_q95,total_variance_enabled_exact_zero_fraction,total_variance_disabled_mean,total_variance_disabled_q05,total_variance_disabled_q25,total_variance_disabled_q50,total_variance_disabled_q75,total_variance_disabled_q95,total_variance_disabled_exact_zero_fraction,total_variance_difference_mean,total_variance_difference_q05,total_variance_difference_q25,total_variance_difference_q50,total_variance_difference_q75,total_variance_difference_q95,total_variance_difference_exact_zero_fraction,total_variance_difference_normalized_mean,total_variance_difference_normalized_q05,total_variance_difference_normalized_q25,total_variance_difference_normalized_q50,total_variance_difference_normalized_q75,total_variance_difference_normalized_q95,total_variance_difference_normalized_exact_zero_fraction
separable_pl_d4,PL 4D,broad,H,0.1,128,4,2,1024,8192,1024,1.0,8192,3644,2434,2114,0.44482421875,0.297119140625,0.258056640625,0.0245361328125,0.0386962890625,3644,0.44482421875,0.44482421875,201,317,0.017028780181416167,0.015424916899111097,0.0163437574159091,0.017024387333655966,0.017783474146040756,0.01863397396900144,0.0,0.0016745786657764961,0.001371885522485532,0.0015170225300326025,0.0016440807444174786,0.0018053574486378789,0.0020772466719036825,0.0,0.017028780181416167,0.015424916899111097,0.0163437574159091,0.017024387333655966,0.017783474146040756,0.01863397396900144,0.0,0.0016745786657764961,0.001371885522485532,0.0015170225300326025,0.0016440807444174786,0.0018053574486378789,0.0020772466719036825,0.0,0.03091250699300045,-0.21591573180032242,-0.025801181592114197,0.0,0.10319190441374326,0.298276241336461,0.258056640625,0.010682372579824143,-0.08543423674804204,-0.00937620757190622,0.0,0.0416688786333582,0.10749457748385502,0.258056640625,0.017585431879033123,-0.08664530120266534,-0.02364469020923199,0.018277937991100224,0.058526055428401946,0.11827290872495588,0.0,0.0017450767305194695,-0.008367168785874285,-0.0022745453804811685,0.0018035650413318553,0.005732022304286566,0.011842308552265373,0.0,0.2819712494528082,0.0,0.0,0.21774928949260597,0.41190195350422654,0.8095864918294854,0.2967529296875,0.25105874245980775,0.0,0.0,0.23763298754010176,0.3338612486689372,0.655162917340147,0.2825927734375,-9.1552734375e-05,-0.00390625,0.0,0.0,0.0,0.00390625,0.7626953125,3.814697265625e-05,-0.00390625,0.0,0.0,0.0,0.00390625,0.8916015625,-0.0023345947265625,-0.015625,-0.0078125,0.0,0.0,0.015625,0.30859375,5.108766861223726,4.092086634497041,4.633669991256306,5.093740214626981,5.524151290161694,6.342234695012338,0.0,5.092766861223726,4.076086634497041,4.617669991256306,5.0777402146269806,5.508151290161694,6.326234695012338,0.0,0.016000000000000014,0.016000000000000014,0.016000000000000014,0.016000000000000014,0.016000000000000014,0.016000000000000014,0.0,0.002453795942833694,0.0020510927363991097,0.0022835194512276775,0.00242364039466798,0.00261645294844921,0.0028987485316733104,0.0
separable_pl_d4,PL 4D,broad,H,0.05,128,4,2,1024,8192,1024,1.0,8192,3378,2313,2501,0.412353515625,0.2823486328125,0.3052978515625,0.0164794921875,0.0704345703125,3378,0.412353515625,0.412353515625,135,577,0.008374083028235963,0.007560106447573123,0.008020437291872184,0.008364948253364979,0.008739466179843669,0.009181892701687478,0.0,0.0008233427099680247,0.0006805187018456594,0.0007442516984856181,0.0008077340492373398,0.0008876910000927638,0.0010201672778536693,0.0,0.008374083028235963,0.007560106447573123,0.008020437291872184,0.008364948253364979,0.008739466179843669,0.009181892701687478,0.0,0.0008233427099680247,0.0006805187018456594,0.0007442516984856181,0.0008077340492373398,0.0008876910000927638,0.0010201672778536693,0.0,0.02469707223580534,-0.13661695857698675,-0.01599714051623924,0.0,0.06965766629602088,0.22176514681027193,0.3052978515625,0.008778254522895539,-0.055695530450333,-0.006284072433191284,0.0,0.027977022739600323,0.08110449877490469,0.3052978515625,0.008736524497911083,-0.06536172793455819,-0.021375722739250147,0.008825744168309946,0.038592899994419394,0.08270218912548444,0.0,0.0008595357478683396,-0.006309285490319526,-0.0020943948143146273,0.0008452907057190856,0.003734440489965477,0.00802732491065026,0.0,0.14828983016608646,0.0,0.0,0.08916347015034076,0.22313889512701324,0.4617931142015159,0.375732421875,0.12359275793028113,0.0,0.0,0.11737592821916554,0.16457955888947148,0.20444682994947216,0.32177734375,0.000152587890625,0.0,0.0,0.0,0.0,0.00390625,0.8837890625,-1.9073486328125e-05,0.0,0.0,0.0,0.0,0.0,0.9541015625,-0.005565643310546875,-0.01953125,-0.0078125,-0.00390625,0.0,0.00390625,0.2001953125,5.3502463836883525,4.300871672649972,4.876435934670578,5.350257581094269,5.740475771460485,6.562627927184829,0.0,5.342246383688352,4.292871672649972,4.868435934670578,5.34225758109427,5.732475771460485,6.554627927184829,0.0,0.008000000000000007,0.008000000000000007,0.008000000000000007,0.008000000000000007,0.008000000000000007,0.008000000000000007,0.0,0.0012268979714168471,0.0010255463681995548,0.0011417597256138388,0.00121182019733399,0.001308226474224605,0.0014493742658366552,0.0
separable_pl_d4,PL 4D,broad,H,0.025,128,4,2,1024,8192,1024,1.0,8192,3303,2087,2802,0.4031982421875,0.2547607421875,0.342041015625,0.0152587890625,0.09033203125,3303,0.4031982421875,0.4031982421875,125,740,0.004153332949686507,0.003736286435759695,0.003977132069004519,0.004147916031866927,0.004333266668901992,0.0045581423783797705,0.0,0.0004083192797807345,0.0003390793513237823,0.00036897271788511655,0.0004002768446447665,0.00044063882918177785,0.0005056599289861454,0.0,0.004153332949686507,0.003736286435759695,0.003977132069004519,0.004147916031866927,0.004333266668901992,0.0045581423783797705,0.0,0.0004083192797807345,0.0003390793513237823,0.00036897271788511655,0.0004002768446447665,0.00044063882918177785,0.0005056599289861454,0.0,0.022199984204805387,-0.07554773070528742,-0.0023601683388059236,0.0,0.04991984519680254,0.1625177667554829,0.342041015625,0.00824521693295836,-0.029311614824820458,-0.0012855303439343654,0.0,0.020503101714149933,0.06076563914285438,0.342041015625,0.004624952575430745,-0.0481388369268263,-0.01773895580342888,0.005780220351386589,0.025040266071326478,0.05614581301470398,0.0,0.0004544621913033642,-0.004689591197171878,-0.0017100339879937165,0.0005699528203603111,0.002479447228158801,0.005463872936220293,0.0,0.08465692793522461,0.0,0.0,0.027759802013902934,0.12913698102104387,0.27170638574127093,0.432373046875,0.06245694373041921,0.0,0.0,0.057726136498261305,0.08097431168126601,0.09946376917723043,0.3572998046875,5.340576171875e-05,0.0,0.0,0.0,0.0,0.0,0.966796875,1.52587890625e-05,0.0,0.0,0.0,0.0,0.0,0.9921875,-0.006610870361328125,-0.01953125,-0.01171875,-0.0078125,-0.00390625,0.0078125,0.154296875,5.473792544113762,4.395573058861433,4.995153633942712,5.488079523240725,5.869902445742376,6.682715927461128,0.0,5.469792544113762,4.391573058861433,4.991153633942712,5.484079523240726,5.8659024457423765,6.678715927461129,0.0,0.003999999999999565,0.0039999999999995595,0.0039999999999995595,0.0039999999999995595,0.0039999999999995595,0.0039999999999995595,0.0,0.0006134489857083566,0.0005127731840997205,0.0005708798628068561,0.0006059100986669278,0.0006541132371122299,0.0007246871329182472,0.0
separable_pl_d4,PL 4D,broad,H,0.0125,128,4,2,1024,8192,1024,1.0,8192,3257,1940,2995,0.3975830078125,0.23681640625,0.3656005859375,0.0137939453125,0.1143798828125,3257,0.3975830078125,0.3975830078125,113,937,0.00206841340294185,0.0018588592736731968,0.001979364271667894,0.002067241856935631,0.002159408655639794,0.0022705147472381173,0.0,0.0002033387554677666,0.00016926653098456865,0.0001837273959129745,0.0001992084485146032,0.00021952629135096446,0.0002516764078442186,0.0,0.00206841340294185,0.0018588592736731968,0.001979364271667894,0.002067241856935631,0.002159408655639794,0.0022705147472381173,0.0,0.0002033387554677666,0.00016926653098456865,0.0001837273959129745,0.0001992084485146032,0.00021952629135096446,0.0002516764078442186,0.0,0.018332632227139087,-0.04048354580725929,0.0,0.0,0.03656816860705092,0.11560318998813357,0.3656005859375,0.006926986139489106,-0.015102871167362074,0.0,0.0,0.015491771025494714,0.04454643565814591,0.3656005859375,0.0023630461017079708,-0.03415384062516571,-0.012352599782014195,0.002458781613553729,0.01734174417199652,0.038591415247422926,0.0,0.00023500410853088754,-0.003267063418777572,-0.0012028644056876893,0.0002411365404975959,0.0016798865270082433,0.003726170476085956,0.0,0.04581403821879122,0.0,0.0,0.0050818065623789155,0.07246068956146079,0.16377724979678954,0.47998046875,0.027481405991652136,0.0,0.0,0.028400208155656248,0.04043290162050073,0.0481080817861983,0.37939453125,-1.9073486328125e-05,0.0,0.0,0.0,0.0,0.0,0.9736328125,-1.52587890625e-05,0.0,0.0,0.0,0.0,0.0,0.98828125,-0.008007049560546875,-0.01953125,-0.01171875,-0.0078125,-0.00390625,0.0033203124999996447,0.1083984375,5.536269286773683,4.455601986393047,5.054037327908945,5.540970364835295,5.9433816249595806,6.740278062708416,0.0,5.534269286773684,4.453601986393047,5.052037327908946,5.538970364835295,5.941381624959581,6.7382780627084164,0.0,0.0019999999999997797,0.0019999999999997797,0.0019999999999997797,0.0019999999999997797,0.0019999999999997797,0.0019999999999997797,0.0,0.00030672449285417774,0.00025638659204986025,0.00028543993140342803,0.0003029550493334639,0.00032705661855611496,0.0003623435664591236,0.0
separable_pl_d4,PL 4D,broad,H,0.00625,128,4,2,1024,8192,1024,1.0,8192,3236,1946,3010,0.39501953125,0.237548828125,0.367431640625,0.00927734375,0.1524658203125,3236,0.39501953125,0.39501953125,76,1249,0.0010321653651326002,0.0009276882303584699,0.0009872681777891579,0.001032032230069646,0.0010778711921357598,0.0011331380632956466,0.0,0.0001014663161987851,8.456770028215317e-05,9.169783728772467e-05,9.938563128372344e-05,0.00010954447511208132,0.00012555822177777703,0.0,0.0010321653651326002,0.0009276882303584699,0.0009872681777891579,0.001032032230069646,0.0010778711921357598,0.0011331380632956466,0.0,0.0001014663161987851,8.456770028215317e-05,9.169783728772467e-05,9.938563128372344e-05,0.00010954447511208132,0.00012555822177777703,0.0,0.014040035180738375,-0.02123581241144934,0.0,0.0,0.02450260683090466,0.08241509788254353,0.367431640625,0.005415461030042848,-0.007611515215625512,0.0,0.0,0.010798394305276867,0.03181190900751944,0.367431640625,0.0012444740173924937,-0.02518586156737017,-0.009226089717607522,0.0012660075231352153,0.011535704166202976,0.026480255790138654,0.0,0.00012383180692005955,-0.0024475425626589,-0.0008998049864750247,0.00012510003486381613,0.0011293558129801754,0.0026150076013941054,0.0,0.028903041256800564,0.0,0.0,0.0,0.04366703464892385,0.10564730865927463,0.5198974609375,0.014863006076062188,0.0,0.0,0.01424973996249912,0.020308423257509478,0.024036523994543924,0.376708984375,3.814697265625e-06,0.0,0.0,0.0,0.0,0.0,0.9912109375,-1.52587890625e-05,0.0,0.0,0.0,0.0,0.0,0.99609375,-0.01029205322265625,-0.0234375,-0.015625,-0.0078125,-0.00390625,0.0,0.044921875,5.5676838230104,4.485996402839029,5.083602846384657,5.572069911114896,5.977376585172855,6.767295863725171,0.0,5.5666838230104005,4.484996402839029,5.082602846384658,5.571069911114896,5.976376585172854,6.766295863725171,0.0,0.0010000000000003305,0.001000000000000334,0.001000000000000334,0.001000000000000334,0.001000000000000334,0.001000000000000334,0.0,0.0001533622464271562,0.00012819329602498705,0.0001427199657017774,0.00015147752466679922,0.0001635283092781301,0.00018117178322964224,0.0
separable_pl_d4,PL 4D,broad,H,0.003125,128,4,2,1024,8192,1024,1.0,8192,3228,1902,3062,0.39404296875,0.232177734375,0.373779296875,0.00341796875,0.172119140625,3228,0.39404296875,0.39404296875,28,1410,0.0005155751002121761,0.0004634118810094456,0.0004932636045289485,0.000515622305639063,0.0005382747815372291,0.0005660416919536004,0.0,5.0682663719518555e-05,4.226779822004023e-05,4.581920406832306e-05,4.964815714418028e-05,5.471794519483841e-05,6.269489347973647e-05,0.0,0.0005155751002121761,0.0004634118810094456,0.0004932636045289485,0.000515622305639063,0.0005382747815372291,0.0005660416919536004,0.0,5.0682663719518555e-05,4.226779822004023e-05,4.581920406832306e-05,4.964815714418028e-05,5.471794519483841e-05,6.269489347973647e-05,0.0,0.0104150922606401,-0.010771819151426465,0.0,0.0,0.017554369285236016,0.058494479485244,0.373779296875,0.004072680297387061,-0.00383297970249248,0.0,0.0,0.007508853082897884,0.022624209957994242,0.373779296875,0.000640804959115861,-0.018180177105352156,-0.0068535495988975015,0.0008695221161936217,0.0078776846358517,0.01855532033835061,0.0,6.33307254748135e-05,-0.0017572493024687386,-0.0006730297471304135,8.319309973393376e-05,0.0007785393533532413,0.001842705779866659,0.0,0.019030603151084794,0.0,0.0,0.0,0.02685310676714467,0.07096659359244573,0.5458984375,0.008615510890444694,0.0,0.0,0.007138302635286475,0.010159534430628447,0.012024802592560668,0.377197265625,1.52587890625e-05,0.0,0.0,0.0,0.0,0.0,0.99609375,0.0,0.0,0.0,0.0,0.0,0.0,1.0,-0.01178741455078125,-0.0234375,-0.015625,-0.01171875,-0.0078125,-0.00390625,0.03515625,5.583435162985602,4.502843247665169,5.100532782268458,5.585920355290419,5.992047592875037,6.78508909915584,0.0,5.582935162985602,4.502343247665169,5.100032782268459,5.5854203552904185,5.991547592875038,6.78458909915584,0.0,0.0004999999999997264,0.0004999999999997229,0.0004999999999997229,0.0004999999999997229,0.0004999999999997229,0.0004999999999997229,0.0,7.668112321351116e-05,6.40966480124366e-05,7.135998285082531e-05,7.573876233333234e-05,8.176415463899243e-05,9.058589161474067e-05,0.0
separable_pl_d4,PL 4D,broad,H,0.0015625,128,4,2,1024,8192,1024,1.0,8192,3170,1954,3068,0.386962890625,0.238525390625,0.37451171875,0.001953125,0.194091796875,3170,0.386962890625,0.386962890625,16,1590,0.00025766099910879987,0.00023159827240952778,0.00024652215726828075,0.0002577131211660699,0.00026897270768211357,0.00028288932283428994,0.0,2.532874220466062e-05,2.1129928504854255e-05,2.290124579162748e-05,2.481295116840259e-05,2.734544651805202e-05,3.1321694519642095e-05,0.0,0.00025766099910879987,0.00023159827240952778,0.00024652215726828075,0.0002577131211660699,0.00026897270768211357,0.00028288932283428994,0.0,2.532874220466062e-05,2.1129928504854255e-05,2.290124579162748e-05,2.481295116840259e-05,2.734544651805202e-05,3.1321694519642095e-05,0.0,0.0076703747329977,-0.005499650932510036,0.0,0.0,0.01267816357279028,0.04020623046607241,0.37451171875,0.00301274098843953,-0.0019230435674806982,0.0,0.0,0.005376039961723813,0.01605775343884091,0.37451171875,0.0003503791571415518,-0.012662011450477626,-0.004969484732131768,0.0005518903806116526,0.005469157533002367,0.012992744334727746,0.0,3.470122874406197e-05,-0.0012389630793472374,-0.0004889575161252987,5.515188430095193e-05,0.0005360808088916656,0.0012919113790090702,0.0,0.011645009555243285,0.0,0.0,0.0,0.016750662457768017,0.0464966285489008,0.568603515625,0.003974634822245584,0.0,0.0,0.0035723290282531073,0.005081093610631804,0.006014033932292495,0.37646484375,0.0,0.0,0.0,0.0,0.0,0.0,1.0,0.0,0.0,0.0,0.0,0.0,0.0,1.0,-0.01316070556640625,-0.02734375,-0.0166015625,-0.01171875,-0.0078125,-0.00390625,0.03125,5.59132185473301,4.511281462684983,5.106882969931439,5.593734018130184,5.999391655526985,6.792658916615244,0.0,5.59107185473301,4.511031462684983,5.106632969931439,5.593484018130184,5.9991416555269845,6.792408916615243,0.0,0.00025000000000030206,0.00025000000000030553,0.00025000000000030553,0.00025000000000030553,0.00025000000000030553,0.00025000000000030553,0.0,3.834056160682252e-05,3.204832400627523e-05,3.567999142547604e-05,3.7869381166733436e-05,4.088207731956883e-05,4.529294580745079e-05,0.0
separable_pl_d4,PL 4D,broad,H,0.00078125,128,4,2,1024,8192,1024,1.0,8192,3172,1922,3098,0.38720703125,0.234619140625,0.378173828125,0.001953125,0.201904296875,3172,0.38720703125,0.38720703125,16,1654,0.00012879890491803228,0.00011577226803369812,0.00012323369264821693,0.00012883210526837274,0.0001344452482485714,0.0001414118196499281,0.0,1.2661227935062243e-05,1.056397689461471e-05,1.1448579275003332e-05,1.2403698388296678e-05,1.3669347622232117e-05,1.5654414292359187e-05,0.0,0.00012879890491803228,0.00011577226803369812,0.00012323369264821693,0.00012883210526837274,0.0001344452482485714,0.0001414118196499281,0.0,1.2661227935062243e-05,1.056397689461471e-05,1.1448579275003332e-05,1.2403698388296678e-05,1.3669347622232117e-05,1.5654414292359187e-05,0.0,0.005620424109511482,-0.0027603123770552074,0.0,0.0,0.009012364316622001,0.028772231852733476,0.378173828125,0.0022098138727046903,-0.0009607648116502458,0.0,0.0,0.003773363592602542,0.011382886393480129,0.378173828125,0.0002098781609497591,-0.009246029713299464,-0.003512487129812669,0.0003521335010709947,0.0037819273595243175,0.009211570879266162,0.0,2.0891135534090394e-05,-0.0008856790049724156,-0.00034400434264167173,3.4962477833345484e-05,0.0003743400735190053,0.0009118614357796222,0.0,0.007449180313378594,0.0,0.0,0.0,0.011039602198338994,0.03223421203622068,0.580078125,0.0018287562038671124,0.0,0.0,0.001786552625719362,0.002537658378234997,0.0029740759761862634,0.380126953125,0.0,0.0,0.0,0.0,0.0,0.0,1.0,0.0,0.0,0.0,0.0,0.0,0.0,1.0,-0.01358795166015625,-0.02734375,-0.01953125,-0.01171875,-0.0078125,-0.00390625,0.03515625,5.595267956519046,4.515504269581118,5.110939601903359,5.597686374322522,6.003065826240638,6.796688681418053,0.0,5.595142956519046,4.515379269581119,5.110814601903359,5.597561374322522,6.002940826240639,6.7965636814180534,0.0,0.00012499999999971215,0.00012499999999970868,0.00012499999999970868,0.00012499999999970868,0.00012499999999970868,0.00012499999999970868,0.0,1.9170280803344323e-05,1.6024162003080683e-05,1.7839995712674638e-05,1.893469058329945e-05,2.0441038659711798e-05,2.264647290364494e-05,0.0
separable_pl_d4,PL 4D,clustered,H,0.1,128,4,2,1024,8192,1024,1.0,8192,4587,3523,82,0.5599365234375,0.4300537109375,0.010009765625,0.026123046875,0.0001220703125,4587,0.5599365234375,0.5599365234375,214,1,0.011191788488514988,0.010324941885569316,0.010624206696463023,0.011270150948925917,0.011718216999952347,0.012032814538195423,0.0,0.0013986736596078037,0.0012710181339161454,0.0013256485844026623,0.0014003776013345513,0.0014625466028593914,0.0015242622702668104,0.0,0.011191788488514988,0.010324941885569316,0.010624206696463023,0.011270150948925917,0.011718216999952347,0.012032814538195423,0.0,0.0013986736596078037,0.0012710181339161454,0.0013256485844026623,0.0014003776013345513,0.0014625466028593914,0.0015242622702668104,0.0,0.14993347153144646,-0.0969927513589246,-0.019539369182034028,0.02294716359564397,0.31976157050906107,0.6139537201521488,0.010009765625,0.02177883044195781,-0.014263338860793616,-0.0029033682155422715,0.003330285569202854,0.04678188444418586,0.08977600504026845,0.010009765625,0.010955044912310407,-0.09057223598443542,-0.031015323090763047,0.010509656976283921,0.05349608757519775,0.10968477090326889,0.0,0.0013673550303280912,-0.011246110793802628,-0.0038409750639403716,0.0013030122255062266,0.006675857791553971,0.013698626736991138,0.0,2.7632386980691077,0.2838938640185136,0.6743428628359474,1.0187134673281242,5.740671671271473,6.0990927531304555,0.0101318359375,2.613305226537661,0.10365685166183525,0.5368542373033005,0.5502463356213942,5.765588202226716,6.120266423900018,0.0361328125,-0.015453338623046875,-0.078125,-0.046875,-0.015625,0.0126953125,0.05859375,0.0185546875,0.027278900146484375,-0.03125,0.00390625,0.02734375,0.05078125,0.0859375,0.033203125,0.027667999267578125,-0.03125,0.00390625,0.02734375,0.0546875,0.08984375,0.0205078125,3.461476752959587,3.099840787965419,3.3673876955721713,3.4796563940467324,3.609457433887763,3.724817291683572,0.0,3.445476752959587,3.083840787965419,3.3513876955721713,3.4636563940467324,3.593457433887763,3.7088172916835718,0.0,0.016000000000000014,0.016000000000000014,0.016000000000000014,0.016000000000000014,0.016000000000000014,0.016000000000000014,0.0,0.0032651911988625833,0.0031217971607243175,0.003174852452008059,0.0032170748227548125,0.003325152910235517,0.0035812870655073663,0.0
separable_pl_d4,PL 4D,clustered,H,0.05,128,4,2,1024,8192,1024,1.0,8192,5030,2677,485,0.614013671875,0.3267822265625,0.0592041015625,0.048583984375,0.011962890625,5030,0.614013671875,0.614013671875,398,98,0.005079657452681283,0.004780241019467235,0.004927433092074551,0.0050721334337846535,0.005223510188532288,0.005367761694710893,0.0,0.0006348389989609638,0.0005884558998254024,0.0006137809646777559,0.0006342995685915125,0.0006553294909740353,0.0006809862429011651,0.0,0.005079657452681283,0.004780241019467235,0.004927433092074551,0.0050721334337846535,0.005223510188532288,0.005367761694710893,0.0,0.0006348389989609638,0.0005884558998254024,0.0006137809646777559,0.0006342995685915125,0.0006553294909740353,0.0006809862429011651,0.0,0.10911729250911957,-0.10781370902608389,-0.010631664913945515,0.04775196100970902,0.22706980543394772,0.44592549818955596,0.0592041015625,0.015821301101030985,-0.01610020951805636,-0.0015788892839254899,0.006968493657844363,0.03339852961687929,0.06528940527982093,0.0592041015625,0.004273819514923796,-0.06591459178082992,-0.026982936579101002,0.0028697246901217,0.03537477448754078,0.07686043220619787,0.0,0.0005331281389500264,-0.008311550599499522,-0.0033446024641110043,0.0003493604070674481,0.004415264495551645,0.009563338431269199,0.0,1.7800729486973301,0.0,0.25918933452759063,0.4734667063239675,5.298424459816462,6.01137880106698,0.0711669921875,1.6709556561882106,0.0,0.25900250750146725,0.27520102379377587,5.303431342178412,6.018734812984727,0.1077880859375,0.7609329223632812,0.65625,0.72265625,0.77734375,0.8203125,0.8626953124999996,0.0009765625,0.08805084228515625,0.01953125,0.05078125,0.078125,0.12109375,0.1796875,0.0,0.00948333740234375,-0.03847656249999998,-0.00390625,0.0078125,0.0234375,0.06582031249999964,0.091796875,3.6809133757397885,3.2816382456918456,3.591777261379029,3.7316127495487743,3.815591114590418,3.907415283979572,0.0,3.6729133757397885,3.2736382456918456,3.583777261379029,3.7236127495487743,3.807591114590418,3.899415283979572,0.0,0.008000000000000007,0.008000000000000007,0.008000000000000007,0.008000000000000007,0.008000000000000007,0.008000000000000007,0.0,0.0016325955994312916,0.0015608985803621587,0.0015874262260040296,0.0016085374113774063,0.0016625764551177584,0.0017906435327536831,0.0
separable_pl_d4,PL 4D,clustered,H,0.025,128,4,2,1024,8192,1024,1.0,8192,4843,2212,1137,0.5911865234375,0.27001953125,0.1387939453125,0.054931640625,0.0487060546875,4843,0.5911865234375,0.5911865234375,450,399,0.0024106607243249024,0.0022949816795174716,0.002360089700795598,0.00241166831944728,0.0024550140332648684,0.0025369799136530247,0.0,0.0003012813203719049,0.0002821442779497088,0.00029243976402619384,0.00030075771545085743,0.000308445438774397,0.0003248106835462882,0.0,0.0024106607243249024,0.0022949816795174716,0.002360089700795598,0.00241166831944728,0.0024550140332648684,0.0025369799136530247,0.0,0.0003012813203719049,0.0002821442779497088,0.00029243976402619384,0.00030075771545085743,0.000308445438774397,0.0003248106835462882,0.0,0.07344452665614774,-0.1111000150532595,-0.0027563966124830586,0.024196476182773985,0.16010244956320108,0.310792253387735,0.1387939453125,0.010646020225629469,-0.016550992562289348,-0.0004058891573092904,0.003555488518867658,0.02305276099535338,0.04608469991655516,0.1387939453125,0.0025334162807909844,-0.04899337304234987,-0.018857388714882184,0.0021654500699237467,0.02429688876507008,0.054727928030681106,0.0,0.0003147575627033304,-0.0061251930375319725,-0.0023567588085043594,0.00026650520892112936,0.0030310692138104003,0.0068525671528516805,0.0,1.0359285185478737,0.0,0.061021900185964206,0.21665524218366405,0.3865339878514904,5.925656403815378,0.1875,0.9624839918917258,0.0,0.07123531273671624,0.13727188211898067,0.1392478777234114,5.92956106929962,0.1937255859375,0.47197723388671875,0.29296875,0.3984375,0.47265625,0.55078125,0.6478515624999996,0.0,0.036685943603515625,0.0078125,0.01953125,0.03125,0.046875,0.0859375,0.015625,0.00218963623046875,-0.0234375,-0.01171875,0.0,0.01171875,0.0390625,0.109375,3.7937841586899275,3.3605681303961346,3.705674843755283,3.852063093511921,3.9211023416535067,4.004663148726903,0.0,3.789784158689928,3.3565681303961346,3.701674843755283,3.848063093511921,3.9171023416535067,4.000663148726903,0.0,0.003999999999999979,0.0039999999999995595,0.0040000000000000036,0.0040000000000000036,0.0040000000000000036,0.0040000000000000036,0.0,0.0008162977997156412,0.0007804492901810058,0.0007937131130020148,0.0008042687056887031,0.0008312882275588792,0.0008953217663768416,0.0
separable_pl_d4,PL 4D,clustered,H,0.0125,128,4,2,1024,8192,1024,1.0,8192,4484,1958,1750,0.54736328125,0.239013671875,0.213623046875,0.0540771484375,0.0885009765625,4484,0.54736328125,0.54736328125,443,725,0.0011730479300013667,0.001123513708817292,0.0011492174353342488,0.0011707257627970868,0.0011939788194588186,0.0012332747066254868,0.0,0.00014660729471568053,0.00013739880733786066,0.0001424040832108941,0.0001460273191536965,0.0001502979002217912,0.00015752824590804316,0.0,0.0011730479300013667,0.001123513708817292,0.0011492174353342488,0.0011707257627970868,0.0011939788194588186,0.0012332747066254868,0.0,0.00014660729471568053,0.00013739880733786066,0.0001424040832108941,0.0001460273191536965,0.0001502979002217912,0.00015752824590804316,0.0,0.04875165537072182,-0.06870134733995314,0.0,0.009821162550219142,0.1036460192419848,0.2202278181558887,0.213623046875,0.007090479175838754,-0.010006043562631675,0.0,0.0014125811167196053,0.0152344639512355,0.032377604241589204,0.213623046875,0.001434996842669224,-0.034935332009268016,-0.014131448136005531,0.0007004714351994679,0.017392818396860577,0.03792901360196321,0.0,0.00017830313363829394,-0.004399677914619153,-0.0017598469827819698,8.777019674547257e-05,0.002175369253158135,0.0047485631728356355,0.0,0.5901951491713819,0.0,0.0,0.09527738370220806,0.20224887349987686,5.774749452879716,0.3021240234375,0.5414434938006601,0.0,0.0,0.06860882561336723,0.06952594391615374,5.784783652861077,0.2677001953125,0.13544845581054688,0.0390625,0.07421875,0.12890625,0.1796875,0.265625,0.0,0.00751495361328125,0.0,0.0,0.00390625,0.01171875,0.0234375,0.2734375,-0.0046844482421875,-0.03125,-0.01171875,-0.00390625,0.00390625,0.0234375,0.1015625,3.85100659481519,3.409163572644799,3.7605639375081106,3.916208840255166,3.9793734753534724,4.063550318455369,0.0,3.84900659481519,3.4071635726447993,3.758563937508111,3.9142088402551662,3.9773734753534726,4.061550318455369,0.0,0.001999999999999781,0.0019999999999997797,0.0019999999999997797,0.0019999999999997797,0.0019999999999997797,0.0019999999999997797,0.0,0.0004081488998577779,0.00039022464509049637,0.0003968565565009633,0.0004021343528443069,0.0004156441137793935,0.0004476608831883711,0.0
separable_pl_d4,PL 4D,clustered,H,0.00625,128,4,2,1024,8192,1024,1.0,8192,4189,1891,2112,0.5113525390625,0.2308349609375,0.2578125,0.0474853515625,0.12255859375,4189,0.5113525390625,0.5113525390625,389,1004,0.0005784559929212498,0.0005528312931720958,0.0005676639528331417,0.0005774296638381138,0.0005886955162996976,0.000607221203369157,0.0,7.22956332937618e-05,6.778559930057273e-05,7.043613646478882e-05,7.215104687906658e-05,7.418250582558032e-05,7.746461928699461e-05,0.0,0.0005784559929212498,0.0005528312931720958,0.0005676639528331417,0.0005774296638381138,0.0005886955162996976,0.000607221203369157,0.0,7.22956332937618e-05,6.778559930057273e-05,7.043613646478882e-05,7.215104687906658e-05,7.418250582558032e-05,7.746461928699461e-05,0.0,0.03377233069992083,-0.03460695265719593,0.0,0.002441232987887787,0.07048630509856713,0.15432420888332476,0.2578125,0.004925710335474252,-0.00509307169980048,0.0,0.0003544061257269327,0.010372217702642506,0.02271177404986096,0.2578125,0.0006781898365737607,-0.025460609991005967,-0.010075534491920779,0.00015903883310919298,0.011437356450334057,0.026582134551809133,0.0,8.41938214465564e-05,-0.003175744339225555,-0.0012641067060084183,2.0346264903373937e-05,0.0014377465132712954,0.003334690759311708,0.0,0.2917178891929938,0.0,0.0,0.03904383750649654,0.11488522494844311,0.24844349078290762,0.38037109375,0.25794555849307305,0.0,0.0,0.03428857051455392,0.0347360053489707,0.035398448556398954,0.3052978515625,0.009258270263671875,0.0,0.0,0.00390625,0.01171875,0.03125,0.3251953125,0.00054931640625,0.0,0.0,0.0,0.0,0.00390625,0.8671875,-0.00760650634765625,-0.02734375,-0.015625,-0.0078125,0.0,0.01171875,0.08984375,3.8798144530438674,3.438328646465764,3.78369972765734,3.9439284144848576,4.008622663931918,4.09454677967538,0.0,3.8788144530438675,3.437328646465764,3.78269972765734,3.9429284144848573,4.007622663931917,4.093546779675379,0.0,0.0010000000000000165,0.0009999999999998899,0.0009999999999998899,0.0009999999999998899,0.001000000000000334,0.001000000000000334,0.0,0.00020407444992891376,0.00019511232254533484,0.00019842827825056978,0.00020106717642215345,0.00020782205688969676,0.00022383044159418554,0.0
separable_pl_d4,PL 4D,clustered,H,0.003125,128,4,2,1024,8192,1024,1.0,8192,3896,1922,2374,0.4755859375,0.234619140625,0.289794921875,0.0357666015625,0.1568603515625,3896,0.4755859375,0.4755859375,293,1285,0.0002872114226247658,0.0002748405200037052,0.00028229802043822083,0.0002866900784384008,0.00029247163334122916,0.00030131420677714793,0.0,3.5895865248748214e-05,3.371468107410247e-05,3.497310835923766e-05,3.5766342899568e-05,3.684031611024927e-05,3.853533440705549e-05,0.0,0.0002872114226247658,0.0002748405200037052,0.00028229802043822083,0.0002866900784384008,0.00029247163334122916,0.00030131420677714793,0.0,3.5895865248748214e-05,3.371468107410247e-05,3.497310835923766e-05,3.5766342899568e-05,3.684031611024927e-05,3.853533440705549e-05,0.0,0.023213515515532027,-0.017367412658908954,0.0,0.0,0.046542734431095134,0.10905928359430828,0.289794921875,0.003392667577723323,-0.0025702140712705254,0.0,0.0,0.0068043194740659,0.016067180412610172,0.289794921875,0.0003166382868624041,-0.01819529211412174,-0.00742778313703063,-0.00017989583425759292,0.00798016446268246,0.01922332287522721,0.0,3.9163887764928753e-05,-0.002261891157258869,-0.000925691717063507,-2.2274262369665145e-05,0.0010045447307513908,0.0023858237633912786,0.0,0.15721037298164453,0.0,0.0,0.012783184823770721,0.06756041535778445,0.13945747961226918,0.4466552734375,0.1339968574661125,0.0,0.0,0.017147611848917776,0.017367412658908954,0.017635039187222645,0.3255615234375,3.814697265625e-06,0.0,0.0,0.0,0.0,0.0,0.9794921875,0.0,0.0,0.0,0.0,0.0,0.0,1.0,-0.00965118408203125,-0.0234375,-0.015625,-0.01171875,-0.00390625,0.0078125,0.099609375,3.894267528086531,3.452976344008646,3.798281773754852,3.958718185936382,4.022952099561129,4.108324254884842,0.0,3.893767528086531,3.452476344008646,3.797781773754852,3.958218185936382,4.0224520995611295,4.107824254884842,0.0,0.0005000000000000022,0.0004999999999997229,0.0004999999999997229,0.000500000000000167,0.000500000000000167,0.000500000000000167,0.0,0.00010203722496445719,9.755616127258077e-05,9.921413912519677e-05,0.00010053358821112138,0.00010391102844489451,0.00011191522079714247,0.0
separable_pl_d4,PL 4D,clustered,H,0.0015625,128,4,2,1024,8192,1024,1.0,8192,3745,1890,2557,0.4571533203125,0.230712890625,0.3121337890625,0.0277099609375,0.1817626953125,3745,0.4571533203125,0.4571533203125,227,1489,0.00014310162584676815,0.00013705759936200046,0.00014063948578302288,0.00014270353294421056,0.00014580547665876686,0.0001502863237871299,0.0,1.7884951988612033e-05,1.6812852954381653e-05,1.7423743893046235e-05,1.7805219971087867e-05,1.8367344273820063e-05,1.9220156615474833e-05,0.0,0.00014310162584676815,0.00013705759936200046,0.00014063948578302288,0.00014270353294421056,0.00014580547665876686,0.0001502863237871299,0.0,1.7884951988612033e-05,1.6812852954381653e-05,1.7423743893046235e-05,1.7805219971087867e-05,1.8367344273820063e-05,1.9220156615474833e-05,0.0,0.01625259397475786,-0.00871144813958491,0.0,0.0,0.03160908642394533,0.07652734552942775,0.3121337890625,0.002379984483588707,-0.001285796248812345,0.0,0.0,0.004614552781132453,0.011217211796070478,0.3121337890625,0.0001459696093406227,-0.012840089292623702,-0.005286691597237825,-0.00026179531619163754,0.0055964751280566105,0.01343346409018853,0.0,1.7993991870449857e-05,-0.0016083552742552306,-0.0006645607932210292,-3.2914377726563356e-05,0.0007037363966046293,0.0016587551258279818,0.0,0.0815378705977562,0.0,0.0,0.0009192585495476635,0.041292036651176645,0.08789149252642581,0.493896484375,0.06528527662299834,0.0,0.0,0.008571239070511716,0.008685042565364398,0.008810528203806456,0.33984375,-1.9073486328125e-05,0.0,0.0,0.0,0.0,0.0,0.9951171875,0.0,0.0,0.0,0.0,0.0,0.0,1.0,-0.011962890625,-0.02734375,-0.01953125,-0.01171875,-0.0078125,0.00390625,0.05078125,3.901506350394557,3.4603165043615265,3.8045517430055114,3.9660857282417012,4.0316197032993575,4.117527296659985,0.0,3.901256350394557,3.4600665043615266,3.804301743005511,3.9658357282417014,4.031369703299357,4.117277296659985,0.0,0.00025000000000004186,0.00024999999999986144,0.00024999999999986144,0.00024999999999986144,0.00025000000000030553,0.00025000000000030553,0.0,5.1018612482235196e-05,4.877808063637703e-05,4.9607069562686504e-05,5.026679410551604e-05,5.195551422240111e-05,5.5957610398521536e-05,0.0
separable_pl_d4,PL 4D,clustered,H,0.00078125,128,4,2,1024,8192,1024,1.0,8192,3573,1940,2679,0.4361572265625,0.23681640625,0.3270263671875,0.017578125,0.1947021484375,3573,0.4361572265625,0.4361572265625,144,1595,7.14247991552338e-05,6.843817757533621e-05,7.017814311449655e-05,7.122538561343816e-05,7.27785258014535e-05,7.505050405183233e-05,0.0,8.926731780699055e-06,8.394991538318832e-06,8.700604667448685e-06,8.884474941826945e-06,9.169277070632106e-06,9.598205376227999e-06,0.0,7.14247991552338e-05,6.843817757533621e-05,7.017814311449655e-05,7.122538561343816e-05,7.27785258014535e-05,7.505050405183233e-05,0.0,8.926731780699055e-06,8.394991538318832e-06,8.700604667448685e-06,8.884474941826945e-06,9.169277070632106e-06,9.598205376227999e-06,0.0,0.011412539517759564,-0.004361071506318481,0.0,0.0,0.021163061799109872,0.054100177623163326,0.3270263671875,0.0016725037320972885,-0.000643206625128702,0.0,0.0,0.0031294184148994214,0.007940468283280372,0.3270263671875,7.505907534923319e-05,-0.009085208066983874,-0.00377582249830688,-0.00022077327761627075,0.004060513948818345,0.009390412246011337,0.0,9.203219162537226e-06,-0.0011336137348939583,-0.00047358171550725706,-2.7399841659831632e-05,0.000504047817215557,0.001170342837336545,0.0,0.07729691589689103,0.0,0.0,0.0,0.027163328701307776,0.06054765431717374,0.521728515625,0.0658843763791315,0.0,0.0,0.004286086391325661,0.004342961010255664,0.004405680716937255,0.3446044921875,0.0,0.0,0.0,0.0,0.0,0.0,1.0,0.0,0.0,0.0,0.0,0.0,0.0,1.0,-0.0130767822265625,-0.02734375,-0.01953125,-0.01171875,-0.0078125,0.00390625,0.0390625,3.905128832537785,3.4639906651111523,3.807847791679332,3.9697738312566075,4.035971981181195,4.122015002633042,0.0,3.9050038325377856,3.463865665111152,3.807722791679332,3.969648831256607,4.035846981181195,4.121890002633043,0.0,0.00012499999999996889,0.00012499999999970868,0.00012499999999970868,0.00012500000000015277,0.00012500000000015277,0.00012500000000015277,0.0,2.550930624110875e-05,2.4389040318101867e-05,2.4803534781255134e-05,2.5133397052802666e-05,2.59777571112467e-05,2.797880519931047e-05,0.0
separable_pl_d8,PL 8D,broad,H,0.1,128,4,2,1024,8192,1024,1.0,8192,3654,2566,1972,0.446044921875,0.313232421875,0.24072265625,0.018310546875,0.03173828125,3654,0.446044921875,0.446044921875,150,260,0.03328506021776863,0.030891981766326636,0.03229952984428319,0.03338928510633288,0.034128592595120466,0.03542706007502154,0.0,0.0016959983990425362,0.001435753640058084,0.0015786762095620303,0.001692920553873108,0.0018080482062524136,0.0019465770338364231,0.0,0.03328506021776863,0.030891981766326636,0.03229952984428319,0.03338928510633288,0.034128592595120466,0.03542706007502154,0.0,0.0016959983990425362,0.001435753640058084,0.0015786762095620303,0.001692920553873108,0.0018080482062524136,0.0019465770338364231,0.0,0.05457434072517135,-0.4161720157569186,-0.06045662328709955,0.0,0.2075725871034022,0.5405203648237547,0.24072265625,0.007174836382963033,-0.057829226260251256,-0.008402960190563738,0.0,0.02862975356408809,0.07235648525191712,0.24072265625,0.033614918541439984,-0.1131934647070807,-0.02630962369644152,0.03252713304028809,0.0946587753396324,0.18008941449770788,0.0,0.0017296455855053841,-0.005653351305969645,-0.0013523307307647411,0.001640823228965852,0.0048679311777203626,0.009215269085046303,0.0,0.661298105739411,0.0,0.0,0.48715009415626165,0.837420980306101,2.546895768110416,0.2724609375,0.6067237650142394,0.0,0.0,0.5028535921393171,0.587196386829115,2.5475757112216653,0.259033203125,-0.000213623046875,-0.00390625,0.0,0.0,0.0,0.0,0.890625,-1.1444091796875e-05,-0.00390625,0.0,0.0,0.0,0.00390625,0.85546875,-0.0028076171875,-0.01953125,-0.00390625,0.0,0.0,0.01171875,0.3125,10.494377346192035,9.067246399245514,9.827170944055013,10.379281474374627,11.073245336371656,12.13962550166287,0.0,10.462377346192037,9.035246399245514,9.795170944055013,10.347281474374627,11.041245336371656,12.10762550166287,0.0,0.03200000000000003,0.03200000000000003,0.03200000000000003,0.03200000000000003,0.03200000000000003,0.03200000000000003,0.0,0.0026222450089834204,0.0023115950823829065,0.0024871712841027446,0.002624301499801102,0.0027480434370735487,0.0029653039891258236,0.0
separable_pl_d8,PL 8D,broad,H,0.05,128,4,2,1024,8192,1024,1.0,8192,3530,2286,2376,0.430908203125,0.279052734375,0.2900390625,0.0123291015625,0.0517578125,3530,0.430908203125,0.430908203125,101,424,0.016448607057102372,0.01528788204174596,0.0158978559312688,0.016512147750546546,0.01687392890383954,0.017523440814631107,0.0,0.0008380619998676184,0.0007110401618884199,0.0007817245847505369,0.000836509202160688,0.0008922728445912839,0.0009597089615774635,0.0,0.016448607057102372,0.01528788204174596,0.0158978559312688,0.016512147750546546,0.01687392890383954,0.017523440814631107,0.0,0.0008380619998676184,0.0007110401618884199,0.0007817245847505369,0.000836509202160688,0.0008922728445912839,0.0009597089615774635,0.0,0.04404788071446325,-0.2543781186267857,-0.021927381060089957,0.0,0.14315956028239896,0.38492326593515047,0.2900390625,0.006126914429483373,-0.033864153376228695,-0.0028763726231258776,0.0,0.020120089415482965,0.05228786144104695,0.2900390625,0.016293356702849832,-0.09021291625877516,-0.027815656923909415,0.01352269087308855,0.05993708762721184,0.12155074482605954,0.0,0.000847211990277896,-0.004469750814390319,-0.0013866124014188502,0.0007041493590264459,0.0030175364616183424,0.006151728187467301,0.0,0.3677126091668397,0.0,0.0,0.22026125389106266,0.4538894154347375,1.2291521513080923,0.341796875,0.32366472845237637,0.0,0.0,0.2511909745289129,0.2884163851867978,1.3293425496340028,0.3023681640625,-0.000118255615234375,0.0,0.0,0.0,0.0,0.0,0.9453125,6.103515625e-05,0.0,0.0,0.0,0.0,0.0,0.9267578125,-0.004642486572265625,-0.018945312499999978,-0.0078125,-0.00390625,0.0,0.00390625,0.2333984375,10.880761631830827,9.444191657982381,10.231214607842563,10.777443412424066,11.435179081924868,12.461214569913702,0.0,10.864761631830827,9.428191657982381,10.215214607842563,10.761443412424068,11.419179081924868,12.445214569913702,0.0,0.016000000000000014,0.016000000000000014,0.016000000000000014,0.016000000000000014,0.016000000000000014,0.016000000000000014,0.0,0.0013111225044917102,0.0011557975411914533,0.0012435856420513723,0.001312150749900551,0.0013740217185367744,0.0014826519945629118,0.0
separable_pl_d8,PL 8D,broad,H,0.025,128,4,2,1024,8192,1024,1.0,8192,3577,2123,2492,0.4366455078125,0.2591552734375,0.30419921875,0.0135498046875,0.0865478515625,3577,0.4366455078125,0.4366455078125,111,709,0.00817743100598098,0.007574997600524824,0.007893000682630102,0.008204660604816283,0.008395303902314133,0.00870898097409416,0.0,0.00041662896447700114,0.0003538550287485548,0.0003891036822517829,0.00041576672110110545,0.0004424146551987205,0.00047714627546059765,0.0,0.00817743100598098,0.007574997600524824,0.007893000682630102,0.008204660604816283,0.008395303902314133,0.00870898097409416,0.0,0.00041662896447700114,0.0003538550287485548,0.0003891036822517829,0.00041576672110110545,0.0004424146551987205,0.00047714627546059765,0.0,0.03813238724854488,-0.13941982275299658,-0.00702168188466068,0.0,0.10573868830162514,0.27254279182078434,0.30419921875,0.0054104494201482785,-0.018712794077545947,-0.0009315627823292099,0.0,0.014683646187224099,0.037957170515466696,0.30419921875,0.008176715753299438,-0.06536891373905131,-0.0229876980618009,0.006810041438541248,0.03992430306701911,0.08452874086592033,0.0,0.00042861368846671007,-0.0032985817719611574,-0.0011644707938905706,0.0003452896680386998,0.0020307774160259564,0.0042694799164732355,0.0,0.2023514975346868,0.0,0.0,0.09456900091318676,0.2538831029495805,0.5181091682777543,0.3907470703125,0.1642191102861419,0.0,0.0,0.1262414265215286,0.14268559290450789,0.1655613187047651,0.3177490234375,-6.4849853515625e-05,0.0,0.0,0.0,0.0,0.0,0.9638671875,-7.62939453125e-06,0.0,0.0,0.0,0.0,0.0,0.9765625,-0.006683349609375,-0.01953125,-0.01171875,-0.0078125,-0.00390625,0.00390625,0.140625,11.077337427316497,9.63373751940817,10.434516935321348,11.006692538880287,11.642171030345157,12.609915963974347,0.0,11.069337427316498,9.62573751940817,10.426516935321349,10.998692538880288,11.634171030345158,12.601915963974347,0.0,0.007999999999999119,0.007999999999999119,0.007999999999999119,0.007999999999999119,0.007999999999999119,0.007999999999999119,0.0,0.0006555612522457822,0.0005778987705956626,0.0006217928210256172,0.0006560753749502026,0.0006870108592683109,0.0007413259972813736,0.0
separable_pl_d8,PL 8D,broad,H,0.0125,128,4,2,1024,8192,1024,1.0,8192,3452,2087,2653,0.42138671875,0.2547607421875,0.3238525390625,0.00830078125,0.1307373046875,3452,0.42138671875,0.42138671875,68,1071,0.004077199339500815,0.0037738358450456035,0.003937298479236517,0.004090184231854366,0.004187365132023224,0.004343293374975588,0.0,0.00020772430687128398,0.00017651683919229065,0.00019412302559723032,0.0002074046473833273,0.00022032918916371232,0.00023794516726434876,0.0,0.004077199339500815,0.0037738358450456035,0.003937298479236517,0.004090184231854366,0.004187365132023224,0.004343293374975588,0.0,0.00020772430687128398,0.00017651683919229065,0.00019412302559723032,0.0002074046473833273,0.00022032918916371232,0.00023794516726434876,0.0,0.029406861174099047,-0.07263281778010544,-0.0036593381880543063,0.0,0.07296658219812802,0.19814999861652094,0.3238525390625,0.004232183652289327,-0.010318371514025081,-0.00044031300381275486,0.0,0.010165512497640822,0.027870607540968897,0.3238525390625,0.003912380560409643,-0.05008952641895803,-0.018415127612129822,0.0024605292343409246,0.027155573711071135,0.05716635446975013,0.0,0.00020754201684212092,-0.0024653202367536367,-0.0009537875378042524,0.00012266164196006452,0.0013800219654963957,0.0029459515386176523,0.0,0.113291857260506,0.0,0.0,0.030721421648640446,0.14712828457652627,0.29150667073567504,0.45458984375,0.08388499608640695,0.0,0.0,0.06231800041461977,0.0710072626103535,0.07930472896959273,0.3321533203125,-1.9073486328125e-05,0.0,0.0,0.0,0.0,0.0,0.9951171875,-1.52587890625e-05,0.0,0.0,0.0,0.0,0.0,0.99609375,-0.00983428955078125,-0.0234375,-0.015625,-0.0078125,-0.00390625,0.0,0.0625,11.17647321047021,9.709355146373188,10.549471296302952,11.10870576194963,11.76813109347802,12.72944782627244,0.0,11.172473210470208,9.705355146373188,10.545471296302953,11.10470576194963,11.76413109347802,12.72544782627244,0.0,0.0039999999999995595,0.0039999999999995595,0.0039999999999995595,0.0039999999999995595,0.0039999999999995595,0.0039999999999995595,0.0,0.0003277806261228911,0.0002889493852978313,0.0003108964105128086,0.0003280376874751013,0.0003435054296341554,0.0003706629986406868,0.0
separable_pl_d8,PL 8D,broad,H,0.00625,128,4,2,1024,8192,1024,1.0,8192,3432,2010,2750,0.4189453125,0.245361328125,0.335693359375,0.00244140625,0.15478515625,3432,0.4189453125,0.4189453125,20,1268,0.002035745924263168,0.0018841669438838693,0.001966440087386445,0.0020419088775955885,0.0020904836459285647,0.002168953999317047,0.0,0.00010371590396425926,8.815645377637116e-05,9.694223127455431e-05,0.00010358264686052474,0.00010996890665683858,0.00011881735554103562,0.0,0.002035745924263168,0.0018841669438838693,0.001966440087386445,0.0020419088775955885,0.0020904836459285647,0.002168953999317047,0.0,0.00010371590396425926,8.815645377637116e-05,9.694223127455431e-05,0.00010358264686052474,0.00010996890665683858,0.00011881735554103562,0.0,0.02399021413781307,-0.036433328617004435,0.0,0.0,0.0534370445848511,0.14350888149616026,0.335693359375,0.0034558303694978837,-0.005387907056735215,0.0,0.0,0.007485585017311174,0.020019069536155596,0.335693359375,0.0021309641304642912,-0.03515231857735657,-0.013701748098661426,0.0011686321037274183,0.017941885830129678,0.04015698141952484,0.0,0.00011425265340719756,-0.00176432203854582,-0.000690716536730611,6.272529547654218e-05,0.0009264125333545312,0.00204285397840411,0.0,0.06933947176869375,0.0,0.0,0.004223693608687018,0.08494975825509332,0.17956981844192565,0.490478515625,0.045349257630880685,0.0,0.0,0.031133892028501364,0.03542436060408605,0.039531405535964126,0.338134765625,0.0,0.0,0.0,0.0,0.0,0.0,1.0,0.0,0.0,0.0,0.0,0.0,0.0,0.9921875,-0.0123138427734375,-0.02734375,-0.015625,-0.01171875,-0.0078125,0.0,0.05078125,11.226253311877024,9.73923546018556,10.604417385702385,11.150041853571992,11.826965557817676,12.80185793763984,0.0,11.224253311877023,9.737235460185559,10.602417385702385,11.148041853571991,11.824965557817674,12.799857937639839,0.0,0.002000000000000668,0.002000000000000668,0.002000000000000668,0.002000000000000668,0.002000000000000668,0.002000000000000668,0.0,0.00016389031306151836,0.0001444746926489798,0.00015544820525647334,0.00016401884373762348,0.000171752714817154,0.0001853314993204257,0.0
separable_pl_d8,PL 8D,broad,H,0.003125,128,4,2,1024,8192,1024,1.0,8192,3441,1995,2756,0.4200439453125,0.2435302734375,0.33642578125,0.001953125,0.1796875,3441,0.4200439453125,0.4200439453125,16,1472,0.001017162690496204,0.0009413974638535549,0.0009826457805726108,0.001020135802161093,0.001044396857024843,0.0010838086938617763,0.0,5.1821551563820676e-05,4.405282358198022e-05,4.844142795277737e-05,5.1761581281685364e-05,5.493580792357406e-05,5.9370164140402526e-05,0.0,0.001017162690496204,0.0009413974638535549,0.0009826457805726108,0.001020135802161093,0.001044396857024843,0.0010838086938617763,0.0,5.1821551563820676e-05,4.405282358198022e-05,4.844142795277737e-05,5.1761581281685364e-05,5.493580792357406e-05,5.9370164140402526e-05,0.0,0.01843874678012093,-0.01872693259862146,0.0,0.0,0.03766785987734966,0.10210634279235897,0.33642578125,0.002658369623521901,-0.002695583043946035,0.0,0.0,0.005437981196388316,0.01425424716101601,0.33642578125,0.0010099016134743474,-0.025262390335022644,-0.010093921415494478,0.00040300232031675876,0.011760936653488763,0.028337637104272062,0.0,5.5306270812310824e-05,-0.001275934897219449,-0.0005127600685876182,2.148369556103796e-05,0.0005945496362057932,0.0014402191628300376,0.0,0.04136158479588199,0.0,0.0,0.0,0.054388351122712564,0.12064661450021852,0.51611328125,0.022922838015761067,0.0,0.0,0.015575892335022878,0.017662785335352815,0.019687909540246018,0.33837890625,0.0,0.0,0.0,0.0,0.0,0.0,1.0,0.0,0.0,0.0,0.0,0.0,0.0,1.0,-0.0138092041015625,-0.02734375,-0.01953125,-0.01171875,-0.0078125,-0.00390625,0.01953125,11.251196444345249,9.763146424845695,10.625423310555828,11.168931572189663,11.844277150386432,12.823885854686745,0.0,11.250196444345251,9.762146424845696,10.624423310555828,11.167931572189666,11.843277150386433,12.822885854686746,0.0,0.0009999999999994458,0.0009999999999994458,0.0009999999999994458,0.0009999999999994458,0.0009999999999994458,0.0009999999999994458,0.0,8.194515653068639e-05,7.223734632442574e-05,7.772410262816763e-05,8.200942186873891e-05,8.587635740850073e-05,9.266574966013054e-05,0.0
separable_pl_d8,PL 8D,broad,H,0.0015625,128,4,2,1024,8192,1024,1.0,8192,3428,1964,2800,0.41845703125,0.23974609375,0.341796875,0.0,0.1953125,3428,0.41845703125,0.41845703125,0,1600,0.0005084041730991154,0.00047052744796332034,0.0004911851172009207,0.0005098706842741052,0.000521987696640025,0.0005417378789356775,0.0,2.59016959301858e-05,2.20200720005355e-05,2.421330865449382e-05,2.587337722464955e-05,2.7455777220219194e-05,2.967549033669961e-05,0.0,0.0005084041730991154,0.00047052744796332034,0.0004911851172009207,0.0005098706842741052,0.000521987696640025,0.0005417378789356775,0.0,2.59016959301858e-05,2.20200720005355e-05,2.421330865449382e-05,2.587337722464955e-05,2.7455777220219194e-05,2.967549033669961e-05,0.0,0.013986814967591939,-0.009419420955394386,0.0,0.0,0.02718568055087478,0.07283358378277693,0.341796875,0.002007054719317133,-0.0013624341398830906,0.0,0.0,0.0039403906444003605,0.010116699502286039,0.341796875,0.0005431180711658254,-0.01806252137229336,-0.007201692375623736,0.0001257253287860749,0.008628281536201321,0.01941665235053236,0.0,3.017766901000836e-05,-0.0009166530170523401,-0.00036751317658325955,6.758617417456499e-06,0.0004406717680298549,0.0009929203106445292,0.0,0.024986602990997926,0.0,0.0,0.0,0.03593227775687058,0.08186626073096726,0.537109375,0.010999788023405985,0.0,0.0,0.007790180700903981,0.00886438368366349,0.00984608280578314,0.341796875,0.0,0.0,0.0,0.0,0.0,0.0,1.0,0.0,0.0,0.0,0.0,0.0,0.0,1.0,-0.014556884765625,-0.02734375,-0.01953125,-0.015625,-0.0078125,-0.00390625,0.0234375,11.263681284652627,9.777304140868601,10.634806921187163,11.181359342233316,11.85509856062747,12.833142602415812,0.0,11.263181284652628,9.7768041408686,10.63430692118716,11.180859342233315,11.854598560627469,12.832642602415811,0.0,0.0005000000000006111,0.0005000000000006111,0.0005000000000006111,0.0005000000000006111,0.0005000000000006111,0.0005000000000006111,0.0,4.097257826541598e-05,3.611867316227703e-05,3.886205131415285e-05,4.1004710934442287e-05,4.2938178704326633e-05,4.6332874830147576e-05,0.0
separable_pl_d8,PL 8D,broad,H,0.00078125,128,4,2,1024,8192,1024,1.0,8192,3452,1928,2812,0.42138671875,0.2353515625,0.34326171875,0.0,0.203125,3452,0.42138671875,0.42138671875,0,1664,0.00025415784299194846,0.00023522093031278502,0.0002455585374745439,0.0002548914877351649,0.00026094122906705763,0.0002708273985055243,0.0,1.2948580534296838e-05,1.1008452432946114e-05,1.2104805072200387e-05,1.293483802193707e-05,1.3724861252398515e-05,1.4835351818630297e-05,0.0,0.00025415784299194846,0.00023522093031278502,0.0002455585374745439,0.0002548914877351649,0.00026094122906705763,0.0002708273985055243,0.0,1.2948580534296838e-05,1.1008452432946114e-05,1.2104805072200387e-05,1.293483802193707e-05,1.3724861252398515e-05,1.4835351818630297e-05,0.0,0.010328928686134628,-0.004727301438689935,0.0,0.0,0.019225690143027663,0.05160363466451212,0.34326171875,0.0014802942952572974,-0.0006818263512269883,0.0,0.0,0.002779693659407221,0.007174755772992743,0.34326171875,0.0002652080059186725,-0.013249532862857905,-0.005186144341895016,-0.00016443576150315664,0.005926896546077032,0.013752378862431414,0.0,1.5380447775118032e-05,-0.0006532252436701238,-0.0002649853659407022,-8.343009266206019e-06,0.00029999623468027626,0.000696741971474747,0.0,0.016579742164479022,0.0,0.0,0.0,0.023551873664718226,0.055473691261863856,0.54638671875,0.006250813478344396,0.0,0.0,0.0038956487282151286,0.004421198436226126,0.00492357312006142,0.34326171875,0.0,0.0,0.0,0.0,0.0,0.0,1.0,0.0,0.0,0.0,0.0,0.0,0.0,1.0,-0.0151214599609375,-0.02734375,-0.01953125,-0.015625,-0.0107421875,-0.00390625,0.0234375,11.269927023776678,9.784387438486702,10.639500862579357,11.187541003633054,11.860559947128372,12.837861297852124,0.0,11.269677023776676,9.784137438486702,10.639250862579358,11.187291003633057,11.860309947128373,12.837611297852124,0.0,0.00024999999999941735,0.00024999999999941735,0.00024999999999941735,0.00024999999999941735,0.00024999999999941735,0.00024999999999941735,0.0,2.0486289132635206e-05,1.8059336581074353e-05,1.9431025657007393e-05,2.0502355467148305e-05,2.1469089352087047e-05,2.3166437414991487e-05,0.0
separable_pl_d8,PL 8D,clustered,H,0.1,128,4,2,1024,8192,1024,1.0,8192,4091,3989,112,0.4993896484375,0.4869384765625,0.013671875,0.0283203125,0.0042724609375,4091,0.4993896484375,0.4993896484375,232,35,0.02157174468013493,0.01995859792834027,0.020485053536197118,0.021524624376734636,0.022684485328148707,0.023125387238621897,0.0,0.0014389462843463331,0.001315357785138881,0.0013660681348095897,0.0014448821851577858,0.0015143569967578721,0.0015610894430914952,0.0,0.02157174468013493,0.01995859792834027,0.020485053536197118,0.021524624376734636,0.022684485328148707,0.023125387238621897,0.0,0.0014389462843463331,0.001315357785138881,0.0013660681348095897,0.0014448821851577858,0.0015143569967578721,0.0015610894430914952,0.0,0.17929410143260538,-0.17146330074834717,-0.05447337344877923,0.0,0.3921971723795483,0.8696730253637828,0.013671875,0.013424742858964344,-0.01310367394458418,-0.004105000277861177,0.0,0.02964619358060069,0.06609408761962633,0.013671875,0.020131813373381637,-0.12875873921217523,-0.04040769341976036,0.018838950471540272,0.08232417178306184,0.16983586418643526,0.0,0.001343680339621115,-0.008560614474566958,-0.00269687197090759,0.0012564222774358415,0.005502309872830485,0.011276060379515956,0.0,5.481454974485398,0.3213803131098629,0.909645412106368,1.410215620430245,12.062012283004421,12.575040601931327,0.0179443359375,5.302160873052794,0.0779150858873443,0.7791265843243877,0.7967736976179438,12.116616076837813,12.614924772247376,0.0419921875,0.8888435363769531,0.8125,0.859375,0.8984375,0.953125,0.9765625,0.0068359375,0.17044448852539062,0.04296875,0.10546875,0.15625,0.234375,0.31582031249999964,0.0,0.026355743408203125,-0.04296875,0.00390625,0.02734375,0.0546875,0.08925781249999964,0.04296875,7.137668350558114,6.451449486346699,6.959764736812226,7.157908993888718,7.416253845926877,7.623490943701055,0.0,7.105668350558114,6.419449486346699,6.927764736812226,7.125908993888718,7.384253845926877,7.591490943701055,0.0,0.03200000000000003,0.03200000000000003,0.03200000000000003,0.03200000000000003,0.03200000000000003,0.03200000000000003,0.0,0.0036300853183028926,0.003489183833863513,0.0035340168333113406,0.0035831309924001737,0.0036849319740988457,0.0039554059158145635,0.0
separable_pl_d8,PL 8D,clustered,H,0.05,128,4,2,1024,8192,1024,1.0,8192,4418,3225,549,0.539306640625,0.3936767578125,0.0670166015625,0.0362548828125,0.0201416015625,4418,0.539306640625,0.539306640625,297,165,0.009966463975194899,0.009434251359020162,0.009696266191057568,0.009960396641497837,0.010255960018621835,0.010460488059755768,0.0,0.0006648227165444453,0.0006217578991930643,0.0006463665974033901,0.00066334066986139,0.00068452441223797,0.0007049775443719876,0.0,0.009966463975194899,0.009434251359020162,0.009696266191057568,0.009960396641497837,0.010255960018621835,0.010460488059755768,0.0,0.0006648227165444453,0.0006217578991930643,0.0006463665974033901,0.00066334066986139,0.00068452441223797,0.0007049775443719876,0.0,0.12297091222983822,-0.21002144336832146,-0.030278292889056146,0.01642415930478247,0.26665745820555387,0.6277988582017358,0.0670166015625,0.009185422881763279,-0.01572509183559905,-0.002280005258216879,0.0012173202721939478,0.02007447110226069,0.047409892905166034,0.0670166015625,0.00980626810654155,-0.09111641584167174,-0.03438938828943927,0.008257764396493172,0.05326779410821292,0.11589137244055436,0.0,0.0006536174700832714,-0.006070447121163825,-0.0022938010901296614,0.0005552467460625082,0.0035562978135483003,0.007704920211997654,0.0,3.7604361192503024,0.0,0.35582431118044333,0.6611897428346492,11.60882486155357,12.511049990596876,0.087158203125,3.6374652070204645,0.0,0.3861293615493988,0.3978892956943305,11.627390915242113,12.540231990700457,0.103271484375,0.6129798889160156,0.46484375,0.55078125,0.61328125,0.6796875,0.7683593749999993,0.0,0.06524658203125,0.015625,0.03125,0.05859375,0.0859375,0.14453125,0.0,0.006313323974609375,-0.03457031249999998,-0.0078125,0.00390625,0.01953125,0.054101562499999645,0.0703125,7.478171277904846,6.7674581110952685,7.346013499523774,7.561646231192948,7.7039315740312055,7.882668585069787,0.0,7.462171277904846,6.7514581110952685,7.330013499523774,7.545646231192948,7.6879315740312055,7.866668585069787,0.0,0.016000000000000014,0.016000000000000014,0.016000000000000014,0.016000000000000014,0.016000000000000014,0.016000000000000014,0.0,0.0018150426591514463,0.0017445919169317564,0.0017670084166556703,0.0017915654962000868,0.0018424659870494228,0.0019777029579072817,0.0
separable_pl_d8,PL 8D,clustered,H,0.025,128,4,2,1024,8192,1024,1.0,8192,4489,2530,1173,0.5479736328125,0.308837890625,0.1431884765625,0.0521240234375,0.0567626953125,4489,0.5479736328125,0.5479736328125,427,465,0.004778049111608404,0.004581998928256325,0.004701540374423274,0.004775651174929507,0.004856601329928711,0.004950264183597053,0.0,0.00031872665612123365,0.000301973512507667,0.0003121775254337319,0.00031866152306382845,0.00032575564106502154,0.0003350734229681947,0.0,0.004778049111608404,0.004581998928256325,0.004701540374423274,0.004775651174929507,0.004856601329928711,0.004950264183597053,0.0,0.00031872665612123365,0.000301973512507667,0.0003121775254337319,0.00031866152306382845,0.00032575564106502154,0.0003350734229681947,0.0,0.08995913843706421,-0.17399703867082295,-0.01428646605584838,0.014662979823910405,0.1927142838115774,0.4418535006797999,0.1431884765625,0.006727010195299819,-0.013256024790941569,-0.001084345612357909,0.001107335039610421,0.0145413564159401,0.03315900976371238,0.1431884765625,0.0048495443179965856,-0.06788348812285783,-0.026727904399475477,0.0032385089947819523,0.03572485582369822,0.08139302610060611,0.0,0.000323641542553021,-0.0045083380265613995,-0.0017740427030203136,0.0002163156530710198,0.002377224742239247,0.005388329359986655,0.0,2.2513556368992558,0.0,0.07701360917524447,0.30452214245361375,0.5487314170219122,12.418611063793099,0.199951171875,2.1613964984621914,0.0,0.09694278585099347,0.19863396746232098,0.2009899015158858,12.433624666616966,0.1953125,0.11510848999023438,0.03515625,0.06640625,0.10546875,0.15234375,0.234375,0.0,0.008693695068359375,0.0,0.00390625,0.0078125,0.01171875,0.02734375,0.232421875,-0.00173187255859375,-0.02734375,-0.01171875,-0.00390625,0.0078125,0.03125,0.109375,7.6519896493277235,6.906521235228318,7.515707071384492,7.737999118313627,7.872503132163262,8.015602652289154,0.0,7.6439896493277235,6.898521235228318,7.507707071384492,7.729999118313627,7.864503132163261,8.007602652289155,0.0,0.007999999999999948,0.007999999999999119,0.008000000000000007,0.008000000000000007,0.008000000000000007,0.008000000000000007,0.0,0.0009075213295757169,0.0008722959584657959,0.0008835042083278351,0.0008957827481000434,0.0009212329935247114,0.0009888514789536409,0.0
separable_pl_d8,PL 8D,clustered,H,0.0125,128,4,2,1024,8192,1024,1.0,8192,4313,2114,1765,0.5264892578125,0.258056640625,0.2154541015625,0.06103515625,0.0953369140625,4313,0.5264892578125,0.5264892578125,500,781,0.0023377113249984476,0.0022573691242763873,0.0023054082326456893,0.002339452102829931,0.002369088012668996,0.002413756998927052,0.0,0.0001559409802544163,0.00014843539727059805,0.00015291586709828854,0.00015615580952018743,0.00015894246648772166,0.00016320594371294617,0.0,0.0023377113249984476,0.0022573691242763873,0.0023054082326456893,0.002339452102829931,0.002369088012668996,0.002413756998927052,0.0,0.0001559409802544163,0.00014843539727059805,0.00015291586709828854,0.00015615580952018743,0.00015894246648772166,0.00016320594371294617,0.0,0.06144700646270637,-0.09942332827139663,-0.001321584278445087,0.005885046911652481,0.12714902907047199,0.3103734785070209,0.2154541015625,0.004605402571689935,-0.007492928438050334,-0.00010044099519398794,0.00043609763138005206,0.00947786273111518,0.023296359351066023,0.2154541015625,0.0024929421126926865,-0.049149321229398524,-0.02020637741408926,0.0012128937063451417,0.024711120330763947,0.05666944908244334,0.0,0.00016665621387255836,-0.0032721780930142306,-0.0013475780458318289,8.131647118167997e-05,0.00164281948358542,0.003768325883261998,0.0,1.1676612292483362,0.0,0.0,0.12503356083118788,0.27238992883244917,12.122431483129764,0.310791015625,1.1062142227856298,0.0,0.0,0.09926111224863376,0.10031803000868855,12.134603923455883,0.2764892578125,0.001087188720703125,0.0,0.0,0.0,0.0,0.0078125,0.7607421875,3.0517578125e-05,0.0,0.0,0.0,0.0,0.0,0.9921875,-0.00403594970703125,-0.0234375,-0.01171875,-0.00390625,0.00390625,0.0234375,0.08203125,7.739783354046937,6.9943723155024395,7.596039771156264,7.840746523273685,7.9686401062714065,8.097988655037588,0.0,7.735783354046937,6.99037231550244,7.592039771156265,7.8367465232736855,7.964640106271407,8.093988655037588,0.0,0.0039999999999995595,0.0039999999999995595,0.0039999999999995595,0.0039999999999995595,0.0039999999999995595,0.0039999999999995595,0.0,0.0004537606647878112,0.0004361479792328907,0.0004417521041638685,0.00044789137404997194,0.00046061649676230453,0.0004944257394767656,0.0
separable_pl_d8,PL 8D,clustered,H,0.00625,128,4,2,1024,8192,1024,1.0,8192,3926,2038,2228,0.479248046875,0.248779296875,0.27197265625,0.04052734375,0.131103515625,3926,0.479248046875,0.479248046875,332,1074,0.0011560266242441417,0.001118746765332368,0.0011404213620673787,0.0011571714974634162,0.0011709242313324708,0.0011911214523120605,0.0,7.711485390817741e-05,7.349065593146072e-05,7.556778618813895e-05,7.722983566942953e-05,7.852004572004899e-05,8.055273592030477e-05,0.0,0.0011560266242441417,0.001118746765332368,0.0011404213620673787,0.0011571714974634162,0.0011709242313324708,0.0011911214523120605,0.0,7.711485390817741e-05,7.349065593146072e-05,7.556778618813895e-05,7.722983566942953e-05,7.852004572004899e-05,8.055273592030477e-05,0.0,0.04138895649806913,-0.04998376446545372,0.0,0.0,0.08433941617883889,0.22036218521187934,0.27197265625,0.0031058197466325506,-0.0037793407840011387,0.0,0.0,0.0063443839695936245,0.01650473784202736,0.27197265625,0.001166436298735813,-0.03537616387519495,-0.015137279259259007,0.00039887654428127917,0.01659893529513745,0.03970566924170702,0.0,7.807838199087893e-05,-0.0023606137716767677,-0.0010088568860903238,2.659476292438037e-05,0.0011105941507953553,0.002652870792861564,0.0,0.6434721080604705,0.0,0.0,0.04988610783853176,0.14706331571119735,0.40000482057723197,0.403076171875,0.6020831515624014,0.0,0.0,0.04964549874620694,0.050154898963320704,0.0509879274861369,0.3125,-1.9073486328125e-05,0.0,0.0,0.0,0.0,0.0,0.9853515625,0.0,0.0,0.0,0.0,0.0,0.0,1.0,-0.008434295654296875,-0.02734375,-0.015625,-0.0078125,-0.00390625,0.015039062499999645,0.0859375,7.783900497157518,7.0421680073276915,7.636423010334297,7.8878755609221045,8.010674531012583,8.135432298925362,0.0,7.781900497157519,7.040168007327692,7.634423010334297,7.885875560922105,8.008674531012582,8.133432298925362,0.0,0.0020000000000000295,0.0019999999999997797,0.0019999999999997797,0.0019999999999997797,0.002000000000000668,0.002000000000000668,0.0,0.00022688033239393296,0.0002180739896165422,0.00022087605208195876,0.00022394568702498597,0.00023030824838115227,0.0002472128697383828,0.0
separable_pl_d8,PL 8D,clustered,H,0.003125,128,4,2,1024,8192,1024,1.0,8192,3694,2017,2481,0.450927734375,0.2462158203125,0.3028564453125,0.0257568359375,0.165771484375,3694,0.450927734375,0.450927734375,211,1358,0.0005748060513712291,0.0005562362707951963,0.000566798015456893,0.0005753331611124679,0.0005820496593660351,0.000591926268543741,0.0,3.834351775205966e-05,3.650472920910491e-05,3.7574372852618046e-05,3.83682507997623e-05,3.908147227588587e-05,4.0033528823581667e-05,0.0,0.0005748060513712291,0.0005562362707951963,0.000566798015456893,0.0005753331611124679,0.0005820496593660351,0.000591926268543741,0.0,3.834351775205966e-05,3.650472920910491e-05,3.7574372852618046e-05,3.83682507997623e-05,3.908147227588587e-05,4.0033528823581667e-05,0.0,0.028853722388672655,-0.02506603223042525,0.0,0.0,0.056146306908932075,0.15358242413361012,0.3028564453125,0.0021680480555837465,-0.0019013450040320592,0.0,0.0,0.004221253750207938,0.011557790373054272,0.3028564453125,0.0005838951967350881,-0.02493303707682415,-0.010856849584044426,-0.00012037408486875734,0.01147706668081483,0.027959142812507665,0.0,3.912774600096613e-05,-0.0016653979368305885,-0.0007244334742012288,-7.892806590550208e-06,0.0007648783887194286,0.0018645866450895446,0.0,0.3132817327423981,0.0,0.0,0.010024229318983835,0.08488103089761756,0.2047178348054448,0.4686279296875,0.2844280103537255,0.0,0.0,0.02480381568664214,0.025076097979127354,0.025280085718437206,0.32861328125,1.1444091796875e-05,0.0,0.0,0.0,0.0,0.0,0.9873046875,0.0,0.0,0.0,0.0,0.0,0.0,1.0,-0.0114288330078125,-0.030664062499999978,-0.01953125,-0.01171875,-0.00390625,0.0078125,0.046875,7.806014040642828,7.066152079640265,7.659339587925815,7.9088438098366005,8.033598497395431,8.152099728231203,0.0,7.805014040642828,7.0651520796402645,7.6583395879258145,7.9078438098366,8.032598497395432,8.151099728231204,0.0,0.0010000000000000321,0.0009999999999994458,0.0009999999999994458,0.001000000000000334,0.001000000000000334,0.001000000000000334,0.0,0.00011344016619697003,0.00010903699480817425,0.00011043802604091808,0.00011197284351254272,0.00011515412419062728,0.00012360643486924628,0.0
separable_pl_d8,PL 8D,clustered,H,0.0015625,128,4,2,1024,8192,1024,1.0,8192,3558,1975,2659,0.434326171875,0.2410888671875,0.3245849609375,0.0224609375,0.18359375,3558,0.434326171875,0.434326171875,184,1504,0.00028660121595054135,0.00027702479624807096,0.0002826350541491607,0.00028682287382153504,0.00029045978983344156,0.00029538475672579166,0.0,1.911828193066165e-05,1.8181199689346897e-05,1.87462761085872e-05,1.9127239362667804e-05,1.9493816088501218e-05,1.9969727033328023e-05,0.0,0.00028660121595054135,0.00027702479624807096,0.0002826350541491607,0.00028682287382153504,0.00029045978983344156,0.00029538475672579166,0.0,1.911828193066165e-05,1.8181199689346897e-05,1.87462761085872e-05,1.9127239362667804e-05,1.9493816088501218e-05,1.9969727033328023e-05,0.0,0.02058760538871356,-0.012551118512895698,0.0,0.0,0.0378635614105125,0.10883729276359233,0.3245849609375,0.0015497656087627442,-0.0009525170578011357,0.0,0.0,0.002889754693476153,0.008174744613703985,0.3245849609375,0.00027590954640312106,-0.017707953213456307,-0.00772053170566922,-0.0002632633196011369,0.00796769016577814,0.01962297012950387,0.0,1.849394078657185e-05,-0.0011719306073885265,-0.0005171138927452634,-1.7350192713083184e-05,0.0005314574490414611,0.001308579311719047,0.0,0.23933537645136885,0.0,0.0,0.0,0.053178946225170165,0.13708288651735767,0.5081787109375,0.2187477710626553,0.0,0.0,0.012403139819832987,0.01253951695690425,0.0126324145958705,0.3470458984375,-1.52587890625e-05,0.0,0.0,0.0,0.0,0.0,0.99609375,0.0,0.0,0.0,0.0,0.0,0.0,1.0,-0.0120391845703125,-0.02734375,-0.01953125,-0.01171875,-0.0078125,0.0,0.0859375,7.817084543037336,7.078165691577212,7.671679351215919,7.919462876237664,8.044999158229441,8.160759338682809,0.0,7.816584543037336,7.077665691577212,7.671179351215919,7.918962876237664,8.04449915822944,8.160259338682808,0.0,0.0005000000000000386,0.0004999999999997229,0.0004999999999997229,0.0004999999999997229,0.0005000000000006111,0.0005000000000006111,0.0,5.6720083098485896e-05,5.451849740418397e-05,5.5219013020557134e-05,5.598642175622163e-05,5.75770620952625e-05,6.180321743456825e-05,0.0
separable_pl_d8,PL 8D,clustered,H,0.00078125,128,4,2,1024,8192,1024,1.0,8192,3472,1948,2772,0.423828125,0.23779296875,0.33837890625,0.015625,0.20263671875,3472,0.423828125,0.423828125,128,1660,0.00014310015657155797,0.00013829565689036372,0.00014118660097706126,0.00014323205925848015,0.0001450706905492538,0.00014744884624011688,0.0,9.545771796622322e-06,9.07562401615848e-06,9.364440457390554e-06,9.553653931688254e-06,9.734547401596286e-06,9.975922588735175e-06,0.0,0.00014310015657155797,0.00013829565689036372,0.00014118660097706126,0.00014323205925848015,0.0001450706905492538,0.00014744884624011688,0.0,9.545771796622322e-06,9.07562401615848e-06,9.364440457390554e-06,9.553653931688254e-06,9.734547401596286e-06,9.975922588735175e-06,0.0,0.014819794611657925,-0.00627827526270508,0.0,0.0,0.026816044700606056,0.07707319078436825,0.33837890625,0.0011159606135283445,-0.0004770167472000877,0.0,0.0,0.002044842001711005,0.005791005690582719,0.33837890625,0.0001540888796479345,-0.012583307855807746,-0.005498686902041694,-0.00020943978914012007,0.005589777666328732,0.013751684608918069,0.0,1.034334734941459e-05,-0.0008328462407596474,-0.00036519507127702125,-1.3874113558487398e-05,0.0003732220844795451,0.000916949180955224,0.0,0.08531770638343217,0.0,0.0,0.0,0.03357415704256672,0.08635296445113738,0.541015625,0.07049791177177425,0.0,0.0,0.006199802488184858,0.006268969440652583,0.006314761677632674,0.35400390625,0.0,0.0,0.0,0.0,0.0,0.0,1.0,0.0,0.0,0.0,0.0,0.0,0.0,1.0,-0.01300048828125,-0.02734375,-0.01953125,-0.01171875,-0.0078125,0.0,0.0859375,7.822623225372922,7.084177893888235,7.6778505273256785,7.925100239487811,8.049926258254743,8.166472508763299,0.0,7.822373225372922,7.083927893888235,7.677600527325678,7.924850239487811,8.049676258254744,8.1662225087633,0.0,0.0002499999999999829,0.00024999999999941735,0.00024999999999941735,0.00025000000000030553,0.00025000000000030553,0.00025000000000030553,0.0,2.8360041549240522e-05,2.725924870199514e-05,2.7609506510180477e-05,2.7993210878160543e-05,2.878853104768239e-05,3.090160871733902e-05,0.0
rotated_anisotropic_pl_d4,Rotated PL 4D,broad,H,0.1,128,4,2,1024,8192,1024,1.0,8192,3838,2509,1845,0.468505859375,0.3062744140625,0.2252197265625,0.018798828125,0.0350341796875,3838,0.468505859375,0.468505859375,154,287,0.025517653420505798,0.02307611251566808,0.02447643047187098,0.025478558562487486,0.026529222211968406,0.027869396237298272,0.0,0.0017490998030390262,0.001415716620616472,0.0015951178208640537,0.0017301101053033819,0.0018880577431689047,0.0020926227184734957,0.0,0.025517653420505798,0.02307611251566808,0.02447643047187098,0.025478558562487486,0.026529222211968406,0.027869396237298272,0.0,0.0017490998030390262,0.001415716620616472,0.0015951178208640537,0.0017301101053033819,0.0018880577431689047,0.0020926227184734957,0.0,0.04501604581285715,-0.3331657603038325,-0.04311602001559878,0.0,0.1571250231726855,0.4491432796772079,0.2252197265625,0.011019105451290218,-0.09790799021007673,-0.012206568088471134,0.0,0.04702382682161437,0.11387952046938467,0.2252197265625,0.024864309040607324,-0.12876760657997338,-0.03841296531143179,0.026244078059606935,0.08409417452660506,0.184225892982667,0.0,0.0017231417269253377,-0.008543370551951479,-0.002624863034326043,0.001793242192896009,0.005872449561673206,0.012317540452354812,0.0,0.49736867731971074,0.0,0.0,0.366408682018339,0.6718551474063075,1.5275457775614663,0.26025390625,0.45235263150685356,0.0,0.03568253028267121,0.3777845207839803,0.5198480211534338,1.4979995269398652,0.2440185546875,5.7220458984375e-05,-0.00390625,0.0,0.0,0.0,0.00390625,0.76171875,-0.000118255615234375,-0.00390625,0.0,0.0,0.0,0.00390625,0.869140625,-0.00228118896484375,-0.015625,-0.0048828125,-0.00390625,0.0,0.015625,0.25,5.16959562035893,4.041815764997677,4.635620518224629,5.131947858351699,5.6414665572918254,6.4887290888861315,0.0,5.15359562035893,4.025815764997677,4.619620518224629,5.115947858351699,5.625466557291825,6.4727290888861315,0.0,0.016000000000000014,0.016000000000000014,0.016000000000000014,0.016000000000000014,0.016000000000000014,0.016000000000000014,0.0,0.002431568272243818,0.001988318148654227,0.002227489280086575,0.0023972857699562826,0.00260565435182299,0.0029160613441447515,0.0
rotated_anisotropic_pl_d4,Rotated PL 4D,broad,H,0.05,128,4,2,1024,8192,1024,1.0,8192,3634,2319,2239,0.443603515625,0.2830810546875,0.2733154296875,0.018798828125,0.058837890625,3634,0.443603515625,0.443603515625,154,482,0.012520961030625465,0.011308628870425075,0.012004064018928506,0.012519965746154327,0.013015299592298746,0.0136507498768891,0.0,0.0008581236507560596,0.0006948144289078097,0.0007829223768134881,0.0008495447368707577,0.0009248417540080923,0.0010258388114720717,0.0,0.012520961030625465,0.011308628870425075,0.012004064018928506,0.012519965746154327,0.013015299592298746,0.0136507498768891,0.0,0.0008581236507560596,0.0006948144289078097,0.0007829223768134881,0.0008495447368707577,0.0009248417540080923,0.0010258388114720717,0.0,0.03999497420190234,-0.21385884382353204,-0.020846732442809435,0.0,0.11461420387618837,0.3349553491060793,0.2733154296875,0.010622438629502339,-0.06306708290026476,-0.006164710714802185,0.0,0.035957665866521105,0.08790816785412804,0.2733154296875,0.01169421684420834,-0.10135840402489053,-0.03331649934849601,0.0125641022431493,0.057273474907251654,0.1242197339608424,0.0,0.0008071387810986129,-0.00680602446274683,-0.0022585671475010964,0.0008750872101496074,0.003966591325899325,0.008339148691572823,0.0,0.2562335846311327,0.0,0.0,0.1595894736145107,0.36270292059464615,0.7561546205846077,0.3321533203125,0.2162386104292304,0.0,0.0,0.18544326879669915,0.25934075693877023,0.42720966933699245,0.2921142578125,-8.0108642578125e-05,-0.00390625,0.0,0.0,0.0,0.00390625,0.87890625,-3.0517578125e-05,0.0,0.0,0.0,0.0,0.0,0.9443359375,-0.00481414794921875,-0.01953125,-0.0078125,-0.00390625,0.0,0.01171875,0.20703125,5.41211315373123,4.250443268419315,4.891462955365481,5.407894959507704,5.915009003116758,6.75878433410438,0.0,5.404113153731229,4.242443268419315,4.883462955365481,5.399894959507705,5.907009003116758,6.75078433410438,0.0,0.008000000000000007,0.008000000000000007,0.008000000000000007,0.008000000000000007,0.008000000000000007,0.008000000000000007,0.0,0.001215784136121909,0.0009941590743271136,0.0011137446400432875,0.0011986428849781413,0.001302827175911495,0.0014580306720723757,0.0
rotated_anisotropic_pl_d4,Rotated PL 4D,broad,H,0.025,128,4,2,1024,8192,1024,1.0,8192,3596,2058,2538,0.43896484375,0.251220703125,0.309814453125,0.0128173828125,0.0909423828125,3596,0.43896484375,0.43896484375,105,745,0.006203217041922476,0.005597477396072392,0.005951606771777307,0.006204574246312156,0.006444649508910771,0.006757814773502967,0.0,0.0004251062587993347,0.000344871941834612,0.00038784797910983154,0.00042111899642034505,0.00045873905661938805,0.0005078448034089885,0.0,0.006203217041922476,0.005597477396072392,0.005951606771777307,0.006204574246312156,0.006444649508910771,0.006757814773502967,0.0,0.0004251062587993347,0.000344871941834612,0.00038784797910983154,0.00042111899642034505,0.00045873905661938805,0.0005078448034089885,0.0,0.03323675810977645,-0.12200861716523992,-0.0002986229792029671,0.0,0.08368963875039118,0.23870156266033948,0.309814453125,0.009295166876480007,-0.035110361815786396,-0.00017975879297112802,0.0,0.026395161258992078,0.06282288679240945,0.309814453125,0.005809073256993211,-0.07530555190573018,-0.026629004434356673,0.006368703486877791,0.03762462491767149,0.08741193414446258,0.0,0.0004074497929364496,-0.0050425542760805355,-0.0018357095070289041,0.0004414446345399992,0.002607888041130193,0.0058351935513227485,0.0,0.1384253428000888,0.0,0.0,0.06433003078487953,0.1979389918706529,0.40443966156393074,0.4007568359375,0.10518858469031236,0.0,0.0,0.0936881381169048,0.12908927212427734,0.1642885531313265,0.3226318359375,-5.340576171875e-05,0.0,0.0,0.0,0.0,0.0,0.9453125,-4.1961669921875e-05,0.0,0.0,0.0,0.0,0.0,0.9814453125,-0.007091522216796875,-0.0234375,-0.01171875,-0.0078125,0.0,0.00390625,0.16796875,5.536225940162659,4.357920531174721,5.007695718127442,5.533055416261759,6.037681006286592,6.911307529295621,0.0,5.532225940162659,4.3539205311747216,5.003695718127442,5.52905541626176,6.033681006286592,6.907307529295622,0.0,0.003999999999999561,0.0039999999999995595,0.0039999999999995595,0.0039999999999995595,0.0039999999999995595,0.0039999999999995595,0.0,0.0006078920680608874,0.0004970795371635016,0.0005568723200215819,0.0005993214424890042,0.000651413587955675,0.0007290153360361069,0.0
rotated_anisotropic_pl_d4,Rotated PL 4D,broad,H,0.0125,128,4,2,1024,8192,1024,1.0,8192,3509,2025,2658,0.4283447265625,0.2471923828125,0.324462890625,0.007080078125,0.1290283203125,3509,0.4283447265625,0.4283447265625,58,1057,0.003087577033214585,0.002781176873518465,0.0029658053722059208,0.0030904406474814294,0.0032083236478213095,0.0033633523904299523,0.0,0.00021158374378168045,0.00017155827388666043,0.00019293665524283574,0.0002096255308908768,0.00022818360114761971,0.00025266774837577496,0.0,0.003087577033214585,0.002781176873518465,0.0029658053722059208,0.0030904406474814294,0.0032083236478213095,0.0033633523904299523,0.0,0.00021158374378168045,0.00017155827388666043,0.00019293665524283574,0.0002096255308908768,0.00022818360114761971,0.00025266774837577496,0.0,0.02609408321516074,-0.06487472319603604,0.0,0.0,0.05990564019347011,0.1683152241627699,0.324462890625,0.007506066772123513,-0.01838148732328018,0.0,0.0,0.01925122106117136,0.045255235332712924,0.324462890625,0.0027455634027298116,-0.05403496233952154,-0.020590756574507374,0.003157435537595177,0.024468866224985675,0.062112595942121374,0.0,0.0001958909449704027,-0.003578286376153271,-0.0014046373774852406,0.0002147398088162241,0.001705114782054381,0.004120854977436066,0.0,0.08301753998523698,0.0,0.0,0.024012635029826424,0.11736050057099429,0.24798853918189145,0.4534912109375,0.05692345677007622,0.0,0.0,0.046488730312221005,0.06419517012241016,0.07823820742917942,0.33154296875,-4.9591064453125e-05,0.0,0.0,0.0,0.0,0.0,0.9697265625,1.9073486328125e-05,0.0,0.0,0.0,0.0,0.0,0.9951171875,-0.0092315673828125,-0.0234375,-0.01171875,-0.0078125,-0.00390625,0.0,0.12890625,5.5989974959283,4.420439054851469,5.078950630237873,5.5965771715241,6.113971546143575,6.9867361993233335,0.0,5.596997495928301,4.418439054851469,5.0769506302378735,5.594577171524099,6.111971546143575,6.984736199323334,0.0,0.0019999999999997797,0.0019999999999997797,0.0019999999999997797,0.0019999999999997797,0.0019999999999997797,0.0019999999999997797,0.0,0.00030394603403044354,0.0002485397685817508,0.00027843616001079093,0.0002996607212445021,0.0003257067939778375,0.00036450766801805344,0.0
rotated_anisotropic_pl_d4,Rotated PL 4D,broad,H,0.00625,128,4,2,1024,8192,1024,1.0,8192,3460,2002,2730,0.42236328125,0.244384765625,0.333251953125,0.0029296875,0.1495361328125,3460,0.42236328125,0.42236328125,24,1225,0.001540316720954787,0.0013868322456603189,0.001480159028225625,0.0015413166752349383,0.0016002272082391578,0.0016787878766386655,0.0,0.00010555200082818902,8.553884990944312e-05,9.626099829849979e-05,0.00010458470899794798,0.00011374079488806865,0.00012602415008415818,0.0,0.001540316720954787,0.0013868322456603189,0.001480159028225625,0.0015413166752349383,0.0016002272082391578,0.0016787878766386655,0.0,0.00010555200082818902,8.553884990944312e-05,9.626099829849979e-05,0.00010458470899794798,0.00011374079488806865,0.00012602415008415818,0.0,0.020833505389591035,-0.03324876241677042,0.0,0.0,0.04345755146472019,0.12254495158409284,0.333251953125,0.006057220414008578,-0.009227552045995608,0.0,0.0,0.014012499174514277,0.0335141359803866,0.333251953125,0.00119013920029516,-0.039519952139450254,-0.015442703352393394,0.0015326689258401416,0.0170134822448631,0.04287571543181626,0.0,8.573457371609482e-05,-0.0026136149106366934,-0.001049481767586227,0.000100504212086898,0.0011848714431224121,0.002851743821395164,0.0,0.04870464079952601,0.0,0.0,0.004954459365265063,0.07084864180516526,0.16243572383079163,0.4827880859375,0.027871135409934966,0.0,0.0,0.023333953107803618,0.032192145426562124,0.03865551145078827,0.336181640625,-1.52587890625e-05,0.0,0.0,0.0,0.0,0.0,0.99609375,0.0,0.0,0.0,0.0,0.0,0.0,1.0,-0.011051177978515625,-0.0234375,-0.015625,-0.01171875,-0.00390625,0.0,0.0703125,5.63056226427776,4.454334430218804,5.105953003681976,5.637114100847673,6.152349217522622,7.016825383684906,0.0,5.62956226427776,4.453334430218804,5.104953003681976,5.6361141008476725,6.151349217522622,7.015825383684906,0.0,0.001000000000000334,0.001000000000000334,0.001000000000000334,0.001000000000000334,0.001000000000000334,0.001000000000000334,0.0,0.00015197301701528926,0.00012426988429093059,0.00013921808000545732,0.0001498303606223176,0.00016285339698899107,0.00018225383400910766,0.0
rotated_anisotropic_pl_d4,Rotated PL 4D,broad,H,0.003125,128,4,2,1024,8192,1024,1.0,8192,3420,1969,2803,0.41748046875,0.2403564453125,0.3421630859375,0.00341796875,0.17822265625,3420,0.41748046875,0.41748046875,28,1460,0.0007692949530570797,0.0006926117303029499,0.0007393237423616306,0.0007699365704354477,0.0007992367105322806,0.0008387317671087579,0.0,5.271634430926865e-05,4.270972605359608e-05,4.8078960533777296e-05,5.223560745402397e-05,5.6783062208046225e-05,6.293125222104772e-05,0.0,0.0007692949530570797,0.0006926117303029499,0.0007393237423616306,0.0007699365704354477,0.0007992367105322806,0.0008387317671087579,0.0,5.271634430926865e-05,4.270972605359608e-05,4.8078960533777296e-05,5.223560745402397e-05,5.6783062208046225e-05,6.293125222104772e-05,0.0,0.01582052440209924,-0.01686906795849552,0.0,0.0,0.031239601279638762,0.08715268361009709,0.3421630859375,0.004585538398088198,-0.0046834863340279404,0.0,0.0,0.009949559967161138,0.023318466164500427,0.3421630859375,0.0005010928601041429,-0.028380484504001657,-0.01128383903713237,0.0007378112283227267,0.011431129532916362,0.030471620497811713,0.0,3.7239698208941456e-05,-0.001866919897811282,-0.0007650784310243532,5.255458470414884e-05,0.0008002970311160792,0.002009239061565748,0.0,0.027915341242225413,0.0,0.0,0.0,0.044624636568283416,0.104879965527096,0.5203857421875,0.012094816840126173,0.0,0.0,0.01167627597177634,0.016072929744929798,0.01935000181377422,0.3455810546875,-1.1444091796875e-05,0.0,0.0,0.0,0.0,0.0,0.9951171875,3.814697265625e-06,0.0,0.0,0.0,0.0,0.0,0.9990234375,-0.0124664306640625,-0.02734375,-0.015625,-0.01171875,-0.0078125,0.0,0.05859375,5.646389420588614,4.470779824550394,5.123209401813008,5.657447906459437,6.168662184462189,7.031902739736954,0.0,5.645889420588615,4.470279824550394,5.122709401813008,5.656947906459438,6.168162184462189,7.031402739736954,0.0,0.0004999999999997229,0.0004999999999997229,0.0004999999999997229,0.0004999999999997229,0.0004999999999997229,0.0004999999999997229,0.0,7.598650850757714e-05,6.213494214541011e-05,6.960904000266683e-05,7.491518031109225e-05,8.142669849442322e-05,9.112691700447289e-05,0.0
rotated_anisotropic_pl_d4,Rotated PL 4D,broad,H,0.0015625,128,4,2,1024,8192,1024,1.0,8192,3425,1958,2809,0.4180908203125,0.239013671875,0.3428955078125,0.00390625,0.1943359375,3425,0.4180908203125,0.4180908203125,32,1592,0.0003844321943243089,0.0003461097250416323,0.0003694816049777394,0.00038481903652343163,0.0003993950542811042,0.00041920090486877724,0.0,2.6343297223940936e-05,2.1339984985437374e-05,2.402779541287009e-05,2.6103650489070558e-05,2.836974962862314e-05,3.144503860040055e-05,0.0,0.0003844321943243089,0.0003461097250416323,0.0003694816049777394,0.00038481903652343163,0.0003993950542811042,0.00041920090486877724,0.0,2.6343297223940936e-05,2.1339984985437374e-05,2.402779541287009e-05,2.6103650489070558e-05,2.836974962862314e-05,3.144503860040055e-05,0.0,0.011637466521847245,-0.008535223541139558,0.0,0.0,0.02212878086254566,0.061828486982426156,0.3428955078125,0.0034224305413686467,-0.002353223034084323,0.0,0.0,0.007118857028324088,0.016715202328071124,0.3428955078125,0.00021472203502479435,-0.01992745761642567,-0.008073879681071983,0.00038344714495242016,0.00801663296439159,0.021294255197977563,0.0,1.6885694287878506e-05,-0.0013200407019637013,-0.0005406640256726328,2.8399663992590535e-05,0.0005652890754115105,0.001396805388703304,0.0,0.019176734908168867,0.0,0.0,0.0,0.029183786873662854,0.07091027408251271,0.5372314453125,0.00753926838632162,0.0,0.0,0.005841818671365573,0.008041869629817011,0.009680552809489651,0.3468017578125,0.0,0.0,0.0,0.0,0.0,0.0,1.0,0.0,0.0,0.0,0.0,0.0,0.0,1.0,-0.01363372802734375,-0.02734375,-0.01953125,-0.01171875,-0.0078125,0.0,0.05859375,5.654314194814361,4.479016891496701,5.1318508282606325,5.665951791511604,6.175818996546914,7.039449609339025,0.0,5.65406419481436,4.478766891496701,5.131600828260632,5.665701791511603,6.1755689965469145,7.0391996093390246,0.0,0.00025000000000030553,0.00025000000000030553,0.00025000000000030553,0.00025000000000030553,0.00025000000000030553,0.00025000000000030553,0.0,3.799325425385606e-05,3.106747107276024e-05,3.480452000139524e-05,3.745759015561267e-05,4.071334924728394e-05,4.556345850231738e-05,0.0
rotated_anisotropic_pl_d4,Rotated PL 4D,broad,H,0.00078125,128,4,2,1024,8192,1024,1.0,8192,3432,1944,2816,0.4189453125,0.2373046875,0.34375,0.001953125,0.20166015625,3432,0.4189453125,0.4189453125,16,1652,0.00019216234793857298,0.0001730135888906581,0.00018469580390334528,0.00019237230234825375,0.00019964172427444637,0.00020955927827168708,0.0,1.316793477474756e-05,1.0666230468894265e-05,1.201132636110265e-05,1.3048291181201907e-05,1.4179436006231788e-05,1.5717380433342965e-05,0.0,0.00019216234793857298,0.0001730135888906581,0.00018469580390334528,0.00019237230234825375,0.00019964172427444637,0.00020955927827168708,0.0,1.316793477474756e-05,1.0666230468894265e-05,1.201132636110265e-05,1.3048291181201907e-05,1.4179436006231788e-05,1.5717380433342965e-05,0.0,0.00863225146830407,-0.004268653030140346,0.0,0.0,0.015749760465343376,0.04382894815358185,0.34375,0.002533254207201034,-0.0011773872271464243,0.0,0.0,0.005054701608327551,0.011961591071412413,0.34375,3.1440761593173275e-05,-0.014282198205275876,-0.005826764902453707,0.00012832199585943727,0.005494643004784194,0.014974949634531498,0.0,3.8518853661245325e-06,-0.0009480090753287905,-0.0003910554185140962,8.658212018745514e-06,0.00039106913973420177,0.0009815122460014021,0.0,0.011035976675066374,0.0,0.0,0.0,0.019011974796257824,0.04696365883585907,0.54541015625,0.002403725206762304,0.0,0.0,0.002921828536821991,0.004015620422020749,0.004820379433141397,0.345703125,0.0,0.0,0.0,0.0,0.0,0.0,1.0,0.0,0.0,0.0,0.0,0.0,0.0,1.0,-0.0141754150390625,-0.02734375,-0.01953125,-0.015625,-0.0078125,0.0,0.0546875,5.658279381322561,4.483024688483839,5.136174847273619,5.670049912020136,6.179399572307832,7.043225092109769,0.0,5.658154381322562,4.4828996884838395,5.136049847273619,5.669924912020138,6.179274572307833,7.0431000921097695,0.0,0.00012499999999970868,0.00012499999999970868,0.00012499999999970868,0.00012499999999970868,0.00012499999999970868,0.00012499999999970868,0.0,1.899662712686054e-05,1.5533735536324934e-05,1.7402260000635795e-05,1.8728795077739792e-05,2.0356674623569643e-05,2.2781729251077755e-05,0.0
rotated_anisotropic_pl_d4,Rotated PL 4D,clustered,H,0.1,128,4,2,1024,8192,1024,1.0,8192,4481,3659,52,0.5469970703125,0.4466552734375,0.00634765625,0.021240234375,0.002685546875,4481,0.5469970703125,0.5469970703125,174,22,0.023792422954495653,0.022605727313825062,0.023178699733539698,0.023842102482285465,0.024447291240801583,0.024915785335435547,0.0,0.0024448038207067315,0.0022801323062494987,0.0023738605243766404,0.00244311085616102,0.002520871937118872,0.0026007512499606374,0.0,0.023792422954495653,0.022605727313825062,0.023178699733539698,0.023842102482285465,0.024447291240801583,0.024915785335435547,0.0,0.0024448038207067315,0.0022801323062494987,0.0023738605243766404,0.00244311085616102,0.002520871937118872,0.0026007512499606374,0.0,0.19683338908694936,-0.1221405903488039,-0.02895685728108255,0.040690460138598006,0.40931102192925817,0.8065691859600683,0.00634765625,0.023839012300951402,-0.015037215934980702,-0.0035296937157400098,0.004877666271084187,0.04990366917652987,0.0978205820843922,0.00634765625,0.023855746629360595,-0.1204906533932455,-0.03517740775448175,0.02476453326304373,0.08456952516645,0.166182557972391,0.0,0.002453341748660723,-0.012397151339875923,-0.003595324648774297,0.002522465568533062,0.00873133915394081,0.017070018218227498,0.0,3.4565357783995663,0.4104572699303014,0.9115130443799639,1.3323577837476024,7.021309118393286,7.564316250656239,0.009033203125,3.2597023893126167,0.20323766193317283,0.6943193824445943,0.7399627021893842,7.0539309401888035,7.5979617092830045,0.027587890625,-0.01416015625,-0.0703125,-0.0390625,-0.015625,0.01171875,0.054101562499999645,0.0322265625,0.024028778076171875,-0.04296875,-0.00390625,0.01953125,0.05078125,0.08984375,0.0546875,0.025035858154296875,-0.04296875,0.0,0.0234375,0.05078125,0.08984375,0.046875,3.5108166267427547,3.2006277704036488,3.415181924542532,3.527977285905635,3.6393594069371735,3.752030647631779,0.0,3.4948166267427547,3.1846277704036487,3.399181924542532,3.511977285905635,3.6233594069371735,3.736030647631779,0.0,0.016000000000000014,0.016000000000000014,0.016000000000000014,0.016000000000000014,0.016000000000000014,0.016000000000000014,0.0,0.003255046245667255,0.00313574886046196,0.0031816391630469423,0.003227785015166332,0.003298217598523781,0.0034727852926933677,0.0
rotated_anisotropic_pl_d4,Rotated PL 4D,clustered,H,0.05,128,4,2,1024,8192,1024,1.0,8192,5209,2572,411,0.6358642578125,0.31396484375,0.0501708984375,0.05224609375,0.0140380859375,5209,0.6358642578125,0.6358642578125,428,115,0.011181600411553572,0.010727961153017062,0.011001940537475718,0.011184415256879632,0.011380087386770654,0.0115788480453336,0.0,0.0011489975063191963,0.0010786139660585233,0.0011226521982425812,0.0011477537227581125,0.0011744618692415053,0.0012195311399692155,0.0,0.011181600411553572,0.010727961153017062,0.011001940537475718,0.011184415256879632,0.011380087386770654,0.0115788480453336,0.0,0.0011489975063191963,0.0010786139660585233,0.0011226521982425812,0.0011477537227581125,0.0011744618692415053,0.0012195311399692155,0.0,0.14931607997272361,-0.13127585185793933,-0.012206741640976126,0.07689012402637907,0.3012785756685403,0.6023242501124848,0.0501708984375,0.01806012426570586,-0.01609583749585637,-0.001484688891632335,0.009490303394317239,0.03597903923375402,0.07124883111366682,0.0501708984375,0.010828813805854764,-0.09751824506384921,-0.03292273142591107,0.012056951009244976,0.05372444922364927,0.1171876394660547,0.0,0.0011133655301998626,-0.009961213789954465,-0.0033970229920858037,0.0012412594115770814,0.005542939087465609,0.012087457232221132,0.0,2.279912560222658,0.0,0.38166242330551636,0.6392721361267846,6.586939382301696,7.483081543306124,0.064208984375,2.1305964802499346,0.0,0.3274082965791525,0.36522535043080584,6.586338738622087,7.501052152498761,0.1024169921875,0.7599143981933594,0.649609375,0.7451171875,0.7890625,0.828125,0.8744140624999996,0.0,0.09482192993164062,0.03125,0.05078125,0.0859375,0.12890625,0.1875,0.00390625,0.0146636962890625,-0.03125,0.0,0.01171875,0.03125,0.0546875,0.0595703125,3.7127344724677966,3.3925670135326906,3.645606503715891,3.7479072173142725,3.827130834614956,3.921042380618783,0.0,3.704734472467797,3.3845670135326906,3.637606503715891,3.7399072173142724,3.819130834614956,3.913042380618783,0.0,0.008000000000000007,0.008000000000000007,0.008000000000000007,0.008000000000000007,0.008000000000000007,0.008000000000000007,0.0,0.0016275231228336275,0.00156787443023098,0.0015908195815234711,0.001613892507583166,0.0016491087992618904,0.0017363926463466839,0.0
rotated_anisotropic_pl_d4,Rotated PL 4D,clustered,H,0.025,128,4,2,1024,8192,1024,1.0,8192,5022,2176,994,0.613037109375,0.265625,0.121337890625,0.0606689453125,0.0389404296875,5022,0.613037109375,0.613037109375,497,319,0.005409827048528191,0.005208858592035792,0.005333653223643875,0.005413207193756264,0.005483552653302581,0.005595388238933907,0.0,0.0005559091320802755,0.0005232085402335634,0.0005430889802249162,0.0005555419498153478,0.0005678491393001445,0.0005907612575319661,0.0,0.005409827048528191,0.005208858592035792,0.005333653223643875,0.005413207193756264,0.005483552653302581,0.005595388238933907,0.0,0.0005559091320802755,0.0005232085402335634,0.0005430889802249162,0.0005555419498153478,0.0005678491393001445,0.0005907612575319661,0.0,0.09707782275167329,-0.11887062969996887,-0.002949804740226547,0.04235358375644527,0.20164168365201363,0.39810483082340475,0.121337890625,0.011721627295159872,-0.014694270986018346,-0.0003618781748496003,0.005078990839264266,0.02414798545294079,0.048609152116684345,0.121337890625,0.005693069672652753,-0.0714431642526403,-0.023871005237655396,0.005998147894626271,0.03753630871921443,0.07988524549220877,0.0,0.0005847424199575573,-0.007319407196085887,-0.002469318004973235,0.0006170354811049798,0.0038733952084218696,0.008238092333434803,0.0,1.4674053569540786,0.0,0.12017914471431634,0.31147550182291805,0.5220224801423408,7.37466303333765,0.1602783203125,1.3703275342024055,0.0,0.12830886499378202,0.18189640035428845,0.1917891592499874,7.379391163609779,0.1820068359375,0.5023422241210938,0.33984375,0.4287109375,0.5,0.5751953125,0.6634765624999996,0.0,0.041728973388671875,0.0078125,0.01953125,0.03515625,0.05859375,0.08984375,0.01171875,0.00322723388671875,-0.02734375,-0.0078125,0.0,0.015625,0.038476562499999645,0.0859375,3.8166891942083465,3.498263077362164,3.758033263798314,3.8535204872116906,3.9308438378434065,4.011320517947154,0.0,3.812689194208346,3.494263077362164,3.754033263798314,3.8495204872116906,3.926843837843407,4.0073205179471545,0.0,0.003999999999999979,0.0039999999999995595,0.0040000000000000036,0.0040000000000000036,0.0040000000000000036,0.0040000000000000036,0.0,0.0008137615614168091,0.000783937215115416,0.0007954097907617356,0.000806946253791583,0.0008245543996309452,0.0008681963231733419,0.0
rotated_anisotropic_pl_d4,Rotated PL 4D,clustered,H,0.0125,128,4,2,1024,8192,1024,1.0,8192,4766,1906,1520,0.581787109375,0.232666015625,0.185546875,0.0545654296875,0.0645751953125,4766,0.581787109375,0.581787109375,447,529,0.0026594158353914227,0.002568282807265998,0.0026234337023063325,0.0026615946082912956,0.002695138306020084,0.0027578175445436945,0.0,0.0002732810071003353,0.0002580675573558584,0.0002674544519007909,0.0002734512293126461,0.00027969825506433206,0.0002917151169459752,0.0,0.0026594158353914227,0.002568282807265998,0.0026234337023063325,0.0026615946082912956,0.002695138306020084,0.0027578175445436945,0.0,0.0002732810071003353,0.0002580675573558584,0.0002674544519007909,0.0002734512293126461,0.00027969825506433206,0.0002917151169459752,0.0,0.06587940058921546,-0.08760175817961979,0.0,0.02620583665480325,0.13271076244736957,0.2766068957707226,0.185546875,0.007964303315400316,-0.011019945516853235,0.0,0.00324662741711772,0.016448138331125753,0.034002417608457576,0.185546875,0.002977187439470062,-0.05390584678016275,-0.018086255647845384,0.0036960284373641628,0.02455150110448301,0.05757326874958579,0.0,0.00030614394221996865,-0.005519301500267135,-0.0018664986966282868,0.00037664872082314265,0.002545964122777443,0.005942992896737561,0.0,0.7950917532477293,0.0,0.0,0.1423853463391591,0.27467757274600313,7.078100912364998,0.2501220703125,0.7292123526585138,0.0,0.013902060238290659,0.09061961476857316,0.09420795632451817,7.081791302802464,0.2401123046875,0.1539306640625,0.05078125,0.08984375,0.140625,0.1953125,0.296875,0.0,0.010547637939453125,0.0,0.00390625,0.0078125,0.015625,0.030664062499999645,0.1328125,-0.003017425537109375,-0.030664062499999978,-0.01171875,-0.00390625,0.0078125,0.01953125,0.09375,3.869413656341061,3.5491545801073925,3.804878232733723,3.9023903599044463,3.9802293720395774,4.054146514159975,0.0,3.8674136563410606,3.5471545801073927,3.802878232733723,3.9003903599044465,3.9782293720395776,4.0521465141599755,0.0,0.0019999999999997806,0.0019999999999997797,0.0019999999999997797,0.0019999999999997797,0.0019999999999997797,0.0019999999999997797,0.0,0.00040688078070836187,0.0003919686075577015,0.00039770489538082366,0.00040347312689574674,0.0004122771998154268,0.0004340981615866228,0.0
rotated_anisotropic_pl_d4,Rotated PL 4D,clustered,H,0.00625,128,4,2,1024,8192,1024,1.0,8192,4445,1743,2004,0.5426025390625,0.2127685546875,0.24462890625,0.0450439453125,0.0987548828125,4445,0.5426025390625,0.5426025390625,369,809,0.0013183039377700559,0.0012741043343566182,0.0013020129812657544,0.0013193282245236304,0.0013367714218617266,0.001369426239460214,0.0,0.00013546907489639485,0.00012793329292088215,0.00013244976156122763,0.00013552685579764213,0.00013863359510345665,0.00014470914052395692,0.0,0.0013183039377700559,0.0012741043343566182,0.0013020129812657544,0.0013193282245236304,0.0013367714218617266,0.001369426239460214,0.0,0.00013546907489639485,0.00012793329292088215,0.00013244976156122763,0.00013552685579764213,0.00013863359510345665,0.00014470914052395692,0.0,0.045113975805630695,-0.045687606341394016,0.0,0.012689280466590347,0.09191203021516237,0.19159910134182123,0.24462890625,0.005473773085794802,-0.0056526466880649955,0.0,0.0015255182839708017,0.010982189247553677,0.0238808123114047,0.24462890625,0.0018384845446049408,-0.037847634010393705,-0.013525217923120891,0.0021399647159192625,0.01766523210906179,0.04131213539050904,0.0,0.0001889565627402297,-0.003944023438720072,-0.0013941142435453387,0.0002180366346517651,0.0018316819803170835,0.004249068351578302,0.0,0.4448625008151276,0.0,0.0,0.06644495791729765,0.1526521014022162,6.496750573015671,0.3433837890625,0.3997485250094969,0.0,0.0,0.045231114808442996,0.04702512920832369,6.4988319841273325,0.2896728515625,0.01218414306640625,0.0,0.0,0.0078125,0.015625,0.04296875,0.275390625,0.0006256103515625,0.0,0.0,0.0,0.0,0.00390625,0.86328125,-0.0062408447265625,-0.0234375,-0.01171875,-0.0078125,0.0,0.01953125,0.125,3.8959624507579975,3.578756605455413,3.8286158920102444,3.928903721489169,4.006093277654119,4.077700848595842,0.0,3.894962450757997,3.5777566054554133,3.8276158920102445,3.9279037214891686,4.005093277654119,4.076700848595841,0.0,0.0010000000000000122,0.0009999999999998899,0.0009999999999998899,0.0009999999999998899,0.001000000000000334,0.001000000000000334,0.0,0.0002034403903542049,0.00019598430377893778,0.0001988524476904339,0.00020173656344787337,0.0002061385999077134,0.0002170490807933114,0.0
rotated_anisotropic_pl_d4,Rotated PL 4D,clustered,H,0.003125,128,4,2,1024,8192,1024,1.0,8192,4170,1730,2292,0.509033203125,0.211181640625,0.27978515625,0.0335693359375,0.1309814453125,4170,0.509033203125,0.509033203125,275,1073,0.0006562974196813558,0.0006340625521466415,0.0006479396140961491,0.0006569026363383301,0.0006656004448286623,0.0006823232697303005,0.0,6.744131484917681e-05,6.367082443300246e-05,6.592242746978582e-05,6.742884596284869e-05,6.900543948519094e-05,7.204090651152675e-05,0.0,0.0006562974196813558,0.0006340625521466415,0.0006479396140961491,0.0006569026363383301,0.0006656004448286623,0.0006823232697303005,0.0,6.744131484917681e-05,6.367082443300246e-05,6.592242746978582e-05,6.742884596284869e-05,6.900543948519094e-05,7.204090651152675e-05,0.0,0.03171261904027688,-0.023350889516124518,0.0,0.0022868348855649145,0.06245397783366524,0.13494600450783345,0.27978515625,0.0038555511862366685,-0.0028508020126231867,0.0,0.00027262600218166353,0.007619131512986282,0.016588878904791687,0.27978515625,0.0009954183457683724,-0.02810444069033275,-0.009859124906022032,0.0012851187104310213,0.012315101601251044,0.02878172588262906,0.0,0.00010230217412878322,-0.0028966460604998626,-0.0010110922356937686,0.0001338466832085208,0.001267691308527159,0.0029637866703304985,0.0,0.21812054701752082,0.0,0.0,0.0281330931825039,0.08980953591460406,0.1849078049286348,0.4107666015625,0.18640792797724393,0.0,0.0,0.02251480973429132,0.023413286726313487,0.024561726227861236,0.3133544921875,9.5367431640625e-05,0.0,0.0,0.0,0.0,0.0,0.9697265625,0.0,0.0,0.0,0.0,0.0,0.0,1.0,-0.00867462158203125,-0.0234375,-0.015625,-0.0078125,-0.00390625,0.011132812499999645,0.109375,3.909283463667811,3.592982971541293,3.8396564988715434,3.944089811506421,4.016891101030865,4.090868953406832,0.0,3.9087834636678105,3.5924829715412927,3.839156498871543,3.9435898115064205,4.016391101030865,4.090368953406832,0.0,0.0005000000000000074,0.0004999999999997229,0.0004999999999997229,0.000500000000000167,0.000500000000000167,0.000500000000000167,0.0,0.0001017201951771041,9.799215188938186e-05,9.942622384516176e-05,0.00010086828172398148,0.00010306929995390247,0.00010852454039670389,0.0
rotated_anisotropic_pl_d4,Rotated PL 4D,clustered,H,0.0015625,128,4,2,1024,8192,1024,1.0,8192,4043,1679,2470,0.4935302734375,0.2049560546875,0.301513671875,0.02294921875,0.1546630859375,4043,0.4935302734375,0.4935302734375,188,1267,0.0003274346370518433,0.0003161284955726096,0.00032328318454766247,0.00032783345221343296,0.0003319831427850417,0.00034035366292535225,0.0,3.3647306998159057e-05,3.177389637724309e-05,3.2885331015368755e-05,3.364130435681968e-05,3.442524289376112e-05,3.592990262551117e-05,0.0,0.0003274346370518433,0.0003161284955726096,0.00032328318454766247,0.00032783345221343296,0.0003319831427850417,0.00034035366292535225,0.0,3.3647306998159057e-05,3.177389637724309e-05,3.2885331015368755e-05,3.364130435681968e-05,3.442524289376112e-05,3.592990262551117e-05,0.0,0.022307646090063665,-0.011744061948292028,0.0,0.0,0.04274663101915177,0.09372273952287714,0.301513671875,0.0027173259603322894,-0.0014261457128141408,0.0,0.0,0.005266936676885103,0.011466069668318472,0.301513671875,0.0005656104840947632,-0.019801906880708486,-0.007047701179898169,0.000984427292269885,0.008623857134171686,0.019994373383649844,0.0,5.8060860337322146e-05,-0.0020453466913129244,-0.0007226869737692662,0.00010165281216825936,0.0008809214046017542,0.0020743348999277757,0.0,0.11810380554129252,0.0,0.0,0.011239963387327023,0.05610657307179423,0.11452933522532849,0.4561767578125,0.09579615945122885,0.0,0.0,0.011260999721667275,0.011694901939698354,0.012236495711334783,0.324462890625,1.1444091796875e-05,0.0,0.0,0.0,0.0,0.0,0.9951171875,0.0,0.0,0.0,0.0,0.0,0.0,1.0,-0.011199951171875,-0.02734375,-0.015625,-0.01171875,-0.00390625,0.00390625,0.08984375,3.9159556209957787,3.600112475664907,3.8447599956121845,3.950329503063929,4.022573765406326,4.0965969072279504,0.0,3.9157056209957783,3.5998624756649074,3.844509995612184,3.950079503063929,4.022323765406327,4.09634690722795,0.0,0.00025000000000003665,0.00024999999999986144,0.00024999999999986144,0.00024999999999986144,0.00025000000000030553,0.00025000000000030553,0.0,5.086009758855724e-05,4.899607594477796e-05,4.971311192266919e-05,5.043414086194594e-05,5.153464997690547e-05,5.4262270198303744e-05,0.0
rotated_anisotropic_pl_d4,Rotated PL 4D,clustered,H,0.00078125,128,4,2,1024,8192,1024,1.0,8192,3904,1728,2560,0.4765625,0.2109375,0.3125,0.01611328125,0.16455078125,3904,0.4765625,0.4765625,132,1348,0.0001635387464428359,0.00015783855196680464,0.00016147423911583303,0.00016376766862791214,0.00016578014441970268,0.00016997471216280145,0.0,1.680531035188865e-05,1.5871679149962367e-05,1.642592453393586e-05,1.680234875047386e-05,1.7193253113212162e-05,1.7943317217030452e-05,0.0,0.0001635387464428359,0.00015783855196680464,0.00016147423911583303,0.00016376766862791214,0.00016578014441970268,0.00016997471216280145,0.0,1.680531035188865e-05,1.5871679149962367e-05,1.642592453393586e-05,1.680234875047386e-05,1.7193253113212162e-05,1.7943317217030452e-05,0.0,0.015737536841349004,-0.005886034136964646,0.0,0.0,0.029434736045474752,0.06623795765673535,0.3125,0.0019187322723600462,-0.0007138342770339758,0.0,0.0,0.0036337156632057447,0.008115842200171018,0.3125,0.0003191013553633837,-0.01435319185880779,-0.005041703777632911,0.0006512977800037234,0.006031260934880933,0.014008430456581067,0.0,3.2735280947087376e-05,-0.0014714381535652252,-0.0005176125245565412,6.692432590983051e-05,0.0006159456841455478,0.0014532308374509723,0.0,0.08272368555688661,0.0,0.0,0.0025111387574736632,0.035862878298881906,0.07471597411874153,0.47705078125,0.06698614871553761,0.0,0.0,0.005631571625466236,0.005846845388253641,0.006119248054066162,0.32861328125,0.0,0.0,0.0,0.0,0.0,0.0,1.0,0.0,0.0,0.0,0.0,0.0,0.0,1.0,-0.0123291015625,-0.02734375,-0.015625,-0.01171875,-0.0078125,0.0,0.078125,3.9192946120022474,3.603681310482381,3.8474311160046533,3.9535604572743877,4.025821044688469,4.0995224109220985,0.0,3.9191696120022472,3.603556310482381,3.847306116004653,3.9534354572743875,4.025696044688469,4.099397410922099,0.0,0.0001249999999999715,0.00012499999999970868,0.00012499999999970868,0.00012500000000015277,0.00012500000000015277,0.00012500000000015277,0.0,2.5430048794270662e-05,2.4498037972301947e-05,2.4856555961246286e-05,2.5217070431017768e-05,2.5767324988498507e-05,2.7131135099200068e-05,0.0
rotated_anisotropic_pl_d8,Rotated PL 8D,broad,H,0.1,128,4,2,1024,8192,1024,1.0,8192,3561,2530,2101,0.4346923828125,0.308837890625,0.2564697265625,0.0184326171875,0.033203125,3561,0.4346923828125,0.4346923828125,151,272,0.050270800992262554,0.046484361500620075,0.04900522658247297,0.050201526417945175,0.051566104041278926,0.05377366650194748,0.0,0.0017157278121483115,0.001459366575657598,0.0015974946454391046,0.001705394971739218,0.0018273487080865342,0.001995995953372483,0.0,0.050270800992262554,0.046484361500620075,0.04900522658247297,0.050201526417945175,0.051566104041278926,0.05377366650194748,0.0,0.0017157278121483115,0.001459366575657598,0.0015974946454391046,0.001705394971739218,0.0018273487080865342,0.001995995953372483,0.0,0.06445235140330985,-0.6550108376063477,-0.12137849500361608,0.0,0.30012965306359085,0.8050520704764423,0.2564697265625,0.005910067939364773,-0.06703640572756647,-0.01172728642889996,0.0,0.028159821220111896,0.07814992708052568,0.2564697265625,0.04959317584863533,-0.18151173376120155,-0.04529664950525358,0.05493645265931946,0.14299313127935687,0.2725000944216944,0.0,0.0016909534581616302,-0.006196303966044317,-0.0015321011126268875,0.0018865248148433658,0.004904646429887782,0.0092815879632744,0.0,0.9347627577742981,0.0,0.0,0.6897453900421775,1.2627743181181943,3.2598190836780434,0.2896728515625,0.8703104063709882,0.0,0.0,0.774355296090973,0.8842434568318236,3.319872628981781,0.27490234375,-6.4849853515625e-05,-0.00390625,0.0,0.0,0.0,0.00390625,0.8408203125,4.9591064453125e-05,-0.00390625,0.0,0.0,0.0,0.00390625,0.8388671875,-0.0018463134765625,-0.015625,-0.00390625,0.0,0.0,0.01171875,0.3125,10.480797305429208,8.730573092273033,9.687736176060625,10.434230003815388,11.188686897452028,12.456015752351444,0.0,10.448797305429208,8.698573092273033,9.655736176060625,10.402230003815388,11.156686897452028,12.424015752351444,0.0,0.03200000000000003,0.03200000000000003,0.03200000000000003,0.03200000000000003,0.03200000000000003,0.03200000000000003,0.0,0.0026358168352773924,0.002252762302209318,0.0024688196553639616,0.0026129538287948837,0.0028015464349160323,0.0030588053287428922,0.0
rotated_anisotropic_pl_d8,Rotated PL 8D,broad,H,0.05,128,4,2,1024,8192,1024,1.0,8192,3420,2345,2427,0.41748046875,0.2862548828125,0.2962646484375,0.0113525390625,0.0572509765625,3420,0.41748046875,0.41748046875,93,469,0.0248357854379382,0.02294686940190349,0.024215817871758638,0.02477314177952472,0.025487598966155822,0.026632844366284124,0.0,0.0008475813297047685,0.0007222241800067579,0.0007901557050330876,0.0008416967615711529,0.0009010741296114974,0.000984969290987326,0.0,0.0248357854379382,0.02294686940190349,0.024215817871758638,0.02477314177952472,0.025487598966155822,0.026632844366284124,0.0,0.0008475813297047685,0.0007222241800067579,0.0007901557050330876,0.0008416967615711529,0.0009010741296114974,0.000984969290987326,0.0,0.05982990182671744,-0.3958947686622345,-0.05293602180746171,0.0,0.21124761465239494,0.5836694683879982,0.2962646484375,0.005575516497341757,-0.04004013236708282,-0.005225328887046609,0.0,0.020633750143451403,0.056769820924314755,0.2962646484375,0.028731176544375972,-0.13656197167833994,-0.039040772312159966,0.03210777126327713,0.09681732804710919,0.1874443155625336,0.0,0.0009798175283828904,-0.004744028373658406,-0.0013084620937795636,0.0011174298444358098,0.0032734187928955723,0.006368514482491877,0.0,0.4918939179061248,0.0,0.0,0.3029516107646497,0.6752799166549686,1.4442099858163377,0.353515625,0.43206401607940736,0.0,0.0,0.38847265136341136,0.4388732631181096,1.226001447967449,0.3076171875,-4.1961669921875e-05,0.0,0.0,0.0,0.0,0.0,0.9658203125,1.1444091796875e-05,0.0,0.0,0.0,0.0,0.0,0.9384765625,-0.00414276123046875,-0.018945312499999978,-0.0078125,-0.00390625,0.0,0.0078125,0.2802734375,10.858751029956233,9.034751577064387,10.03442783185135,10.853140635240766,11.566174688328394,12.891663948164483,0.0,10.842751029956233,9.018751577064387,10.01842783185135,10.837140635240768,11.550174688328394,12.875663948164483,0.0,0.016000000000000014,0.016000000000000014,0.016000000000000014,0.016000000000000014,0.016000000000000014,0.016000000000000014,0.0,0.0013179084176386962,0.001126381151104659,0.0012344098276819808,0.0013064769143974419,0.0014007732174580161,0.0015294026643714461,0.0
rotated_anisotropic_pl_d8,Rotated PL 8D,broad,H,0.025,128,4,2,1024,8192,1024,1.0,8192,3199,2308,2685,0.3905029296875,0.28173828125,0.3277587890625,0.009765625,0.1048583984375,3199,0.3905029296875,0.3905029296875,80,859,0.012345276881900586,0.011382852022612333,0.012031130881561936,0.012301059976682183,0.012679999832935884,0.013275140425475484,0.0,0.00042129853907956047,0.00036017019325639216,0.0003932490320193212,0.00041850036747550264,0.0004472828065411494,0.0004883603953026823,0.0,0.012345276881900586,0.011382852022612333,0.012031130881561936,0.012301059976682183,0.012679999832935884,0.013275140425475484,0.0,0.00042129853907956047,0.00036017019325639216,0.0003932490320193212,0.00041850036747550264,0.0004472828065411494,0.0004883603953026823,0.0,0.04766428525637576,-0.21429087497176091,-0.03169273043746301,0.0,0.14291462425791224,0.41215624276844665,0.3277587890625,0.004714685505567393,-0.023118677968767522,-0.0031938611474125224,0.0,0.013934396334951435,0.041624301703319544,0.3277587890625,0.014767617233469567,-0.10320757308890549,-0.03380668729857206,0.01717113391229219,0.06353757573382168,0.1283020025825646,0.0,0.0005022523879439852,-0.003540083419164907,-0.0011177855590411923,0.0005956345149250623,0.002147751174945178,0.00431915095014535,0.0,0.27198411263815936,0.0,0.0,0.09857276457078212,0.3736449408763427,0.7429475163300268,0.4326171875,0.22431982738178358,0.0,0.0,0.19079358679323022,0.21858747882855312,0.2598012265305307,0.3375244140625,1.52587890625e-05,0.0,0.0,0.0,0.0,0.0,0.994140625,2.288818359375e-05,0.0,0.0,0.0,0.0,0.0,0.994140625,-0.006561279296875,-0.01953125,-0.01171875,-0.00390625,-0.00390625,0.0033203124999996447,0.15625,11.051011278023495,9.241585397280039,10.214291608532799,11.078647624570497,11.737352964255429,13.055269604159024,0.0,11.043011278023496,9.23358539728004,10.2062916085328,11.070647624570498,11.72935296425543,13.047269604159025,0.0,0.007999999999999119,0.007999999999999119,0.007999999999999119,0.007999999999999119,0.007999999999999119,0.007999999999999119,0.0,0.0006589542088192748,0.000563190575552267,0.0006172049138409219,0.0006532384571986484,0.0007003866087289304,0.0007647013321856382,0.0
rotated_anisotropic_pl_d8,Rotated PL 8D,broad,H,0.0125,128,4,2,1024,8192,1024,1.0,8192,3132,2212,2848,0.38232421875,0.27001953125,0.34765625,0.0078125,0.14501953125,3132,0.38232421875,0.38232421875,64,1188,0.006154772293192317,0.005671816289349074,0.0060009966044489715,0.006130191920542316,0.006317369405411277,0.006627774386478258,0.0,0.00021003611783092327,0.00017985805511263266,0.00019617192592188742,0.00020862905365803878,0.0002230137131301241,0.00024310548393641367,0.0,0.006154772293192317,0.005671816289349074,0.0060009966044489715,0.006130191920542316,0.006317369405411277,0.006627774386478258,0.0,0.00021003611783092327,0.00017985805511263266,0.00019617192592188742,0.00020862905365803878,0.0002230137131301241,0.00024310548393641367,0.0,0.04089021487734511,-0.1106295500145631,-0.015542621377317323,0.0,0.10237115705990973,0.2968969065779161,0.34765625,0.004074149545655319,-0.011674365900325383,-0.0013727403271191422,0.0,0.010268418559794705,0.03015286671904005,0.34765625,0.008070590535313449,-0.07628149240567694,-0.02703083247190108,0.010046787261018153,0.04231608955522148,0.08858374928337653,0.0,0.000275165730232316,-0.002604375948662709,-0.0009008496357867243,0.000337263538251175,0.0014217902568863946,0.0030199815198126167,0.0,0.1413071612552857,0.0,0.0,0.00498992438641821,0.21288611234500898,0.4258662160673161,0.49267578125,0.10041694637794057,0.0,0.0,0.09493463521039569,0.10905234037413258,0.1255798085887765,0.35546875,-1.52587890625e-05,0.0,0.0,0.0,0.0,0.0,0.99609375,2.6702880859375e-05,0.0,0.0,0.0,0.0,0.0,0.9931640625,-0.009464263916015625,-0.01953125,-0.01171875,-0.0078125,-0.00390625,0.0,0.0654296875,11.147964352440994,9.355470703676813,10.31591945863478,11.157976456142155,11.863299253623108,13.13309647089595,0.0,11.143964352440992,9.351470703676814,10.311919458634781,11.153976456142155,11.859299253623108,13.12909647089595,0.0,0.0039999999999995595,0.0039999999999995595,0.0039999999999995595,0.0039999999999995595,0.0039999999999995595,0.0039999999999995595,0.0,0.0003294771044096374,0.0002815952877761335,0.00030860245692046094,0.0003266192285993242,0.0003501933043644652,0.0003823506660928191,0.0
rotated_anisotropic_pl_d8,Rotated PL 8D,broad,H,0.00625,128,4,2,1024,8192,1024,1.0,8192,3085,2247,2860,0.3765869140625,0.2742919921875,0.34912109375,0.00341796875,0.184326171875,3085,0.3765869140625,0.3765869140625,28,1510,0.003072955686763898,0.0028310475265890035,0.0029968823476282935,0.0030604049373454956,0.003153071955487974,0.003311500482526419,0.0,0.00010486600955730744,8.987331825912896e-05,9.797339796402274e-05,0.00010419974860834951,0.00011134131050350395,0.00012130486557104819,0.0,0.003072955686763898,0.0028310475265890035,0.0029968823476282935,0.0030604049373454956,0.003153071955487974,0.003311500482526419,0.0,0.00010486600955730744,8.987331825912896e-05,9.797339796402274e-05,0.00010419974860834951,0.00011134131050350395,0.00012130486557104819,0.0,0.03342621730647029,-0.05579374724948849,-0.017349641231058754,0.0,0.07306726392362961,0.2184013373746616,0.34912109375,0.003341316461831464,-0.005913299268871704,-0.0017757279696652291,0.0,0.007197266161345066,0.021829998221018106,0.34912109375,0.004011727978159394,-0.055398886106793555,-0.021261112654567427,0.005497915897691996,0.028738699809768065,0.06207843486346926,0.0,0.00013608075403815983,-0.001885939772440483,-0.0007078650965488865,0.00018149820941495629,0.0009612854729576129,0.0021020331690391253,0.0,0.08001070498731894,0.0,0.0,0.0,0.12684207996491637,0.2734069268225685,0.533447265625,0.04658448768084865,0.0,0.0,0.047866878748379804,0.054576276814911395,0.06261861450822437,0.3525390625,0.0,0.0,0.0,0.0,0.0,0.0,1.0,0.0,0.0,0.0,0.0,0.0,0.0,0.9921875,-0.01166534423828125,-0.026757812499999978,-0.015625,-0.01171875,-0.0078125,-0.00390625,0.03125,11.1966468835611,9.408444778583185,10.369061216439778,11.199241907055809,11.920630734054422,13.1684606429639,0.0,11.194646883561099,9.406444778583184,10.367061216439778,11.197241907055808,11.918630734054421,13.1664606429639,0.0,0.002000000000000668,0.002000000000000668,0.002000000000000668,0.002000000000000668,0.002000000000000668,0.002000000000000668,0.0,0.0001647385522048919,0.00014079764388812927,0.000154301228460299,0.00016330961429973463,0.00017509665218231035,0.00019117533304649443,0.0
rotated_anisotropic_pl_d8,Rotated PL 8D,broad,H,0.003125,128,4,2,1024,8192,1024,1.0,8192,3068,2184,2940,0.37451171875,0.2666015625,0.35888671875,0.00439453125,0.2001953125,3068,0.37451171875,0.37451171875,36,1640,0.0015353747439514828,0.0014143138612871197,0.0014975404765777967,0.0015291100669916347,0.0015751384006463809,0.001655161312299569,0.0,5.239514747136344e-05,4.492286299209171e-05,4.8958630895786244e-05,5.2071377524773944e-05,5.560564785127657e-05,6.0590728668167906e-05,0.0,0.0015353747439514828,0.0014143138612871197,0.0014975404765777967,0.0015291100669916347,0.0015751384006463809,0.001655161312299569,0.0,5.239514747136344e-05,4.492286299209171e-05,4.8958630895786244e-05,5.2071377524773944e-05,5.560564785127657e-05,6.0590728668167906e-05,0.0,0.026185098151668706,-0.028028136342438614,-0.0095434479340617,0.0,0.051859334623081565,0.15549951420966135,0.35888671875,0.002610509477093092,-0.002974995415528789,-0.0010284855353579541,0.0,0.0051935178173783975,0.015313494129469208,0.35888671875,0.0019995539970318857,-0.04071271236349716,-0.015383859711064929,0.003344862862864062,0.019188407850130318,0.04369437399675746,0.0,6.76121570452471e-05,-0.0013844933733998034,-0.0005135318032847743,0.00011275797423470339,0.0006523116694661736,0.0014614453127414309,0.0,0.05145190222419424,0.0,0.0,0.0,0.0775605577881473,0.18017052548402734,0.55908203125,0.02526680407252554,0.0,0.0,0.023741301161517292,0.02729079987051719,0.03129955341777446,0.36328125,0.0,0.0,0.0,0.0,0.0,0.0,1.0,0.0,0.0,0.0,0.0,0.0,0.0,1.0,-0.01265716552734375,-0.026757812499999978,-0.015625,-0.01171875,-0.0078125,-0.00390625,0.01953125,11.221039679221496,9.435000001191757,10.395694008296639,11.22195514263596,11.938237239443236,13.18626285095387,0.0,11.220039679221495,9.434000001191757,10.39469400829664,11.220955142635962,11.937237239443235,13.18526285095387,0.0,0.0009999999999994458,0.0009999999999994458,0.0009999999999994458,0.0009999999999994458,0.0009999999999994458,0.0009999999999994458,0.0,8.236927610237279e-05,7.03988219440021e-05,7.715061423008099e-05,8.16548071497948e-05,8.754832609107742e-05,9.558766652316232e-05,0.0
rotated_anisotropic_pl_d8,Rotated PL 8D,broad,H,0.0015625,128,4,2,1024,8192,1024,1.0,8192,3056,2204,2932,0.373046875,0.26904296875,0.35791015625,0.00341796875,0.22265625,3056,0.373046875,0.373046875,28,1824,0.0007674121619154553,0.0007068551133230016,0.0007485454759947885,0.0007642811137742456,0.0007872205072052552,0.0008274343904483672,0.0,2.6188128800676444e-05,2.245799884720846e-05,2.4472307593081877e-05,2.6028589298293508e-05,2.7794391746742435e-05,3.027997144464764e-05,0.0,0.0007674121619154553,0.0007068551133230016,0.0007485454759947885,0.0007642811137742456,0.0007872205072052552,0.0008274343904483672,0.0,2.6188128800676444e-05,2.245799884720846e-05,2.4472307593081877e-05,2.6028589298293508e-05,2.7794391746742435e-05,3.027997144464764e-05,0.0,0.01963359092573287,-0.014223538759456034,-0.007083457032540874,0.0,0.03656793359327892,0.11055953045731925,0.35791015625,0.001969963899306445,-0.0015239867083991219,-0.000822621885304448,0.0,0.003702508084475163,0.011005343294663381,0.35791015625,0.0011235313663629362,-0.028959135749797582,-0.011294318370882017,0.0021393977463457503,0.013448296309004348,0.03055907466823271,0.0,3.768805026514064e-05,-0.0009928625409088624,-0.0003752608086167852,7.437914324062023e-05,0.0004523936187629164,0.001023310894316867,0.0,0.030109219913941727,0.0,0.0,0.0,0.05008367466077068,0.12292667417770708,0.58056640625,0.010475628988208852,0.0,0.0,0.011873786003793185,0.01364878676484338,0.015652347301873704,0.361328125,0.0,0.0,0.0,0.0,0.0,0.0,1.0,0.0,0.0,0.0,0.0,0.0,0.0,1.0,-0.013763427734375,-0.02734375,-0.01953125,-0.01171875,-0.0078125,-0.00390625,0.01953125,11.233248963503549,9.448294668558878,10.409025885308603,11.234316263004109,11.95143032638218,13.195170033525667,0.0,11.23274896350355,9.447794668558878,10.408525885308602,11.233816263004108,11.95093032638218,13.194670033525666,0.0,0.0005000000000006111,0.0005000000000006111,0.0005000000000006111,0.0005000000000006111,0.0005000000000006111,0.0005000000000006111,0.0,4.118463805125955e-05,3.519941097206358e-05,3.857530711510901e-05,4.082740357496992e-05,4.377416304561647e-05,4.779383326166606e-05,0.0
rotated_anisotropic_pl_d8,Rotated PL 8D,broad,H,0.00078125,128,4,2,1024,8192,1024,1.0,8192,3036,2200,2956,0.37060546875,0.2685546875,0.36083984375,0.00634765625,0.240234375,3036,0.37060546875,0.37060546875,52,1968,0.00038363734906408584,0.00035335218469576544,0.00037421659896530457,0.0003820869080914946,0.00039352316796037456,0.0004136807494935724,0.0,1.3091705591347696e-05,1.1228143308820814e-05,1.2234402979990442e-05,1.3012522875310075e-05,1.389512027839709e-05,1.5136141643489788e-05,0.0,0.00038363734906408584,0.00035335218469576544,0.00037421659896530457,0.0003820869080914946,0.00039352316796037456,0.0004136807494935724,0.0,1.3091705591347696e-05,1.1228143308820814e-05,1.2234402979990442e-05,1.3012522875310075e-05,1.389512027839709e-05,1.5136141643489788e-05,0.0,0.01447079743798397,-0.00721609306593507,-0.004517467845582601,0.0,0.025829335174725188,0.07834072805410486,0.36083984375,0.0014585938954652712,-0.000763011609185252,-0.0004356302434483418,0.0,0.0026024855597830193,0.007831361649893974,0.36083984375,0.0006838525947745096,-0.020660792662376082,-0.008101518245659634,0.0014125192847487256,0.009401596719055938,0.02141446682525583,0.0,2.293625956857788e-05,-0.0007029222225470512,-0.000270686026134787,4.887675659383725e-05,0.0003173175859918073,0.0007228282847224164,0.0,0.02141404912338512,0.0,0.0,0.0,0.0323123011707267,0.08442026540622471,0.60107421875,0.006943251685401149,0.0,0.0,0.005937676240054479,0.006779024732109562,0.007826815960115141,0.3671875,0.0,0.0,0.0,0.0,0.0,0.0,1.0,0.0,0.0,0.0,0.0,0.0,0.0,1.0,-0.01409912109375,-0.02734375,-0.01953125,-0.015625,-0.0078125,-0.00390625,0.01953125,11.239356827746755,9.454946267477542,10.415695694437208,11.240500038900485,11.956545260780889,13.199625144442894,0.0,11.239106827746756,9.454696267477543,10.415445694437208,11.240250038900486,11.95629526078089,13.199375144442895,0.0,0.00024999999999941735,0.00024999999999941735,0.00024999999999941735,0.00024999999999941735,0.00024999999999941735,0.00024999999999941735,0.0,2.059231902555662e-05,1.7599705485969264e-05,1.9287653557485983e-05,2.0413701787412436e-05,2.1887081522730477e-05,2.389691663074813e-05,0.0
rotated_anisotropic_pl_d8,Rotated PL 8D,clustered,H,0.1,128,4,2,1024,8192,1024,1.0,8192,3987,4092,113,0.4866943359375,0.49951171875,0.0137939453125,0.02587890625,0.0047607421875,3987,0.4866943359375,0.4866943359375,212,39,0.0526429057374868,0.05098677356389576,0.051482021107094766,0.052540050402505756,0.053795199375656466,0.05436980751776588,0.0,0.0025909502106853484,0.002485070503797541,0.0025365004936500897,0.0025898799011579154,0.002648310826228151,0.0026974823872020254,0.0,0.0526429057374868,0.05098677356389576,0.051482021107094766,0.052540050402505756,0.053795199375656466,0.05436980751776588,0.0,0.0025909502106853484,0.002485070503797541,0.0025365004936500897,0.0025898799011579154,0.002648310826228151,0.0026974823872020254,0.0,0.20728054008442137,-0.2624735348539971,-0.08393195546398857,0.0,0.4748369751477952,1.0436280316143751,0.0137939453125,0.011313385275476914,-0.014429138047445533,-0.004594786257157177,0.0,0.026280126609749384,0.05703647312404114,0.0137939453125,0.04907327840282049,-0.13048847448435552,-0.02511163895407975,0.0511793967055052,0.12378716840270831,0.22736911134363424,0.0,0.002415481918476448,-0.006477771184470939,-0.0012418536497646264,0.002529637900160016,0.006061860885207079,0.011149549188152136,0.0,7.714844146079904,0.38372202648939435,1.1330805619070539,1.7728237897375454,17.02881331367071,17.543375211507897,0.0185546875,7.5075636059954824,0.10748630342853716,0.9715426419177433,1.0061129204297892,17.117220567521375,17.61104981996721,0.0396728515625,0.8978919982910156,0.82421875,0.84765625,0.890625,0.94921875,0.9765625,0.0,0.17626571655273438,0.0546875,0.11328125,0.171875,0.234375,0.3203125,0.0,0.025638580322265625,-0.04296875,0.0078125,0.03125,0.05078125,0.0859375,0.0390625,7.176209596406373,6.494575301320581,7.003245118256436,7.191470653533084,7.449819277584501,7.597392715129776,0.0,7.144209596406373,6.462575301320581,6.971245118256436,7.159470653533084,7.417819277584501,7.565392715129776,0.0,0.03200000000000003,0.03200000000000003,0.03200000000000003,0.03200000000000003,0.03200000000000003,0.03200000000000003,0.0,0.003616040013474378,0.0034860763709345407,0.003529947699033591,0.0035727050469038318,0.003652401130678105,0.003899308544579944,0.0
rotated_anisotropic_pl_d8,Rotated PL 8D,clustered,H,0.05,128,4,2,1024,8192,1024,1.0,8192,4367,3140,685,0.5330810546875,0.38330078125,0.0836181640625,0.06201171875,0.0194091796875,4367,0.5330810546875,0.5330810546875,508,159,0.025780532920055846,0.025231855298691742,0.02549039873837078,0.025808824270868058,0.026061697539398132,0.02632461650211404,0.0,0.0012688518934322905,0.0012285387676625433,0.0012531862772262245,0.0012700562065150827,0.0012855126438475514,0.0013087770950386776,0.0,0.025780532920055846,0.025231855298691742,0.02549039873837078,0.025808824270868058,0.026061697539398132,0.02632461650211404,0.0,0.0012688518934322905,0.0012285387676625433,0.0012531862772262245,0.0012700562065150827,0.0012855126438475514,0.0013087770950386776,0.0,0.1465405708343757,-0.28136368086298547,-0.04269878241513947,0.015918873173198733,0.33980162672423475,0.7317229738982842,0.0836181640625,0.007977909872525496,-0.015364246836107664,-0.0023445874113375183,0.000867412793892207,0.018557509420099115,0.040120466382405046,0.0836181640625,0.02398048241510791,-0.10486988738743364,-0.031706281843939976,0.02455564230239915,0.07918505235821449,0.1494902563350209,0.0,0.0011815754713637057,-0.0051771735315143804,-0.0015544212892688,0.001213327987831894,0.0038727893792733907,0.007350272720431711,0.0,5.27900454733376,0.0,0.39942246998383624,0.8138930984380259,16.579079153301915,17.475727478170608,0.10302734375,5.132463976499384,0.0,0.4664859594812114,0.49934406578583435,16.605386238506444,17.513698503108184,0.1456298828125,0.5956268310546875,0.41914062500000004,0.5234375,0.6015625,0.671875,0.74609375,0.0,0.0628662109375,0.015625,0.03125,0.05859375,0.0859375,0.13671875,0.0,0.0147552490234375,-0.015625,0.0,0.01171875,0.02734375,0.0546875,0.0830078125,7.513275594666633,6.819001395070479,7.384598397052721,7.5680954570012755,7.722430002669823,7.858281010957245,0.0,7.497275594666633,6.803001395070479,7.368598397052721,7.5520954570012755,7.706430002669823,7.842281010957245,0.0,0.016000000000000014,0.016000000000000014,0.016000000000000014,0.016000000000000014,0.016000000000000014,0.016000000000000014,0.0,0.001808020006737189,0.0017430381854672704,0.0017649738495167954,0.0017863525234519159,0.0018262005653390525,0.001949654272289972,0.0
rotated_anisotropic_pl_d8,Rotated PL 8D,clustered,H,0.025,128,4,2,1024,8192,1024,1.0,8192,4320,2513,1359,0.52734375,0.3067626953125,0.1658935546875,0.0511474609375,0.0526123046875,4320,0.52734375,0.52734375,419,431,0.012758207810735955,0.01255123045026565,0.012665895855104026,0.012757212328804002,0.012847859819796525,0.012960888001881976,0.0,0.0006279262129897545,0.0006108795254419964,0.0006213055193874478,0.000627936569998632,0.000635115747031589,0.0006446186125387187,0.0,0.012758207810735955,0.01255123045026565,0.012665895855104026,0.012757212328804002,0.012847859819796525,0.012960888001881976,0.0,0.0006279262129897545,0.0006108795254419964,0.0006213055193874478,0.000627936569998632,0.000635115747031589,0.0006446186125387187,0.0,0.09911890201202889,-0.2326383004888532,-0.02155882747798188,0.009177557490012589,0.2332906150441172,0.5119225098809501,0.1658935546875,0.005399757782290687,-0.012816084352826511,-0.001194062152829449,0.0005099543445032417,0.012790454732672997,0.028488557038775914,0.1658935546875,0.010465150226406518,-0.08105074362588383,-0.029314350574706438,0.011037095373483297,0.04943048702905184,0.10222763047892158,0.0,0.0005162426408059106,-0.0039901476897986985,-0.0014471946569718183,0.0005390563023479819,0.0024298674121804396,0.005052300179253372,0.0,3.2636571871217557,0.0,0.054298342431660984,0.3680239393079461,0.7030503019073269,17.35562812299379,0.218505859375,3.164538285109727,0.0,0.13016117051017773,0.24884711962947037,0.25408810379446933,17.385083133368212,0.217041015625,0.10278701782226562,0.02734375,0.0546875,0.091796875,0.14453125,0.2109375,0.0,0.008045196533203125,0.0,0.0,0.00390625,0.01171875,0.02734375,0.3095703125,0.00014495849609375,-0.0234375,-0.0078125,0.0,0.0078125,0.03125,0.1357421875,7.685350724418915,7.020062720812503,7.579456037870728,7.761630849836216,7.872995394881499,7.987125264611884,0.0,7.677350724418915,7.012062720812503,7.571456037870728,7.753630849836217,7.864995394881499,7.979125264611884,0.0,0.007999999999999969,0.008000000000000007,0.008000000000000007,0.008000000000000007,0.008000000000000007,0.008000000000000007,0.0,0.0009040100033685904,0.0008715190927335529,0.0008824869247583977,0.0008931762617259579,0.0009131002826695263,0.000974827136144986,0.0
rotated_anisotropic_pl_d8,Rotated PL 8D,clustered,H,0.0125,128,4,2,1024,8192,1024,1.0,8192,4076,2214,1902,0.49755859375,0.270263671875,0.232177734375,0.0408935546875,0.1064453125,4076,0.49755859375,0.49755859375,335,872,0.006346509793022488,0.006257837286618262,0.006311687316724601,0.006344886751922019,0.006380127616797182,0.006444446609595999,0.0,0.00031235886955204874,0.00030407282788945573,0.0003093851915939213,0.00031243388145530846,0.00031538447787111094,0.0003198979481913813,0.0,0.006346509793022488,0.006257837286618262,0.006311687316724601,0.006344886751922019,0.006380127616797182,0.006444446609595999,0.0,0.00031235886955204874,0.00030407282788945573,0.0003093851915939213,0.00031243388145530846,0.00031538447787111094,0.0003198979481913813,0.0,0.06922296552224086,-0.12461483281396823,-0.010192234429325708,0.0,0.1591521731788994,0.36765627268531986,0.232177734375,0.0037766331275222655,-0.00687944680530319,-0.0005551860854416322,0.0,0.00865223671228174,0.02034914742678851,0.232177734375,0.004308212897915249,-0.058102075653536644,-0.02378638488523066,0.003771549888055503,0.03124046013117976,0.06860996441449174,0.0,0.00021276380200093033,-0.002833952476097196,-0.0011712050865457378,0.00018566083540900796,0.0015327799376854455,0.003385825739818122,0.0,1.6872029206565569,0.0,0.0,0.15222101159626789,0.35330505175715743,17.082668546368918,0.338623046875,1.6179799551343161,0.0,0.0,0.1240059231481716,0.12636828470055406,17.08889029328651,0.2730712890625,0.00101470947265625,0.0,0.0,0.0,0.0,0.00390625,0.7744140625,9.918212890625e-05,0.0,0.0,0.0,0.0,0.0,0.9716796875,-0.00608062744140625,-0.02734375,-0.01171875,-0.0078125,0.0,0.01953125,0.0908203125,7.772265036533388,7.115899413320981,7.667585330719056,7.861433563124654,7.966329040173191,8.086906865528018,0.0,7.768265036533388,7.111899413320981,7.663585330719056,7.857433563124655,7.962329040173191,8.082906865528019,0.0,0.003999999999999561,0.0039999999999995595,0.0039999999999995595,0.0039999999999995595,0.0039999999999995595,0.0039999999999995595,0.0,0.00045200500168424726,0.0004357595463667692,0.00044124346237917435,0.00044658813086292937,0.00045655014133471245,0.0004874135680724389,0.0
rotated_anisotropic_pl_d8,Rotated PL 8D,clustered,H,0.00625,128,4,2,1024,8192,1024,1.0,8192,3917,1992,2283,0.4781494140625,0.2431640625,0.2786865234375,0.0338134765625,0.1436767578125,3917,0.4781494140625,0.4781494140625,277,1177,0.003165160364151376,0.00312243995738406,0.0031486508290541337,0.0031645657958634388,0.0031809454888769295,0.003211100582976023,0.0,0.0001557810328390164,0.00015155410518849654,0.00015437129562207306,0.00015590559720045957,0.00015713128303802994,0.00015945220614474483,0.0,0.003165160364151376,0.00312243995738406,0.0031486508290541337,0.0031645657958634388,0.0031809454888769295,0.003211100582976023,0.0,0.0001557810328390164,0.00015155410518849654,0.00015437129562207306,0.00015590559720045957,0.00015713128303802994,0.00015945220614474483,0.0,0.05009669541376506,-0.06279488376606306,0.0,0.0,0.10678095237778606,0.25663659248775517,0.2786865234375,0.0027393650129765006,-0.0034586961267610784,0.0,0.0,0.005888369039562145,0.01384088839483051,0.2786865234375,0.0017976306752499932,-0.04227387370991664,-0.01758932243551925,0.0016206367607054517,0.020825639842062316,0.04754272655571867,0.0,8.887433040462811e-05,-0.0020828763960384915,-0.0008644806036641787,7.953813792487379e-05,0.0010199172938122956,0.002345138179537391,0.0,0.9217631043433989,0.0,0.0,0.054551390081098106,0.1910991148248753,0.49157894708272704,0.42236328125,0.871666408929634,0.0,0.0,0.06195941156045137,0.06309033311032497,0.06559251283384882,0.3125,-4.57763671875e-05,0.0,0.0,0.0,0.0,0.0,0.986328125,0.0,0.0,0.0,0.0,0.0,0.0,1.0,-0.008121490478515625,-0.026757812499999978,-0.015625,-0.0078125,-0.00390625,0.015625,0.05078125,7.815940345261952,7.163747288902493,7.712354502069116,7.907632127263216,8.014653746008017,8.137270005156529,0.0,7.813940345261951,7.161747288902493,7.710354502069117,7.905632127263216,8.012653746008016,8.135270005156528,0.0,0.00200000000000004,0.0019999999999997797,0.0019999999999997797,0.0019999999999997797,0.002000000000000668,0.002000000000000668,0.0,0.00022600250084215206,0.00021787977318348136,0.0002206217311896729,0.00022329406543146468,0.00022827507066735622,0.00024370678403621944,0.0
rotated_anisotropic_pl_d8,Rotated PL 8D,clustered,H,0.003125,128,4,2,1024,8192,1024,1.0,8192,3659,2031,2502,0.4466552734375,0.2479248046875,0.305419921875,0.0252685546875,0.1785888671875,3659,0.4466552734375,0.4466552734375,207,1463,0.001580563385071839,0.0015591724824924214,0.0015725706600182576,0.0015805970545024195,0.0015883396450728782,0.0016034143807265977,0.0,7.779125236116551e-05,7.561846505805209e-05,7.712815126472112e-05,7.787017067575913e-05,7.84867356764474e-05,7.964308701149614e-05,0.0,0.001580563385071839,0.0015591724824924214,0.0015725706600182576,0.0015805970545024195,0.0015883396450728782,0.0016034143807265977,0.0,7.779125236116551e-05,7.561846505805209e-05,7.712815126472112e-05,7.787017067575913e-05,7.84867356764474e-05,7.964308701149614e-05,0.0,0.03574020959608182,-0.031611338832252756,0.0,0.0,0.07455681869916475,0.18387402378826323,0.305419921875,0.0019578763150288952,-0.0017425578564563623,0.0,0.0,0.004103007243581659,0.009888337440182741,0.305419921875,0.0007336985687423562,-0.030528354354089515,-0.01326994167224882,0.0006663242995266216,0.014344521492763107,0.03330570558136969,0.0,3.641854973739971e-05,-0.0014950953439404596,-0.0006547576728865628,3.30578548443343e-05,0.0007008686117502884,0.0016286854711439866,0.0,0.4227749633251002,0.0,0.0,0.006192084770685113,0.11158682886054194,0.23927119502938154,0.4840087890625,0.3870347537290184,0.0,0.0,0.030963414523132116,0.03147371274886979,0.03220675271499829,0.3306884765625,-1.1444091796875e-05,0.0,0.0,0.0,0.0,0.0,0.9970703125,1.1444091796875e-05,0.0,0.0,0.0,0.0,0.0,0.9970703125,-0.010013580322265625,-0.02734375,-0.0166015625,-0.01171875,-0.00390625,0.011132812499999645,0.078125,7.837832412767504,7.184207376825406,7.739464765995864,7.93191211488618,8.04080981423575,8.16161984349012,0.0,7.836832412767505,7.183207376825406,7.738464765995864,7.93091211488618,8.039809814235749,8.160619843490121,0.0,0.0010000000000000425,0.0009999999999994458,0.0009999999999994458,0.001000000000000334,0.001000000000000334,0.001000000000000334,0.0,0.00011300125042107993,0.00010893988659164391,0.00011031086559473847,0.00011164703271578193,0.0001141375353337288,0.00012185339201816383,0.0
rotated_anisotropic_pl_d8,Rotated PL 8D,clustered,H,0.0015625,128,4,2,1024,8192,1024,1.0,8192,3561,1986,2645,0.4346923828125,0.242431640625,0.3228759765625,0.01708984375,0.1978759765625,3561,0.4346923828125,0.4346923828125,140,1621,0.0007897783531278374,0.000779356549028698,0.0007856638532102167,0.0007896912654317134,0.0007935107364547278,0.0008012242833199679,0.0,3.887085248169029e-05,3.776969855098213e-05,3.853447483503913e-05,3.8913682672509056e-05,3.923194388065052e-05,3.981019261744536e-05,0.0,0.0007897783531278374,0.000779356549028698,0.0007856638532102167,0.0007896912654317134,0.0007935107364547278,0.0008012242833199679,0.0,3.887085248169029e-05,3.776969855098213e-05,3.853447483503913e-05,3.8913682672509056e-05,3.923194388065052e-05,3.981019261744536e-05,0.0,0.025994543359489343,-0.01581024643952844,0.0,0.0,0.050129310266001426,0.13011251627068177,0.3228759765625,0.0014253546962888575,-0.0008739629994953724,0.0,0.0,0.002754954366608193,0.007022138578405151,0.3228759765625,0.0001954228786440397,-0.021902740003170607,-0.009716899437195003,0.0002917926598584586,0.009828237196143341,0.022813905059351214,0.0,9.815411802104796e-06,-0.0010739139622318568,-0.0004773937950336363,1.4533953485041928e-05,0.00047806675057338526,0.0011199692098175923,0.0,0.21131710178045604,0.0,0.0,0.0,0.06864495888235922,0.1518792777942366,0.520751953125,0.18532255842096668,0.0,0.0,0.015476035094806662,0.01572564826152245,0.016103809845528616,0.3399658203125,0.0,0.0,0.0,0.0,0.0,0.0,1.0,0.0,0.0,0.0,0.0,0.0,0.0,1.0,-0.0119171142578125,-0.02734375,-0.01953125,-0.01171875,-0.0078125,0.00390625,0.05078125,7.848792034448898,7.194544813709866,7.751695040838872,7.945638862276261,8.055077510536798,8.170757713949072,0.0,7.848292034448898,7.1940448137098665,7.751195040838871,7.945138862276261,8.054577510536799,8.170257713949072,0.0,0.0005000000000000351,0.0004999999999997229,0.0004999999999997229,0.0004999999999997229,0.0005000000000006111,0.0005000000000006111,0.0,5.65006252105401e-05,5.4469943295918715e-05,5.515543279746721e-05,5.582351635784138e-05,5.706876766681371e-05,6.09266960090278e-05,0.0
rotated_anisotropic_pl_d8,Rotated PL 8D,clustered,H,0.00078125,128,4,2,1024,8192,1024,1.0,8192,3435,1996,2761,0.4193115234375,0.24365234375,0.3370361328125,0.00830078125,0.21240234375,3435,0.4193115234375,0.4193115234375,68,1740,0.00039476344952474665,0.00038961549761928893,0.0003927636699287973,0.0003947410849551858,0.00039659988046025774,0.0004004198942372028,0.0,1.9429238121949465e-05,1.8874979937252955e-05,1.9259056506265328e-05,1.944891381878729e-05,1.961047326764e-05,1.990168088546755e-05,0.0,0.00039476344952474665,0.00038961549761928893,0.0003927636699287973,0.0003947410849551858,0.00039659988046025774,0.0004004198942372028,0.0,1.9429238121949465e-05,1.8874979937252955e-05,1.9259056506265328e-05,1.944891381878729e-05,1.961047326764e-05,1.990168088546755e-05,0.0,0.01865696237423211,-0.00791102372478747,0.0,0.0,0.035114900191530296,0.09205000020367393,0.3370361328125,0.0010235512717899984,-0.00043749372328404405,0.0,0.0,0.001946441014129732,0.0049800412735777,0.3370361328125,-7.143248523478656e-05,-0.015644794960866903,-0.007193488949940985,5.074062055143713e-05,0.006726895352592521,0.01598076035584839,0.0,-3.3834290696105193e-06,-0.0007677005008619593,-0.00035440961378938003,2.50228485485046e-06,0.00033021722413410293,0.0007845197699149543,0.0,0.10550024132026592,0.0,0.0,0.0,0.04424778152393927,0.1019909525574505,0.5494384765625,0.08684327894603382,0.0,0.0,0.007732023910747898,0.007857157242419532,0.008047833335368182,0.3453369140625,-1.52587890625e-05,0.0,0.0,0.0,0.0,0.0,0.99609375,0.0,0.0,0.0,0.0,0.0,0.0,1.0,-0.0131072998046875,-0.02734375,-0.01953125,-0.015625,-0.0078125,0.0,0.0234375,7.854275240369331,7.200562250762721,7.756343267858562,7.951216299956031,8.060203976713158,8.175267156815952,0.0,7.854025240369332,7.200312250762721,7.756093267858562,7.950966299956031,8.059953976713158,8.175017156815953,0.0,0.0002499999999999794,0.00024999999999941735,0.00024999999999941735,0.00025000000000030553,0.00025000000000030553,0.00025000000000030553,0.0,2.825031260526722e-05,2.72349716478626e-05,2.7577716398635632e-05,2.7911758178970274e-05,2.853438383345754e-05,3.0463348004568013e-05,0.0
quartic_d4,Quartic 4D,broad,H,0.1,128,4,2,1024,8192,1024,1.0,8192,3665,2803,1724,0.4473876953125,0.3421630859375,0.21044921875,0.0274658203125,0.0465087890625,3665,0.4473876953125,0.4473876953125,225,381,0.1259524162290837,0.09400231393256941,0.11182129193498014,0.12598352706594085,0.14124941496413612,0.1591788691138548,0.0,0.004878704486307806,0.0034875775094712434,0.004342531096592262,0.004774483511285677,0.005370833561831311,0.006542267918044575,0.0,0.1259524162290837,0.09400231393256941,0.11182129193498014,0.12598352706594085,0.14124941496413612,0.1591788691138548,0.0,0.004878704486307806,0.0034875775094712434,0.004342531096592262,0.004774483511285677,0.005370833561831311,0.006542267918044575,0.0,0.015197001360522,-0.18251752413200717,-0.038070025340645075,0.0,0.07582072987320287,0.2239970299822056,0.21044921875,0.006446250040903866,-0.10327744812806477,-0.020038265047655292,0.0,0.0391699010275108,0.10909761072852771,0.21044921875,0.13355144466796634,-0.8412415842831678,-0.22751116515898673,0.1175628707365668,0.4756837280981099,1.1804484569606346,0.0,0.005242954884259238,-0.030244938086928293,-0.008907973383939432,0.004827147832059298,0.018731603980176353,0.04388521679721527,0.0,0.206939532853659,0.0,0.0,0.17699339235281686,0.3189215810351933,0.6000633885946752,0.2569580078125,0.19174253149313697,0.0,0.03685095746247722,0.18463704686634203,0.2691995969320349,0.4626990578094755,0.2379150390625,3.0517578125e-05,-0.00390625,0.0,0.0,0.0,0.00390625,0.708984375,-9.918212890625e-05,-0.00390625,0.0,0.0,0.0,0.00390625,0.8525390625,-0.004974365234375,-0.02734375,-0.01171875,-0.00390625,0.0,0.01171875,0.1962890625,5.076793355604425,4.162222386215942,4.611349306104146,5.006029500929214,5.522709534038899,6.196017124907532,0.0,5.060793355604425,4.146222386215942,4.595349306104146,4.990029500929214,5.506709534038899,6.180017124907532,0.0,0.016000000000000014,0.016000000000000014,0.016000000000000014,0.016000000000000014,0.016000000000000014,0.016000000000000014,0.0,0.0024918347341578804,0.0020994119946181862,0.002297840719114665,0.002497236741015902,0.0026578653801959864,0.002870489947432747,0.0
quartic_d4,Quartic 4D,broad,H,0.05,128,4,2,1024,8192,1024,1.0,8192,3626,2394,2172,0.442626953125,0.292236328125,0.26513671875,0.02587890625,0.068115234375,3626,0.442626953125,0.442626953125,212,558,0.0659930452147255,0.04883877730548045,0.05819814223853559,0.06571415862018881,0.07353037409863195,0.08273861266511841,0.0,0.002557664420256814,0.0018510494636058594,0.0022858425051210094,0.00250533111838865,0.002817365439556869,0.0034130175226336668,0.0,0.0659930452147255,0.04883877730548045,0.05819814223853559,0.06571415862018881,0.07353037409863195,0.08273861266511841,0.0,0.002557664420256814,0.0018510494636058594,0.0022858425051210094,0.00250533111838865,0.002817365439556869,0.0034130175226336668,0.0,0.020662637503734257,-0.11308759215716702,-0.015972179383056506,0.0,0.06154709129273176,0.18651840273932685,0.26513671875,0.009645032299088068,-0.0628462035575149,-0.008025067436711568,0.0,0.03297675589200222,0.092549282019853,0.26513671875,0.06776673249302774,-0.6573985857941871,-0.2091813068891395,0.06544814715459779,0.33028778176975493,0.8471258740273939,0.0,0.002621220474938456,-0.024190722983178328,-0.008142498247469777,0.002633387957476573,0.013158833205740721,0.031047313668778904,0.0,0.11699492883992377,0.0,0.0,0.08132193014009576,0.18042632002025094,0.3894400624728065,0.333251953125,0.0963322913361895,0.0,0.0,0.09183362824910657,0.1360227891453354,0.2439952201059965,0.291015625,-1.1444091796875e-05,-0.00390625,0.0,0.0,0.0,0.00390625,0.8720703125,2.6702880859375e-05,0.0,0.0,0.0,0.0,0.0,0.9326171875,-0.0065155029296875,-0.02734375,-0.01171875,-0.00390625,0.0,0.01171875,0.1572265625,5.2792974108186215,4.369304618189722,4.820058604638003,5.194457383896226,5.741761023267102,6.398951315251623,0.0,5.271297410818622,4.361304618189722,4.812058604638004,5.186457383896226,5.733761023267102,6.390951315251623,0.0,0.008000000000000007,0.008000000000000007,0.008000000000000007,0.008000000000000007,0.008000000000000007,0.008000000000000007,0.0,0.0012459173670789402,0.0010497059973090931,0.0011489203595573326,0.001248618370507951,0.0013289326900979932,0.0014352449737163736,0.0
quartic_d4,Quartic 4D,broad,H,0.025,128,4,2,1024,8192,1024,1.0,8192,3532,2118,2542,0.43115234375,0.258544921875,0.310302734375,0.0296630859375,0.097900390625,3532,0.43115234375,0.43115234375,243,802,0.033772366453263605,0.02486843218671462,0.02975265935296978,0.03363552196955055,0.0374470475841413,0.04224259257018374,0.0,0.0013092883341145013,0.0009481765328603628,0.0011722903645109595,0.0012819506657427886,0.0014467211639462587,0.001759146122793806,0.0,0.033772366453263605,0.02486843218671462,0.02975265935296978,0.03363552196955055,0.0374470475841413,0.04224259257018374,0.0,0.0013092883341145013,0.0009481765328603628,0.0011722903645109595,0.0012819506657427886,0.0014467211639462587,0.001759146122793806,0.0,0.018531146267589307,-0.06849211458665616,-0.0017911853371247177,0.0,0.044864243465320364,0.1429646684767809,0.310302734375,0.009203542548689731,-0.03382175731019935,-0.001208421982217982,0.0,0.02371758119256527,0.0700655243673691,0.310302734375,0.038422788953910436,-0.504242877514965,-0.15149257054971343,0.034179787500914216,0.233528028385237,0.5801471055817018,0.0,0.0015001589196871079,-0.017783098661299172,-0.006123238747899866,0.0014290602897683166,0.0090885669965349,0.021937362989721782,0.0,0.06734295946757743,0.0,0.0,0.030656840036504374,0.1033215355310757,0.25197340955957515,0.408203125,0.04881181319998813,0.0,0.0,0.044208916261274434,0.06707369127464402,0.12253650042660924,0.3399658203125,-8.7738037109375e-05,0.0,0.0,0.0,0.0,0.0,0.921875,7.62939453125e-06,0.0,0.0,0.0,0.0,0.0,0.9755859375,-0.007266998291015625,-0.0234375,-0.01171875,-0.0078125,-0.00390625,0.01171875,0.1240234375,5.383652589351382,4.470597456445154,4.914642387860917,5.301293790555272,5.850731075828698,6.484932180869619,0.0,5.379652589351382,4.466597456445155,4.910642387860918,5.297293790555273,5.846731075828698,6.48093218086962,0.0,0.003999999999999567,0.0039999999999995595,0.0039999999999995595,0.0039999999999995595,0.0039999999999995595,0.0039999999999995595,0.0,0.0006229586835394027,0.0005248529986544882,0.0005744601797786025,0.0006243091852539062,0.0006644663450489229,0.0007176224868581072,0.0
quartic_d4,Quartic 4D,broad,H,0.0125,128,4,2,1024,8192,1024,1.0,8192,3426,2038,2728,0.418212890625,0.248779296875,0.3330078125,0.016357421875,0.130859375,3426,0.418212890625,0.418212890625,134,1072,0.017082846179537637,0.012630772212679808,0.015079445258876056,0.017049205069692874,0.018934897210261425,0.02141679592345582,0.0,0.000662367878099752,0.0004788054659418984,0.0005941851768624398,0.0006489369482066188,0.0007322015131976311,0.0008934330608134532,0.0,0.017082846179537637,0.012630772212679808,0.015079445258876056,0.017049205069692874,0.018934897210261425,0.02141679592345582,0.0,0.000662367878099752,0.0004788054659418984,0.0005941851768624398,0.0006489369482066188,0.0007322015131976311,0.0008934330608134532,0.0,0.015284827429786919,-0.03592007338687453,0.0,0.0,0.03133576746916322,0.10730623700584307,0.3330078125,0.0077630762572243875,-0.01878360651598133,0.0,0.0,0.017207137019927463,0.05209035149663172,0.3330078125,0.022785843012880738,-0.3737668041754496,-0.1164585225565844,0.02234400617539123,0.16471766357819995,0.41967310629355303,0.0,0.0009119948195856729,-0.013156964801189731,-0.004537726942250178,0.0009191408467985778,0.006270168042340577,0.016113734941938188,0.0,0.03903125431793189,0.0,0.0,0.010562689700341382,0.060965790879696335,0.15012680554782554,0.4638671875,0.02374642688814497,0.0,0.0,0.022292479806096555,0.034085534143207585,0.06187332291294556,0.349365234375,1.1444091796875e-05,0.0,0.0,0.0,0.0,0.0,0.9892578125,1.9073486328125e-05,0.0,0.0,0.0,0.0,0.0,0.9931640625,-0.009014129638671875,-0.0234375,-0.0126953125,-0.0078125,-0.00390625,0.0078125,0.068359375,5.43660387315418,4.519502416843228,4.962154253024388,5.353211586985742,5.901766523575498,6.542099894578023,0.0,5.434603873154179,4.517502416843228,4.960154253024388,5.351211586985743,5.899766523575498,6.540099894578023,0.0,0.0019999999999997797,0.0019999999999997797,0.0019999999999997797,0.0019999999999997797,0.0019999999999997797,0.0019999999999997797,0.0,0.00031147934176970046,0.0002624264993272441,0.00028723008988930127,0.0003121545926269531,0.00033223317252446143,0.0003588112434290536,0.0
quartic_d4,Quartic 4D,broad,H,0.00625,128,4,2,1024,8192,1024,1.0,8192,3413,1914,2865,0.4166259765625,0.233642578125,0.3497314453125,0.00830078125,0.1510009765625,3413,0.4166259765625,0.4166259765625,68,1237,0.008590926418435892,0.0063649988016154955,0.007590856309742655,0.008584192678037894,0.009525960653003374,0.010785958535970861,0.0,0.00033312857128386995,0.0002408253086787062,0.00029891009561261797,0.00032614609726332503,0.0003683735740289711,0.00045021110633571996,0.0,0.008590926418435892,0.0063649988016154955,0.007590856309742655,0.008584192678037894,0.009525960653003374,0.010785958535970861,0.0,0.00033312857128386995,0.0002408253086787062,0.00029891009561261797,0.00032614609726332503,0.0003683735740289711,0.00045021110633571996,0.0,0.012392408330037956,-0.020697192790254726,0.0,0.0,0.022822076850104955,0.07837441310454918,0.3497314453125,0.0063840878649462605,-0.010511182583064962,0.0,0.0,0.012767888296795772,0.037425577467341375,0.3497314453125,0.012880280672563868,-0.26939881137533206,-0.08492367649992616,0.012116358254829152,0.1159283696187714,0.2973637372123221,0.0,0.0005219398969153167,-0.009532545220495976,-0.0034356774199945264,0.000471826080889825,0.004485623324884868,0.011492337904375954,0.0,0.02433959504522276,0.0,0.0,0.0,0.03678629544472267,0.09847643491073832,0.500732421875,0.011947186715184804,0.0,0.0,0.0111925786961945,0.017180707264904616,0.031039555086225024,0.3580322265625,-3.814697265625e-06,0.0,0.0,0.0,0.0,0.0,0.9931640625,-3.814697265625e-06,0.0,0.0,0.0,0.0,0.0,0.9990234375,-0.01105499267578125,-0.0234375,-0.015625,-0.01171875,-0.0078125,0.0,0.06640625,5.463272666573845,4.54416930671447,4.98877838353236,5.380352954737185,5.9354720316014,6.586464171588729,0.0,5.462272666573845,4.54316930671447,4.987778383532359,5.379352954737184,5.9344720316014,6.585464171588729,0.0,0.001000000000000327,0.001000000000000334,0.001000000000000334,0.001000000000000334,0.001000000000000334,0.001000000000000334,0.0,0.00015573967088491794,0.00013121324966368033,0.0001436150449447144,0.00015607729631354585,0.0001661165862623045,0.00017940562171460647,0.0
quartic_d4,Quartic 4D,broad,H,0.003125,128,4,2,1024,8192,1024,1.0,8192,3419,1863,2910,0.4173583984375,0.2274169921875,0.355224609375,0.00927734375,0.17626953125,3419,0.4173583984375,0.4173583984375,76,1444,0.004307881229889194,0.0031949618084648355,0.0038052384017168706,0.004304989212910115,0.004777655626676314,0.005406551303522632,0.0,0.00016705215639729797,0.00012079408915119505,0.00014986058831781136,0.00016352926706831623,0.00018463060842331452,0.00022598267343792097,0.0,0.004307881229889194,0.0031949618084648355,0.0038052384017168706,0.004304989212910115,0.004777655626676314,0.005406551303522632,0.0,0.00016705215639729797,0.00012079408915119505,0.00014986058831781136,0.00016352926706831623,0.00018463060842331452,0.00022598267343792097,0.0,0.009382119557752555,-0.01044517679961654,0.0,0.0,0.016011380978168066,0.055167781717932574,0.355224609375,0.004879645691845283,-0.005649399588122421,0.0,0.0,0.00892006565156249,0.02612325693771653,0.355224609375,0.0076775644995654676,-0.19428272955684633,-0.06211639130067681,0.006611779395726103,0.08062472738066617,0.20937399535291235,0.0,0.00030790724556866084,-0.006778723878302063,-0.0025458136622320306,0.00028868726540330267,0.0031585551606005137,0.008029621150892402,0.0,0.015129198047538647,0.0,0.0,0.0,0.023068825316763242,0.0658147060850095,0.531494140625,0.005747078489786093,0.0,0.0,0.005589509370847789,0.008344631201646857,0.015565332667277887,0.364501953125,0.0,0.0,0.0,0.0,0.0,0.0,1.0,0.0,0.0,0.0,0.0,0.0,0.0,1.0,-0.012298583984375,-0.0234375,-0.015625,-0.01171875,-0.0078125,-0.0005859375000003553,0.04296875,5.476655316508882,4.559366597428146,5.005290827041222,5.393713066853788,5.950277682492854,6.608727107939237,0.0,5.4761553165088825,4.558866597428146,5.004790827041222,5.393213066853789,5.949777682492854,6.608227107939237,0.0,0.0004999999999997298,0.0004999999999997229,0.0004999999999997229,0.0004999999999997229,0.0004999999999997229,0.0004999999999997229,0.0,7.786983544239199e-05,6.56066248317819e-05,7.180752247229343e-05,7.80386481567036e-05,8.305829313107848e-05,8.970281085722356e-05,0.0
quartic_d4,Quartic 4D,broad,H,0.0015625,128,4,2,1024,8192,1024,1.0,8192,3364,1884,2944,0.41064453125,0.22998046875,0.359375,0.0029296875,0.1943359375,3364,0.41064453125,0.41064453125,24,1592,0.0021570503930193573,0.0016006039119617732,0.0019053349528022068,0.002155681885959382,0.00239193473842203,0.002706408923479131,0.0,8.364825995144094e-05,6.049255711501456e-05,7.504619598431612e-05,8.188590806345683e-05,9.242644558465245e-05,0.00011316339313152202,0.0,0.0021570503930193573,0.0016006039119617732,0.0019053349528022068,0.002155681885959382,0.00239193473842203,0.002706408923479131,0.0,8.364825995144094e-05,6.049255711501456e-05,7.504619598431612e-05,8.188590806345683e-05,9.242644558465245e-05,0.00011316339313152202,0.0,0.007109076291640274,-0.005400726074244022,0.0,0.0,0.011502357709485378,0.03979036612346465,0.359375,0.0037024277716966596,-0.002957990235377156,0.0,0.0,0.006422604001366771,0.01881319137655417,0.359375,0.004662231628553726,-0.13938698324821885,-0.04489248794089029,0.003944960138831277,0.05445334939852842,0.14723665209975323,0.0,0.00018555846237706434,-0.004889379304528499,-0.0018196280274290241,0.00016429505859641655,0.0021648440615611247,0.005620411312711535,0.0,0.009788140909029335,0.0,0.0,0.0,0.01476390166104341,0.04467198599355893,0.5537109375,0.002679064617389061,0.0,0.0,0.002797140385473962,0.004174151991506614,0.007804178212000745,0.3623046875,1.52587890625e-05,0.0,0.0,0.0,0.0,0.0,0.99609375,0.0,0.0,0.0,0.0,0.0,0.0,1.0,-0.01363372802734375,-0.02734375,-0.01953125,-0.01171875,-0.0078125,-0.00390625,0.01953125,5.483358700411372,4.566772419975395,5.012667082673293,5.400405482496019,5.956667294922046,6.615139711653528,0.0,5.483108700411372,4.566522419975395,5.012417082673292,5.40015548249602,5.956417294922046,6.614889711653528,0.0,0.0002500000000002986,0.00025000000000030553,0.00025000000000030553,0.00025000000000030553,0.00025000000000030553,0.00025000000000030553,0.0,3.8934917721262966e-05,3.280331241594922e-05,3.5903761236210486e-05,3.901932407842112e-05,4.152914656561301e-05,4.4851405428691455e-05,0.0
quartic_d4,Quartic 4D,broad,H,0.00078125,128,4,2,1024,8192,1024,1.0,8192,3374,1870,2948,0.411865234375,0.228271484375,0.35986328125,0.00341796875,0.205322265625,3374,0.411865234375,0.411865234375,28,1682,0.0010793033001008645,0.0008010836337416727,0.0009534651667202354,0.0010786384508207902,0.0011966461555275032,0.001353988266505368,0.0,4.185470217046543e-05,3.027017592307113e-05,3.7552100482423376e-05,4.0973091425764585e-05,4.624103138152113e-05,5.6618468994925224e-05,0.0,0.0010793033001008645,0.0008010836337416727,0.0009534651667202354,0.0010786384508207902,0.0011966461555275032,0.001353988266505368,0.0,4.185470217046543e-05,3.027017592307113e-05,3.7552100482423376e-05,4.0973091425764585e-05,4.624103138152113e-05,5.6618468994925224e-05,0.0,0.005266021665690568,-0.0027041850735700645,0.0,0.0,0.00815556064596859,0.028021276305323917,0.35986328125,0.002747662767403909,-0.0015194223894843795,0.0,0.0,0.00456290012251398,0.01345849936402561,0.35986328125,0.0028111742149043266,-0.09897315858406941,-0.032297146694464374,0.0027659903384993356,0.038924945052556836,0.103818781641138,0.0,0.00011252861837709899,-0.0034805063442071562,-0.0013096300936848693,0.00011402091586997903,0.0015042273161848794,0.003966606057092061,0.0,0.006658390559632799,0.0,0.0,0.0,0.009809861441574308,0.030668648224365214,0.565185546875,0.0013923688939422312,0.0,0.0,0.001399164857994628,0.0020875334436891713,0.00390747397756086,0.36328125,0.0,0.0,0.0,0.0,0.0,0.0,1.0,0.0,0.0,0.0,0.0,0.0,0.0,1.0,-0.0140533447265625,-0.02734375,-0.01953125,-0.015625,-0.0078125,-0.00390625,0.0,5.486713406547485,4.570365184826349,5.01618138578585,5.403754778533154,5.959864390325476,6.6181599629803145,0.0,5.486588406547486,4.570240184826349,5.01605638578585,5.403629778533155,5.959739390325477,6.618034962980315,0.0,0.00012499999999971562,0.00012499999999970868,0.00012499999999970868,0.00012499999999970868,0.00012499999999970868,0.00012499999999970868,0.0,1.9467458860564517e-05,1.6401656207916338e-05,1.7951880618041468e-05,1.9509662039141247e-05,2.0764573282732734e-05,2.2425702714266055e-05,0.0
quartic_d4,Quartic 4D,clustered,H,0.1,128,4,2,1024,8192,1024,1.0,8192,437,7722,33,0.0533447265625,0.942626953125,0.0040283203125,0.0010986328125,0.2825927734375,437,0.0533447265625,0.0533447265625,9,2315,0.061451137809948195,0.05788756593628665,0.05923285974113001,0.06163608790799145,0.06369794878882361,0.0650151920846209,0.0,0.0530626648207248,0.049760352184474485,0.051178123723131436,0.0529636823792532,0.055037178654918584,0.05657267465572741,0.0,0.061451137809948195,0.05788756593628665,0.05923285974113001,0.06163608790799145,0.06369794878882361,0.0650151920846209,0.0,0.0530626648207248,0.049760352184474485,0.051178123723131436,0.0529636823792532,0.055037178654918584,0.05657267465572741,0.0,-0.00817292163841571,-0.018606779606480123,-0.011984467765859815,-0.00765769981111048,-0.003867617885428297,0.0001194573087658496,0.0040283203125,-0.008003089794378901,-0.01807178349659535,-0.0117679322976774,-0.007500540543377096,-0.0037784688760092895,0.00011754951386778434,0.0040283203125,0.06136983753619277,0.03929402381358745,0.051997227562557244,0.06085457993704788,0.07074088518110577,0.08493500937954637,0.0,0.05299360685655215,0.033701289797930335,0.04485623849494563,0.052573472804510246,0.060926996403081496,0.07319137702501005,0.0,0.009192520275426849,0.0,0.0,0.006235088589280952,0.015531585000402442,0.028161899663706906,0.28662109375,0.01736544191384256,0.004035571855859039,0.010371863400892653,0.016463763954435603,0.022810566739549596,0.033184050859119005,0.005126953125,0.07805252075195312,-0.046875,0.01953125,0.07421875,0.1328125,0.2109375,0.013671875,-0.13263320922851562,-0.3275390625,-0.20703125,-0.11328125,-0.0302734375,0.0,0.0888671875,-0.23704147338867188,-0.3984375,-0.296875,-0.240234375,-0.17578125,-0.08652343750000036,0.0,3.799623796835756,3.500257212863652,3.7255917858854914,3.808435515173522,3.9325942739433293,4.011011084862242,0.0,3.7836237968357556,3.484257212863652,3.7095917858854914,3.792435515173522,3.9165942739433293,3.9950110848622415,0.0,0.016000000000000007,0.016000000000000014,0.016000000000000014,0.016000000000000014,0.016000000000000014,0.016000000000000014,0.0,0.003250714493355035,0.0031325849030446285,0.00318908614881908,0.0032296608766175477,0.0032965062701840026,0.003460924280718874,0.0
quartic_d4,Quartic 4D,clustered,H,0.05,128,4,2,1024,8192,1024,1.0,8192,2854,4933,405,0.348388671875,0.6021728515625,0.0494384765625,0.0433349609375,0.236572265625,2854,0.348388671875,0.348388671875,355,1938,0.03151087815940194,0.030143774574105553,0.030858067563761003,0.0314974512249123,0.03218813453956998,0.0328777983221232,0.0,0.027208589666795076,0.0259575156305007,0.02671062196440469,0.027181903928956884,0.02782209922486304,0.028580451615725522,0.0,0.03151087815940194,0.030143774574105553,0.030858067563761003,0.0314974512249123,0.03218813453956998,0.0328777983221232,0.0,0.027208589666795076,0.0259575156305007,0.02671062196440469,0.027181903928956884,0.02782209922486304,0.028580451615725522,0.0,-0.0013890035517548217,-0.01158511807371212,-0.005737237454780421,-0.0018372846316283145,0.0024129068987852956,0.010374515476841574,0.0494384765625,-0.0013800739224358615,-0.01135526340751138,-0.005614761252328449,-0.0018045641823282688,0.0023423560890428875,0.010033369858465611,0.0494384765625,0.031243921277520525,0.013665039575208995,0.023619783295624044,0.030890504143660485,0.038767949478815705,0.049633084366703176,0.0,0.026984984839274397,0.011766908491642017,0.020405892576763077,0.026667868401054104,0.03348458038240691,0.04273001648989983,0.0,0.008292352575840406,0.0,0.0,0.005584616091688217,0.013675473962123574,0.02655216229747647,0.2860107421875,0.009681356127595228,0.0,0.004880402319402712,0.0090438363992607,0.013751217076420555,0.02059620181805282,0.0927734375,0.7347869873046875,0.609375,0.68359375,0.73828125,0.78515625,0.84375,0.0,0.036281585693359375,0.0,0.01171875,0.02734375,0.0546875,0.1015625,0.078125,-0.05500030517578125,-0.1328125,-0.078125,-0.05078125,-0.02734375,0.00390625,0.0126953125,3.8607027564663046,3.573805908358382,3.803283699407798,3.8787315497407233,3.958405626617031,4.049205920876832,0.0,3.852702756466305,3.565805908358382,3.795283699407798,3.8707315497407233,3.950405626617031,4.041205920876832,0.0,0.008000000000000004,0.008000000000000007,0.008000000000000007,0.008000000000000007,0.008000000000000007,0.008000000000000007,0.0,0.0016253572466775174,0.0015662924515223143,0.00159454307440954,0.0016148304383087739,0.0016482531350920013,0.001730462140359437,0.0
quartic_d4,Quartic 4D,clustered,H,0.025,128,4,2,1024,8192,1024,1.0,8192,3747,3379,1066,0.4573974609375,0.4124755859375,0.130126953125,0.078857421875,0.23779296875,3747,0.4573974609375,0.4573974609375,646,1948,0.015962895542160658,0.015338986033968244,0.01569013010618211,0.015957963507060233,0.016226350708369197,0.01667204066233968,0.0,0.013783209763354126,0.013230875630696725,0.013528661128988118,0.013793397925338655,0.014049275406713779,0.01439333031251487,0.0,0.015962895542160658,0.015338986033968244,0.01569013010618211,0.015957963507060233,0.016226350708369197,0.01667204066233968,0.0,0.013783209763354126,0.013230875630696725,0.013528661128988118,0.013793397925338655,0.014049275406713779,0.01439333031251487,0.0,0.0016300969785726185,-0.006422159912836012,-0.002664434352382814,0.0,0.004787058805940941,0.01411180018832256,0.130126953125,0.0015723932531285893,-0.006297959466331558,-0.00260016540122071,0.0,0.004705314822688192,0.013788961616529621,0.130126953125,0.01568359423263052,0.0020533019795234003,0.009886929237400907,0.01577425794072091,0.021416732783812786,0.029460582004076197,0.0,0.013546217821743192,0.0017815726975118219,0.008533965484882673,0.013586487269718053,0.018534957875001153,0.025556911757974705,0.0,0.006393214701723141,0.0,0.0,0.003548630684372646,0.010497849270359882,0.02256203350391576,0.367919921875,0.004763117723150522,0.0,0.0012242602695837533,0.004513709241167769,0.007331372015256906,0.011367631660074859,0.208984375,0.4628334045410156,0.28125,0.37890625,0.46484375,0.53515625,0.64453125,0.0,0.01833343505859375,0.0,0.00390625,0.015625,0.02734375,0.0546875,0.1455078125,-0.022090911865234375,-0.06640625,-0.0390625,-0.0234375,-0.00390625,0.018945312499999645,0.0595703125,3.8930422827974267,3.589545223205646,3.8265392442966233,3.923512591926412,3.9839947370684765,4.076157485619104,0.0,3.8890422827974267,3.585545223205646,3.8225392442966233,3.919512591926412,3.9799947370684765,4.072157485619105,0.0,0.003999999999999919,0.0039999999999995595,0.0040000000000000036,0.0040000000000000036,0.0040000000000000036,0.0040000000000000036,0.0,0.0008126786233387425,0.0007831462257610702,0.0007972715372047037,0.0008074152191543869,0.0008241265675460007,0.0008652310701797185,0.0
quartic_d4,Quartic 4D,clustered,H,0.0125,128,4,2,1024,8192,1024,1.0,8192,4002,2638,1552,0.488525390625,0.322021484375,0.189453125,0.08642578125,0.228271484375,4002,0.488525390625,0.488525390625,708,1870,0.008034737870141322,0.007706225618871825,0.007895399172608723,0.00803120610243866,0.00816334158992222,0.008393180253316977,0.0,0.006937563769875867,0.006664047904570113,0.006809217465143582,0.006951890295821118,0.007053129282079918,0.007231185307879585,0.0,0.008034737870141322,0.007706225618871825,0.007895399172608723,0.00803120610243866,0.00816334158992222,0.008393180253316977,0.0,0.006937563769875867,0.006664047904570113,0.006809217465143582,0.006951890295821118,0.007053129282079918,0.007231185307879585,0.0,0.0023760801240491946,-0.0038781105336456075,-0.0011102062688021844,0.0,0.004903382820786516,0.013686559248440824,0.189453125,0.0023080219204391285,-0.003769155801927214,-0.001103263621182852,0.0,0.004806898208462567,0.013137447285244342,0.189453125,0.00784470752397766,-0.0022448527962457138,0.0035449113954922895,0.007941125703520381,0.012019706023700671,0.018087268881840046,0.0,0.00677679808987524,-0.0019414768759358162,0.003092336930608247,0.0068608064935331186,0.010447342197278548,0.01566551304319057,0.0,0.0046537943032184245,0.0,0.0,0.00182318049054421,0.007645075792624141,0.017242504031336044,0.417724609375,0.00227771417916923,0.0,0.0,0.0021322949333989916,0.0037471942037291504,0.005589158860319937,0.27587890625,0.138946533203125,0.0390625,0.078125,0.12890625,0.18359375,0.27734375,0.0,0.004528045654296875,0.0,0.0,0.00390625,0.0078125,0.018945312499999645,0.4345703125,-0.014995574951171875,-0.046875,-0.02734375,-0.01171875,-0.00390625,0.018945312499999645,0.099609375,3.90967299101556,3.6064829620716745,3.8433680874341904,3.942156471796734,3.9981910999143797,4.095479568381526,0.0,3.90767299101556,3.6044829620716747,3.8413680874341907,3.940156471796734,3.99619109991438,4.093479568381526,0.0,0.00199999999999978,0.0019999999999997797,0.0019999999999997797,0.0019999999999997797,0.0019999999999997797,0.0019999999999997797,0.0,0.00040633931166933447,0.0003915731128805351,0.0003986357686023408,0.00040370760957714863,0.00041206328377295457,0.00043261553508981124,0.0
quartic_d4,Quartic 4D,clustered,H,0.00625,128,4,2,1024,8192,1024,1.0,8192,3924,2325,1943,0.47900390625,0.2838134765625,0.2371826171875,0.0819091796875,0.22802734375,3924,0.47900390625,0.47900390625,671,1868,0.004030871968302849,0.0038649625613443954,0.003956036478357426,0.004028111840999007,0.0040946568741153586,0.004216428997365999,0.0,0.0034804273280976596,0.003341370905861483,0.0034182210640623604,0.003488014003184336,0.0035359782553561056,0.0036305697518837837,0.0,0.004030871968302849,0.0038649625613443954,0.003956036478357426,0.004028111840999007,0.0040946568741153586,0.004216428997365999,0.0,0.0034804273280976596,0.003341370905861483,0.0034182210640623604,0.003488014003184336,0.0035359782553561056,0.0036305697518837837,0.0,0.0021189153770509632,-0.0021068874216254065,-0.000311323352084625,0.0,0.0041766396038118644,0.010653120568160996,0.2371826171875,0.002062856384207813,-0.0020521792712129127,-0.00030481076216481653,0.0,0.004118169527305824,0.01028604133651941,0.2371826171875,0.0039519515611021435,-0.003213531541639142,0.0008381557425876235,0.003984982005676957,0.007072875066730919,0.011232477035556965,0.0,0.0034139506022430317,-0.00277106006426832,0.0007285334291045859,0.003469166231864427,0.0060875651102489685,0.009765057335788727,0.0,0.003242349616366435,0.0,0.0,0.0007987375378730338,0.005555385138660628,0.0126087094431329,0.4652099609375,0.0011234342393154717,0.0,0.0,0.0010619354763717875,0.0018885328673074846,0.002740301213567907,0.319091796875,0.012111663818359375,0.0,0.0,0.00390625,0.015625,0.04296875,0.3408203125,0.000171661376953125,0.0,0.0,0.0,0.0,0.00390625,0.9345703125,-0.012149810791015625,-0.0390625,-0.01953125,-0.01171875,-0.00390625,0.01171875,0.083984375,3.918104997096439,3.6121968229471038,3.8506009808717225,3.949063507454382,4.010716568119946,4.102327818138807,0.0,3.9171049970964384,3.611196822947104,3.849600980871723,3.948063507454382,4.009716568119945,4.101327818138807,0.0,0.0010000000000000113,0.0009999999999998899,0.0009999999999998899,0.0009999999999998899,0.001000000000000334,0.001000000000000334,0.0,0.00020316965583469114,0.0001957865564403545,0.00019931788430119248,0.00020185380478857432,0.00020603164188647729,0.00021630776754490562,0.0
quartic_d4,Quartic 4D,clustered,H,0.003125,128,4,2,1024,8192,1024,1.0,8192,3766,2197,2229,0.459716796875,0.2681884765625,0.2720947265625,0.0662841796875,0.2320556640625,3766,0.459716796875,0.459716796875,543,1901,0.002018834450082798,0.0019371667821902402,0.001981291912735786,0.0020190258437132458,0.0020509485211684733,0.00211539684002924,0.0,0.0017431446143577546,0.0016708633187098787,0.0017111294856955528,0.0017483102366653638,0.0017713009013510892,0.00181693511214057,0.0,0.002018834450082798,0.0019371667821902402,0.001981291912735786,0.0020190258437132458,0.0020509485211684733,0.00211539684002924,0.0,0.0017431446143577546,0.0016708633187098787,0.0017111294856955528,0.0017483102366653638,0.0017713009013510892,0.00181693511214057,0.0,0.0017181594132625517,-0.0010754881409687743,-0.0001243548039166313,0.0,0.0032058754165933123,0.008334260209752788,0.2720947265625,0.001675092938585794,-0.0010509452774008303,-0.00012403368206841624,0.0,0.0031605524002902845,0.008175347197499763,0.2720947265625,0.0019549790003645703,-0.0032698414263795383,-0.0001878899964761621,0.0020020320531083102,0.004197780057333539,0.007120330460802321,0.0,0.0016892606542741433,-0.0027963932208330956,-0.00016260589436506377,0.0017069531531212299,0.003631777735000676,0.006167297048365146,0.0,0.0023000468792668508,0.0,0.0,0.0,0.003925314412556316,0.009346891882327764,0.504150390625,0.000581887466004299,0.0,0.0,0.0005143012032951429,0.0009559883883416588,0.0013865742636633809,0.33837890625,6.103515625e-05,0.0,0.0,0.0,0.0,0.0,0.96875,1.1444091796875e-05,0.0,0.0,0.0,0.0,0.0,0.9970703125,-0.01169586181640625,-0.03125,-0.01953125,-0.01171875,-0.00390625,0.0078125,0.1181640625,3.9223503433870626,3.617502362511032,3.8523041710672046,3.9516743029207193,4.014395012656089,4.104868363390512,0.0,3.9218503433870624,3.6170023625110317,3.8518041710672044,3.9511743029207187,4.013895012656089,4.104368363390512,0.0,0.0005000000000000386,0.0004999999999997229,0.0004999999999997229,0.000500000000000167,0.000500000000000167,0.000500000000000167,0.0,0.0001015848279173534,9.78932782200903e-05,9.965894215054093e-05,0.00010092690239433198,0.0001030158209432844,0.00010815388377250084,0.0
quartic_d4,Quartic 4D,clustered,H,0.0015625,128,4,2,1024,8192,1024,1.0,8192,3615,2167,2410,0.4412841796875,0.2645263671875,0.294189453125,0.0538330078125,0.23828125,3615,0.4412841796875,0.4412841796875,441,1952,0.0010102696890712428,0.0009697016034883709,0.000991797845779449,0.0010109012672994133,0.001026319203670599,0.0010586648510768223,0.0,0.0008723075012975025,0.0008360229471060715,0.0008560599661190924,0.0008753925539809861,0.0008864136426204066,0.0009089616867786433,0.0,0.0010102696890712428,0.0009697016034883709,0.000991797845779449,0.0010109012672994133,0.001026319203670599,0.0010586648510768223,0.0,0.0008723075012975025,0.0008360229471060715,0.0008560599661190924,0.0008753925539809861,0.0008864136426204066,0.0009089616867786433,0.0,0.0012954185463921407,-0.0005839505845234502,-7.049663202066082e-05,0.0,0.00222224657820024,0.006258808137054833,0.294189453125,0.0012640531495952776,-0.000569327437432926,-7.028597626456181e-05,0.0,0.0022006906262867446,0.00604063334024265,0.294189453125,0.0009676667963511916,-0.0027193595315203045,-0.0005499846899305813,0.000978818955565508,0.002558765674937076,0.004673853114784299,0.0,0.000836514107399836,-0.0023292886950559578,-0.0004720249666665215,0.0008440979565186009,0.002207420756789542,0.0040458117025132245,0.0,0.0015728284873790523,0.0,0.0,0.0,0.002600511587586033,0.00684806103440908,0.532470703125,0.00027740994098691144,0.0,0.0,0.000244771643984636,0.0004801383238151567,0.0006974000493294823,0.3480224609375,-3.0517578125e-05,0.0,0.0,0.0,0.0,0.0,0.984375,0.0,0.0,0.0,0.0,0.0,0.0,1.0,-0.01244354248046875,-0.03125,-0.01953125,-0.01171875,-0.00390625,0.007226562499999645,0.1015625,3.9244803750905692,3.62026821676526,3.8523954605826964,3.952138187903751,4.015752217702249,4.106143618644536,0.0,3.9242303750905694,3.62001821676526,3.8521454605826966,3.9518881879037515,4.015502217702249,4.105893618644536,0.0,0.000249999999999995,0.00024999999999986144,0.00024999999999986144,0.00024999999999986144,0.00025000000000030553,0.00025000000000030553,0.0,5.079241395867061e-05,4.89466391101321e-05,4.982947107535898e-05,5.046345119712117e-05,5.150791047159645e-05,5.407694188620239e-05,0.0
quartic_d4,Quartic 4D,clustered,H,0.00078125,128,4,2,1024,8192,1024,1.0,8192,3484,2132,2576,0.42529296875,0.26025390625,0.314453125,0.04541015625,0.23095703125,3484,0.42529296875,0.42529296875,372,1892,0.0005053483170577066,0.0004851356928118236,0.0004960677038026162,0.0005056749336034699,0.0005135369126192529,0.0005295123453710581,0.0,0.0004363378567392798,0.0004182377525315295,0.0004282877201890392,0.0004380321617036965,0.000443312327833943,0.00045461125167627867,0.0,0.0005053483170577066,0.0004851356928118236,0.0004960677038026162,0.0005056749336034699,0.0005135369126192529,0.0005295123453710581,0.0,0.0004363378567392798,0.0004182377525315295,0.0004282877201890392,0.0004380321617036965,0.000443312327833943,0.00045461125167627867,0.0,0.0009512566634942343,-0.00029211291983795296,-3.137495741116448e-05,0.0,0.0015531792956617468,0.004574560016821241,0.314453125,0.0009288144096182252,-0.00028346781350504,-3.1293937748117954e-05,0.0,0.0015118813570696092,0.004472508631607078,0.314453125,0.00047637504039890576,-0.0021169320399596903,-0.0006160339881316201,0.0004922691252234601,0.0016070580129734745,0.0031164693685678535,0.0,0.0004120778270091341,-0.001831026684143502,-0.0005346034359995698,0.00042370890214409073,0.0013897128193169136,0.0026992117536213524,0.0,0.0011052762937905575,0.0,0.0,0.0,0.0017321432097312985,0.0048654343915700005,0.54541015625,0.00015401963029632314,0.0,0.0,0.00012270740733207573,0.00024080720772539851,0.00034972913001230996,0.35986328125,-2.6702880859375e-05,0.0,0.0,0.0,0.0,0.0,0.9912109375,0.0,0.0,0.0,0.0,0.0,0.0,1.0,-0.01220703125,-0.03125,-0.01953125,-0.01171875,-0.0078125,0.0078125,0.046875,3.9255472334386683,3.6216542990262517,3.85247235476922,3.953190366699733,4.016432178768075,4.1067824921311535,0.0,3.9254222334386677,3.6215292990262515,3.85234735476922,3.9530653666997333,4.016307178768075,4.106657492131154,0.0,0.000125000000000014,0.00012499999999970868,0.00012499999999970868,0.00012500000000015277,0.00012500000000015277,0.00012500000000015277,0.0,2.539620697933983e-05,2.44733195549791e-05,2.4914735537590978e-05,2.5231725598605407e-05,2.5753955235843976e-05,2.7038470943149225e-05,0.0
quartic_d8,Quartic 8D,broad,H,0.1,128,4,2,1024,8192,1024,1.0,8192,3780,2646,1766,0.46142578125,0.322998046875,0.215576171875,0.027587890625,0.0308837890625,3780,0.46142578125,0.46142578125,226,253,0.26164910743684694,0.21687579403190968,0.24514892727864357,0.2635383783451424,0.28039064887989795,0.3015745961115776,0.0,0.004784516140482639,0.00367140711124802,0.004344391108683756,0.004807675872056105,0.005198858564224375,0.005762108861431921,0.0,0.26164910743684694,0.21687579403190968,0.24514892727864357,0.2635383783451424,0.28039064887989795,0.3015745961115776,0.0,0.004784516140482639,0.00367140711124802,0.004344391108683756,0.004807675872056105,0.005198858564224375,0.005762108861431921,0.0,0.03933191936474933,-0.3701097799943362,-0.0657275393374821,0.0,0.16433409225780626,0.4656056607716659,0.215576171875,0.007299282737595272,-0.0817324855650422,-0.014860115901757977,0.0,0.03630205121389382,0.09531419410537187,0.215576171875,0.32303813008391835,-1.105526625155477,-0.26399218549071435,0.31374884930550806,0.8665286785545492,1.8176156138414825,0.0,0.005801204977824733,-0.020422714934671796,-0.004561543697176033,0.005741536983655263,0.016127062246064538,0.032130096263773764,0.0,0.511913731531229,0.0,0.011202539447658144,0.3937684715343073,0.7407032832257068,1.5241575256875188,0.2464599609375,0.47258181216647976,0.0,0.04436068346435107,0.36884704943097724,0.6162498930873532,1.3239272539452671,0.2431640625,-0.000125885009765625,-0.00390625,0.0,0.0,0.0,0.0,0.8828125,5.7220458984375e-05,-0.00390625,0.0,0.0,0.0,0.00390625,0.8095703125,-0.001605987548828125,-0.01953125,-0.00390625,0.0,0.00390625,0.015625,0.23828125,10.527165572347995,8.956610178639048,9.901563298577777,10.456501335514666,11.171272363267285,12.194992478042412,0.0,10.495165572347995,8.924610178639048,9.869563298577777,10.424501335514666,11.139272363267285,12.162992478042412,0.0,0.03200000000000003,0.03200000000000003,0.03200000000000003,0.03200000000000003,0.03200000000000003,0.03200000000000003,0.0,0.002632496400675,0.0022926379570157094,0.0024948809715286575,0.00261903575265352,0.002753845674152754,0.002986298222368227,0.0
quartic_d8,Quartic 8D,broad,H,0.05,128,4,2,1024,8192,1024,1.0,8192,3526,2375,2291,0.430419921875,0.2899169921875,0.2796630859375,0.0098876953125,0.071044921875,3526,0.430419921875,0.430419921875,81,582,0.13586841883356648,0.11405742364310231,0.12781309140152786,0.1365793692751751,0.14494029327795666,0.15574113854252544,0.0,0.002485111448736141,0.0018790619105932603,0.0022518613899802234,0.0024810059139470713,0.0026888939261518374,0.0030060049884727143,0.0,0.13586841883356648,0.11405742364310231,0.12781309140152786,0.1365793692751751,0.14494029327795666,0.15574113854252544,0.0,0.002485111448736141,0.0018790619105932603,0.0022518613899802234,0.0024810059139470713,0.0026888939261518374,0.0030060049884727143,0.0,0.04089748690906461,-0.25082271205595896,-0.02327696899870979,0.0,0.12526015000631663,0.36171989751365574,0.2796630859375,0.00825741501425933,-0.05429185303997492,-0.005049858976120885,0.0,0.027744532591688225,0.07636962278544548,0.2796630859375,0.1774412749710899,-0.9150419602565556,-0.23841088105221964,0.17101635833021334,0.5741315518303693,1.286891227469269,0.0,0.003235259019508773,-0.01654057365419366,-0.004319647229774229,0.0032391574588970526,0.010650507792915214,0.02301185022017858,0.0,0.2802920357520267,0.0,0.0,0.165388876640173,0.3997734585491939,0.9295040970213302,0.3507080078125,0.2393945488429621,0.0,0.0,0.17022497323702623,0.29454578577082735,0.6604355725501634,0.28955078125,-0.000110626220703125,0.0,0.0,0.0,0.0,0.0,0.9443359375,-5.340576171875e-05,-0.00390625,0.0,0.0,0.0,0.0,0.908203125,-0.007671356201171875,-0.0234375,-0.01171875,-0.0078125,0.0,0.00390625,0.1806640625,10.876119918613535,9.294490738084312,10.261736839949727,10.848762296164876,11.479485487446443,12.531409162990158,0.0,10.860119918613535,9.278490738084312,10.245736839949727,10.832762296164876,11.463485487446443,12.515409162990158,0.0,0.016000000000000014,0.016000000000000014,0.016000000000000014,0.016000000000000014,0.016000000000000014,0.016000000000000014,0.0,0.0013162482003375,0.0011463189785078547,0.0012474404857643288,0.00130951787632676,0.001376922837076377,0.0014931491111841136,0.0
quartic_d8,Quartic 8D,broad,H,0.025,128,4,2,1024,8192,1024,1.0,8192,3424,2233,2535,0.41796875,0.2725830078125,0.3094482421875,0.0167236328125,0.097900390625,3424,0.41796875,0.41796875,137,802,0.06921862678046142,0.058513131587752024,0.06517191656345034,0.06953549910039669,0.07384042303379346,0.07881478547896349,0.0,0.0012662067021994008,0.0009598383496100064,0.0011484704396940953,0.0012685606843184133,0.0013686359476096294,0.0015245769091094359,0.0,0.06921862678046142,0.058513131587752024,0.06517191656345034,0.06953549910039669,0.07384042303379346,0.07881478547896349,0.0,0.0012662067021994008,0.0009598383496100064,0.0011484704396940953,0.0012685606843184133,0.0013686359476096294,0.0015245769091094359,0.0,0.036678334394665876,-0.14074284212857124,-0.011460688400955377,0.0,0.09096558806353006,0.26461650807179726,0.3094482421875,0.007605123945824782,-0.030699379938493126,-0.0025892407621481124,0.0,0.01985726268329402,0.056669235575314385,0.3094482421875,0.09719734449074244,-0.6827449068605418,-0.202960684824685,0.09025704352163899,0.40838445800196155,0.8953478514352611,0.0,0.0017720728384493915,-0.012616280488190868,-0.003691685604812272,0.0017157473204241923,0.007509630548439141,0.015952393709059595,0.0,0.14894227436684365,0.0,0.0,0.06391363707177522,0.21537650047427714,0.495296066803747,0.4073486328125,0.11226393997217776,0.0,0.0,0.08169491179268684,0.13828711157516782,0.2634110134599066,0.326171875,-8.392333984375e-05,0.0,0.0,0.0,0.0,0.0,0.96875,1.1444091796875e-05,0.0,0.0,0.0,0.0,0.0,0.9716796875,-0.00836181640625,-0.03125,-0.01171875,-0.0078125,-0.00390625,0.007226562499999645,0.111328125,11.054160545009433,9.506303660129317,10.41081641117477,11.022036861334804,11.6691421225724,12.77045663711536,0.0,11.046160545009434,9.498303660129318,10.40281641117477,11.014036861334805,11.6611421225724,12.762456637115362,0.0,0.007999999999999119,0.007999999999999119,0.007999999999999119,0.007999999999999119,0.007999999999999119,0.007999999999999119,0.0,0.000658124100168677,0.0005731594892538637,0.0006237202428820951,0.0006547589381633073,0.0006884614185381122,0.000746574555591974,0.0
quartic_d8,Quartic 8D,broad,H,0.0125,128,4,2,1024,8192,1024,1.0,8192,3396,2069,2727,0.41455078125,0.2525634765625,0.3328857421875,0.02294921875,0.1263427734375,3396,0.41455078125,0.41455078125,188,1035,0.03493334328287133,0.029646174017760884,0.032870657544391335,0.035145524173049836,0.037325509085166075,0.03964279667170878,0.0,0.0006390706916927145,0.0004841379220534462,0.0005800039908386228,0.0006405416474412288,0.0006901105518620245,0.0007678031788984556,0.0,0.03493334328287133,0.029646174017760884,0.032870657544391335,0.035145524173049836,0.037325509085166075,0.03964279667170878,0.0,0.0006390706916927145,0.0004841379220534462,0.0005800039908386228,0.0006405416474412288,0.0006901105518620245,0.0007678031788984556,0.0,0.029616771076964747,-0.07291635645812011,-0.001095129710760645,0.0,0.06356926019418818,0.19658679885134056,0.3328857421875,0.006237498455091875,-0.01687261007844715,-0.0002115508756562751,0.0,0.013888360308828368,0.04237970455191582,0.3328857421875,0.06013914645328362,-0.5051444392483688,-0.15664860431604666,0.0652829008329121,0.27558310614782755,0.6206585485931511,0.0,0.0011134670732864996,-0.009220851761310388,-0.002775638663055956,0.0011901915625836287,0.005022797318420502,0.011428985610798114,0.0,0.08463470154476355,0.0,0.0,0.020458280956135333,0.12639443561097785,0.297621326332945,0.459228515625,0.0550179304677988,0.0,0.0,0.04070122257926112,0.06770936604572864,0.11822249269839435,0.3558349609375,-3.814697265625e-06,0.0,0.0,0.0,0.0,0.0,0.9931640625,1.1444091796875e-05,0.0,0.0,0.0,0.0,0.0,0.9814453125,-0.008266448974609375,-0.0234375,-0.01171875,-0.0078125,-0.00390625,0.00390625,0.08984375,11.144069468316689,9.613375634889131,10.52793817453528,11.120416986849882,11.748763801907208,12.860364904674146,0.0,11.140069468316687,9.609375634889131,10.523938174535282,11.116416986849883,11.744763801907208,12.856364904674146,0.0,0.0039999999999995595,0.0039999999999995595,0.0039999999999995595,0.0039999999999995595,0.0039999999999995595,0.0039999999999995595,0.0,0.0003290620500843385,0.00028657974462693186,0.00031186012144104755,0.00032737946908165366,0.0003442307092690561,0.000373287277795987,0.0
quartic_d8,Quartic 8D,broad,H,0.00625,128,4,2,1024,8192,1024,1.0,8192,3343,2045,2804,0.4080810546875,0.2496337890625,0.34228515625,0.01708984375,0.15673828125,3343,0.4080810546875,0.4080810546875,140,1284,0.017548044436161238,0.01491729073581567,0.016489516374848634,0.017653716103300354,0.018748268640740307,0.019919242781450915,0.0,0.00032103399861236974,0.00024280267926534425,0.0002909588407991646,0.00032133238448140377,0.00034694662638636747,0.0003854306191925313,0.0,0.017548044436161238,0.01491729073581567,0.016489516374848634,0.017653716103300354,0.018748268640740307,0.019919242781450915,0.0,0.00032103399861236974,0.00024280267926534425,0.0002909588407991646,0.00032133238448140377,0.00034694662638636747,0.0003854306191925313,0.0,0.02235183928549051,-0.038856430687237875,0.0,0.0,0.04297712382548813,0.1418687547488271,0.34228515625,0.004797340645212891,-0.009006234307437367,0.0,0.0,0.00958608513643843,0.031132782885316044,0.34228515625,0.035649255309378194,-0.3714096780934142,-0.11755288096769334,0.04030629478447878,0.1930294816329976,0.44478272274952285,0.0,0.0006495734244729437,-0.006885706844759607,-0.0021367884168162227,0.0007335995363520403,0.0035626859118267026,0.00808600288077938,0.0,0.053283319372338565,0.0,0.0,0.0003553353908407608,0.07364088115319989,0.19483159885965096,0.4990234375,0.030931480086848054,0.0,0.0,0.020531158630956448,0.03393750405718299,0.0565456506689479,0.359375,0.0,0.0,0.0,0.0,0.0,0.0,1.0,-1.52587890625e-05,0.0,0.0,0.0,0.0,0.0,0.99609375,-0.01019287109375,-0.0234375,-0.015625,-0.009765625,-0.0078125,0.0033203124999996447,0.04296875,11.189245794448851,9.66642242894488,10.58160711783094,11.173070565248171,11.778353995278431,12.918713569222785,0.0,11.187245794448849,9.66442242894488,10.579607117830939,11.171070565248172,11.77635399527843,12.916713569222784,0.0,0.002000000000000668,0.002000000000000668,0.002000000000000668,0.002000000000000668,0.002000000000000668,0.002000000000000668,0.0,0.0001645310250422423,0.00014328987231352957,0.00015593006072059303,0.00016368973454089952,0.00017211535463460448,0.00018664363889807638,0.0
quartic_d8,Quartic 8D,broad,H,0.003125,128,4,2,1024,8192,1024,1.0,8192,3184,2116,2892,0.388671875,0.25830078125,0.35302734375,0.0078125,0.19091796875,3184,0.388671875,0.388671875,64,1564,0.008794411058445209,0.007481295388229015,0.00825840003661149,0.008847391706353847,0.009398688528452936,0.009983190604436486,0.0,0.00016089251426418296,0.00012158506539037929,0.0001457835132793265,0.0001610269908403065,0.000173994502999226,0.00019332936951855684,0.0,0.008794411058445209,0.007481295388229015,0.00825840003661149,0.008847391706353847,0.009398688528452936,0.009983190604436486,0.0,0.00016089251426418296,0.00012158506539037929,0.0001457835132793265,0.0001610269908403065,0.000173994502999226,0.00019332936951855684,0.0,0.01684565073570136,-0.02047720581210033,-0.0018094460072588525,0.0,0.028178964066546186,0.1031085618197638,0.35302734375,0.0036050883084178566,-0.0045492866343814905,-0.0004296872034256216,0.0,0.006126166528974332,0.021891678986416245,0.35302734375,0.020908052260153135,-0.263262651440904,-0.08551269232608405,0.022134785672278667,0.13039494183723832,0.3017371692805,0.0,0.00037802899330697203,-0.00497043062787415,-0.0015780311478503662,0.0004103653946983307,0.002427064778341868,0.005590423422032444,0.0,0.033965318981310604,0.0,0.0,0.0,0.043203641864407505,0.12869022106551276,0.5439453125,0.017119668245609246,0.0,0.0,0.010272170618002896,0.01703491579563332,0.02836858706387968,0.36083984375,-1.52587890625e-05,0.0,0.0,0.0,0.0,0.0,0.99609375,0.0,0.0,0.0,0.0,0.0,0.0,1.0,-0.0126190185546875,-0.0234375,-0.015625,-0.01171875,-0.0078125,-0.00390625,0.02734375,11.211889387238198,9.690993556370959,10.594699126644613,11.194971954240108,11.801583169707792,12.938203842047788,0.0,11.210889387238199,9.68999355637096,10.593699126644614,11.193971954240109,11.800583169707792,12.937203842047788,0.0,0.0009999999999994458,0.0009999999999994458,0.0009999999999994458,0.0009999999999994458,0.0009999999999994458,0.0009999999999994458,0.0,8.22655125210481e-05,7.164493615670116e-05,7.796503036022726e-05,8.184486727037707e-05,8.60576773172258e-05,9.33218194489553e-05,0.0
quartic_d8,Quartic 8D,broad,H,0.0015625,128,4,2,1024,8192,1024,1.0,8192,3156,2108,2928,0.38525390625,0.25732421875,0.357421875,0.00537109375,0.21337890625,3156,0.38525390625,0.38525390625,44,1748,0.00440230844304761,0.003746318148502681,0.004132589784758167,0.004428834552584249,0.0047038976059337045,0.004996013745192939,0.0,8.05402423150338e-05,6.0871074030259815e-05,7.298896965568428e-05,8.061054572392624e-05,8.710315673672254e-05,9.681840283817825e-05,0.0,0.00440230844304761,0.003746318148502681,0.004132589784758167,0.004428834552584249,0.0047038976059337045,0.004996013745192939,0.0,8.05402423150338e-05,6.0871074030259815e-05,7.298896965568428e-05,8.061054572392624e-05,8.710315673672254e-05,9.681840283817825e-05,0.0,0.012601537303677414,-0.010265980953312326,-0.001068168203758546,0.0,0.0191431988763045,0.07349974566555151,0.357421875,0.0027113379906171346,-0.0023675341275787424,-0.00029266905325579665,0.0,0.004237884384642392,0.01567310533393834,0.357421875,0.013440750092594503,-0.1865598879546262,-0.06312961455293475,0.016488990336412712,0.09045303541831551,0.21375453906650677,0.0,0.00024353478710491714,-0.0035698690438340014,-0.0011478537830989252,0.0003003002348624629,0.0016846896227158729,0.003954515848327998,0.0,0.018619588891140966,0.0,0.0,0.0,0.027284065439437843,0.08540485288406519,0.57080078125,0.006018051587463552,0.0,0.0,0.005118820367694621,0.008461628437415047,0.013834178307738476,0.36279296875,0.0,0.0,0.0,0.0,0.0,0.0,1.0,-1.52587890625e-05,0.0,0.0,0.0,0.0,0.0,0.99609375,-0.0137481689453125,-0.02734375,-0.01953125,-0.01171875,-0.0078125,-0.00390625,0.00390625,11.223225036490057,9.703295223134457,10.607209307465686,11.206604209041956,11.81571674741857,12.947958903755207,0.0,11.222725036490058,9.702795223134457,10.606709307465685,11.206104209041957,11.815216747418567,12.947458903755207,0.0,0.0005000000000006111,0.0005000000000006111,0.0005000000000006111,0.0005000000000006111,0.0005000000000006111,0.0005000000000006111,0.0,4.113275626059711e-05,3.582246807841421e-05,3.898251518018288e-05,4.092243363526123e-05,4.302883865868933e-05,4.666090972456053e-05,0.0
quartic_d8,Quartic 8D,broad,H,0.00078125,128,4,2,1024,8192,1024,1.0,8192,3156,2076,2960,0.38525390625,0.25341796875,0.361328125,0.0029296875,0.22705078125,3156,0.38525390625,0.38525390625,24,1860,0.0022024306628539575,0.001874577681534717,0.0020677187844704292,0.0022157026115969813,0.0023530449941091547,0.0024991119500256784,0.0,4.0293630756959916e-05,3.0456114901145803e-05,3.6518802377704784e-05,4.032949866310439e-05,4.357325057539649e-05,4.844765631029146e-05,0.0,0.0022024306628539575,0.001874577681534717,0.0020677187844704292,0.0022157026115969813,0.0023530449941091547,0.0024991119500256784,0.0,4.0293630756959916e-05,3.0456114901145803e-05,3.6518802377704784e-05,4.032949866310439e-05,4.357325057539649e-05,4.844765631029146e-05,0.0,0.009387494634733857,-0.005180332361116147,-0.0005254014739946022,0.0,0.013592260138504453,0.0525561245369901,0.361328125,0.00202531823102246,-0.0012035750708613757,-0.00013826781782129145,0.0,0.00301835695912248,0.011304594882117243,0.361328125,0.008676023573980483,-0.1363856182521488,-0.04383775732687312,0.010764888376471049,0.06339590416462926,0.1502619542554413,0.0,0.00015656933335132515,-0.0025475898380794702,-0.0008232124595217003,0.0001980298135966236,0.001177542785069078,0.002783894025739304,0.0,0.012488263255218339,0.0,0.0,0.0,0.01808976068634527,0.05824638200335297,0.58837890625,0.003100768620484482,0.0,0.0,0.0025503896273093574,0.004235125333424072,0.006922151103807117,0.3642578125,0.0,0.0,0.0,0.0,0.0,0.0,1.0,0.0,0.0,0.0,0.0,0.0,0.0,1.0,-0.0144195556640625,-0.02734375,-0.01953125,-0.01171875,-0.0078125,-0.00390625,0.0,11.228896323757082,9.709450081957582,10.61366249080194,11.212423782482603,11.82143359643455,12.952838915866854,0.0,11.228646323757083,9.709200081957583,10.61341249080194,11.212173782482605,11.821183596434551,12.952588915866855,0.0,0.00024999999999941735,0.00024999999999941735,0.00024999999999941735,0.00024999999999941735,0.00024999999999941735,0.00024999999999941735,0.0,2.056637813022549e-05,1.791123403914347e-05,1.9491257590022192e-05,2.046121681755792e-05,2.1514419329268233e-05,2.3330454862197382e-05,0.0
quartic_d8,Quartic 8D,clustered,H,0.1,128,4,2,1024,8192,1024,1.0,8192,361,7715,116,0.0440673828125,0.9417724609375,0.01416015625,0.0010986328125,0.3343505859375,361,0.0440673828125,0.0440673828125,9,2739,0.12360409145440104,0.11714436718712061,0.11904696824835348,0.12376908493645072,0.12805689493405284,0.1301389364954179,0.0,0.09359152515697408,0.0873793274126318,0.09024099846714323,0.09350755054898763,0.09714715050904223,0.09987532152442022,0.0,0.12360409145440104,0.11714436718712061,0.11904696824835348,0.12376908493645072,0.12805689493405284,0.1301389364954179,0.0,0.09359152515697408,0.0873793274126318,0.09024099846714323,0.09350755054898763,0.09714715050904223,0.09987532152442022,0.0,-0.035499906241171206,-0.06726251288882326,-0.04969280478201369,-0.036102732004430656,-0.022855854000496757,0.0,0.01416015625,-0.03278134472966267,-0.06103418652595553,-0.04637752551667424,-0.033261945733378574,-0.02111944681042759,0.0,0.01416015625,0.12414460068133731,0.08803358898099059,0.1093010759435539,0.12372153466114852,0.13883325786206416,0.15990607133229845,0.0,0.09400173895215641,0.06629981848533696,0.08286387460123852,0.09379249081383413,0.10541480365141417,0.12095622301175178,0.0,0.02397389065932773,0.0,0.0,0.015658310239867884,0.04082366775907979,0.07592726484929083,0.3485107421875,0.059473796900498935,0.021400855809887712,0.04542316777967618,0.05885291754273898,0.07649811262635639,0.09784685573611701,0.0152587890625,0.8885269165039062,0.80859375,0.84765625,0.88671875,0.9296875,0.96484375,0.0,0.03324127197265625,-0.01953125,0.0,0.01953125,0.0546875,0.12109375,0.0615234375,-0.23905563354492188,-0.4291015625,-0.3203125,-0.2265625,-0.1640625,-0.078125,0.0,7.559522500603185,6.829234339826435,7.4246692273414965,7.6070038126409685,7.887814113309032,8.062871949336753,0.0,7.527522500603185,6.797234339826435,7.3926692273414965,7.5750038126409684,7.855814113309032,8.030871949336753,0.0,0.032000000000000015,0.03200000000000003,0.03200000000000003,0.03200000000000003,0.03200000000000003,0.03200000000000003,0.0,0.003642457173130211,0.0034846645168291734,0.003535896328578033,0.0035803201562629745,0.003656765262763112,0.0040482096291625655,0.0
quartic_d8,Quartic 8D,clustered,H,0.05,128,4,2,1024,8192,1024,1.0,8192,1951,5559,682,0.2381591796875,0.6785888671875,0.083251953125,0.025634765625,0.23974609375,1951,0.2381591796875,0.2381591796875,210,1964,0.06339208166329084,0.06108681736713268,0.06219552018206498,0.06342453695489902,0.064597169483912,0.06577848297063342,0.0,0.04799890326890977,0.04559858501726287,0.04712296126981374,0.04795979486371367,0.04898493777078168,0.050387062820066525,0.0,0.06339208166329084,0.06108681736713268,0.06219552018206498,0.06342453695489902,0.064597169483912,0.06577848297063342,0.0,0.04799890326890977,0.04559858501726287,0.04712296126981374,0.04795979486371367,0.04898493777078168,0.050387062820066525,0.0,-0.01031510504915784,-0.03912837846143298,-0.02479523138826775,-0.01172007388157146,0.0,0.025387770211851103,0.083251953125,-0.009619204534919282,-0.035678092239810485,-0.023409374525034415,-0.010893716807207075,0.0,0.023175093593900017,0.083251953125,0.06386517523020516,0.03725967232289209,0.05237219252319672,0.06356116154113145,0.074852184101665,0.0908480408395652,0.0,0.048353091985638225,0.028051345800298326,0.03982858776265386,0.04822877366189565,0.05688218470198419,0.06878589611420165,0.0,0.02152359608147822,0.0,0.0,0.014508338457277684,0.03556217386040168,0.0697955782951269,0.322998046875,0.03183870113063606,0.0,0.021105423065655174,0.032844725616847564,0.042990402892294506,0.057200000039266896,0.10888671875,0.5856285095214844,0.421875,0.51953125,0.58203125,0.66015625,0.76953125,0.0,0.02506256103515625,0.0,0.0078125,0.015625,0.0390625,0.07363281249999964,0.08984375,-0.07365798950195312,-0.1796875,-0.1015625,-0.05859375,-0.03515625,-0.0078125,0.0068359375,7.682466788709557,6.858329041926448,7.598192148120891,7.79285269644138,7.926837271680911,8.111390677168522,0.0,7.666466788709558,6.842329041926448,7.582192148120891,7.77685269644138,7.9108372716809106,8.095390677168522,0.0,0.016000000000000007,0.016000000000000014,0.016000000000000014,0.016000000000000014,0.016000000000000014,0.016000000000000014,0.0,0.0018212285865651053,0.0017423322584145867,0.0017679481642889428,0.0017901600781314872,0.001828382631381556,0.0020241048145812827,0.0
quartic_d8,Quartic 8D,clustered,H,0.025,128,4,2,1024,8192,1024,1.0,8192,3196,3806,1190,0.39013671875,0.464599609375,0.145263671875,0.0499267578125,0.2225341796875,3196,0.39013671875,0.39013671875,409,1823,0.032110167143775514,0.0311864379347001,0.03173002181889106,0.0321013769108304,0.03250354046484921,0.033091093272879325,0.0,0.02431281334167324,0.023258987916437546,0.023888095124095746,0.024308888011483423,0.02470629516428331,0.025309561810665585,0.0,0.032110167143775514,0.0311864379347001,0.03173002181889106,0.0321013769108304,0.03250354046484921,0.033091093272879325,0.0,0.02431281334167324,0.023258987916437546,0.023888095124095746,0.024308888011483423,0.02470629516428331,0.025309561810665585,0.0,0.00034876927164804756,-0.021058283426201932,-0.011700080468139522,0.0,0.00876225825617237,0.03158334276967019,0.145263671875,0.00021090628614051733,-0.01943096576924572,-0.01109626069288472,0.0,0.008041893836637498,0.028325458748854695,0.145263671875,0.03240733685806127,0.012636308149515102,0.023991721370143368,0.032211908576951526,0.04064549670729335,0.05254312411550108,0.0,0.024533367101078965,0.009387167508103183,0.01818697907284853,0.024396864850914125,0.030959587343126517,0.039740482230699925,0.0,0.016163663164651513,0.0,0.0,0.009210281798958275,0.027855825359079697,0.05534456985567433,0.3677978515625,0.015814893893003466,0.0,0.008763119776273559,0.01713898300661397,0.02241029211594875,0.030121966564543946,0.1951904296875,0.10697555541992188,0.02734375,0.0625,0.09765625,0.13671875,0.23828125,0.0,0.003765106201171875,-0.00390625,0.0,0.0,0.0078125,0.015625,0.4375,-0.0287628173828125,-0.08144531249999998,-0.0390625,-0.0234375,-0.01171875,0.0033203124999996447,0.0439453125,7.746603230771576,6.8891342763632455,7.679419486427811,7.870601571771319,7.979286379519688,8.143492255446484,0.0,7.738603230771576,6.8811342763632455,7.671419486427811,7.86260157177132,7.971286379519688,8.135492255446485,0.0,0.00799999999999982,0.007999999999999119,0.008000000000000007,0.008000000000000007,0.008000000000000007,0.008000000000000007,0.0,0.0009106142932825325,0.0008711661292071966,0.0008839740821444346,0.0008950800390657436,0.000914191315690778,0.0010120524072906414,0.0
quartic_d8,Quartic 8D,clustered,H,0.0125,128,4,2,1024,8192,1024,1.0,8192,3412,2990,1790,0.41650390625,0.364990234375,0.218505859375,0.04931640625,0.218505859375,3412,0.41650390625,0.41650390625,404,1790,0.01616074099368396,0.01571159119820166,0.015971089683162645,0.016172757483481875,0.016345457684496217,0.01659957198534322,0.0,0.012236356036341937,0.011740460984530935,0.012031887482631239,0.012254823534356531,0.012437331159044033,0.012727206503541812,0.0,0.01616074099368396,0.01571159119820166,0.015971089683162645,0.016172757483481875,0.016345457684496217,0.01659957198534322,0.0,0.012236356036341937,0.011740460984530935,0.012031887482631239,0.012254823534356531,0.012437331159044033,0.012727206503541812,0.0,0.003488508568149023,-0.011244842149967564,-0.0055947426906562195,0.0,0.009780149962699373,0.028553177261774327,0.218505859375,0.003129116671626075,-0.010260371250595935,-0.005328297968691432,0.0,0.009025687936574373,0.025730054342016365,0.218505859375,0.016418452694597893,0.001601691835996566,0.010338270783425474,0.016560773276058705,0.022432008779607326,0.03093925378803708,0.0,0.0124261473556097,0.0012192950611592105,0.007826583145093035,0.012501260468706126,0.016966538458076462,0.0233977264752545,0.0,0.011093313661445052,0.0,0.0,0.003538070513949332,0.019409583663511323,0.040802550310775815,0.43701171875,0.00760480509329603,0.0,0.0,0.008483893306066734,0.011253125844097378,0.014817308976725979,0.267822265625,0.001476287841796875,0.0,0.0,0.0,0.00390625,0.0078125,0.71484375,-0.0001220703125,-0.00390625,0.0,0.0,0.0,0.0,0.908203125,-0.017795562744140625,-0.05019531249999998,-0.02734375,-0.015625,-0.0078125,0.0078125,0.046875,7.779352653698551,6.895534809370548,7.71058627011281,7.900471706825991,8.021790850253097,8.158441675108628,0.0,7.775352653698552,6.891534809370548,7.70658627011281,7.8964717068259915,8.017790850253096,8.154441675108629,0.0,0.003999999999999561,0.0039999999999995595,0.0039999999999995595,0.0039999999999995595,0.0039999999999995595,0.0039999999999995595,0.0,0.00045530714664122624,0.0004355830646035983,0.00044198704107220507,0.0004475400195328221,0.00045709565784533824,0.0005060262036452645,0.0
quartic_d8,Quartic 8D,clustered,H,0.00625,128,4,2,1024,8192,1024,1.0,8192,3488,2528,2176,0.42578125,0.30859375,0.265625,0.05029296875,0.2169189453125,3488,0.42578125,0.42578125,412,1777,0.008107053764920265,0.007887623059373058,0.008019489411775868,0.00811277764497878,0.008200197208052748,0.008315417806282237,0.0,0.006138368887307988,0.005898530613796729,0.006027043023652195,0.006153857179552405,0.006244151930284037,0.006379730038002864,0.0,0.008107053764920265,0.007887623059373058,0.008019489411775868,0.00811277764497878,0.008200197208052748,0.008315417806282237,0.0,0.006138368887307988,0.005898530613796729,0.006027043023652195,0.006153857179552405,0.006244151930284037,0.006379730038002864,0.0,0.003933018647999489,-0.005824101824638495,-0.002376674656089192,0.0,0.008388071552553009,0.023866574464652138,0.265625,0.003567125432993349,-0.005327358556589273,-0.0022679252215005506,0.0,0.007815244189896837,0.0214579008815124,0.265625,0.008208021229878088,-0.002566273231121796,0.004005371728374674,0.00830178187142655,0.012444876042777775,0.018747598829382095,0.0,0.006211306408017472,-0.0019634626927115323,0.00301992949624001,0.006240725584103843,0.009508406024119979,0.014111282805618143,0.0,0.00769906351759083,0.0,0.0,0.00099656353267992,0.013299601870950785,0.030229880584628485,0.4825439453125,0.003766044869591342,0.0,0.0,0.004246275339761674,0.005699449849633692,0.0072839232373264895,0.31591796875,-1.9073486328125e-05,0.0,0.0,0.0,0.0,0.0,0.9873046875,-4.9591064453125e-05,0.0,0.0,0.0,0.0,0.0,0.9736328125,-0.013153076171875,-0.03457031249999998,-0.01953125,-0.013671875,-0.0078125,0.01171875,0.05859375,7.795899638281294,6.897368575091415,7.728962835260296,7.917718988652389,8.040608097444863,8.171429616332059,0.0,7.793899638281294,6.895368575091415,7.726962835260296,7.91571898865239,8.038608097444863,8.169429616332058,0.0,0.002000000000000065,0.0019999999999997797,0.0019999999999997797,0.0019999999999997797,0.002000000000000668,0.002000000000000668,0.0,0.0002276535733206443,0.0002177915323018959,0.00022099352053620065,0.00022377000976641105,0.00022854782892266912,0.00025301310182263226,0.0
quartic_d8,Quartic 8D,clustered,H,0.003125,128,4,2,1024,8192,1024,1.0,8192,3590,2223,2379,0.438232421875,0.2713623046875,0.2904052734375,0.0506591796875,0.2186279296875,3590,0.438232421875,0.438232421875,415,1791,0.004060231517108653,0.003948002247630841,0.004014657167582411,0.004061872614442907,0.004109427176546027,0.004163930039399541,0.0,0.00307425775609498,0.0029564368502042744,0.0030175618732422834,0.0030790212996467522,0.003129622690673601,0.003191995826002391,0.0,0.004060231517108653,0.003948002247630841,0.004014657167582411,0.004061872614442907,0.004109427176546027,0.004163930039399541,0.0,0.00307425775609498,0.0029564368502042744,0.0030175618732422834,0.0030790212996467522,0.003129622690673601,0.003191995826002391,0.0,0.0033750242344498926,-0.0029965502070977285,-0.0008129348536190205,0.0,0.006422891595096986,0.018410379714406976,0.2904052734375,0.0030751352770252496,-0.0027284755224051193,-0.0007934581817575029,0.0,0.005823585115364371,0.016534861496712263,0.2904052734375,0.004092070294940773,-0.0035097420855312394,0.001083200219464911,0.004130874138362439,0.007187041349775547,0.01143644302555924,0.0,0.003096709741291388,-0.002671345455447996,0.0008205775249537321,0.003162782334713132,0.005472450449974628,0.008614051620501575,0.0,0.005248917261156883,0.0,0.0,0.0,0.008678914799034987,0.021200872655406426,0.509033203125,0.0018738930267069912,0.0,0.0,0.0020961867409904494,0.002870478971296081,0.003662534460998901,0.341064453125,-3.4332275390625e-05,0.0,0.0,0.0,0.0,0.0,0.9912109375,-1.52587890625e-05,0.0,0.0,0.0,0.0,0.0,0.99609375,-0.0118560791015625,-0.03125,-0.01953125,-0.01171875,-0.00390625,0.011132812499999645,0.0625,7.804216450900805,6.898307825414679,7.739939611009474,7.928205147011127,8.044636577127473,8.17612691766592,0.0,7.803216450900805,6.8973078254146785,7.7389396110094735,7.927205147011126,8.043636577127472,8.17512691766592,0.0,0.0010000000000000373,0.0009999999999994458,0.0009999999999994458,0.001000000000000334,0.001000000000000334,0.001000000000000334,0.0,0.00011382678666032449,0.00010889576615085122,0.00011049676026800219,0.00011188500488325522,0.0001142739144613853,0.00012650655091137232,0.0
quartic_d8,Quartic 8D,clustered,H,0.0015625,128,4,2,1024,8192,1024,1.0,8192,3480,2149,2563,0.4248046875,0.2623291015625,0.3128662109375,0.03759765625,0.2232666015625,3480,0.4248046875,0.4248046875,308,1829,0.0020317961572927003,0.001974895601312185,0.00200915983144212,0.002032911127655246,0.0020577170805984313,0.0020844131240946974,0.0,0.0015384004153032123,0.0014803445918768001,0.0015107744513434076,0.0015405187645255438,0.0015667030572800163,0.001596532430406663,0.0,0.0020317961572927003,0.001974895601312185,0.00200915983144212,0.002032911127655246,0.0020577170805984313,0.0020844131240946974,0.0,0.0015384004153032123,0.0014803445918768001,0.0015107744513434076,0.0015405187645255438,0.0015667030572800163,0.001596532430406663,0.0,0.002595024629322782,-0.0015180759937364063,-0.00048600930959783947,0.0,0.004736826052477522,0.013423665454641548,0.3128662109375,0.002372159372274917,-0.0013755314585866363,-0.0004743652721912258,0.0,0.004302900926276526,0.012319545905188429,0.3128662109375,0.0020386929610687584,-0.003418530110669271,-0.0001634807909700331,0.002067427959877466,0.004227996879450913,0.007276359856602244,0.0,0.0015426115062821262,-0.00257787932497068,-0.00012384615353811115,0.0015667004785967881,0.0032421717912358384,0.005474995471089909,0.0,0.0035177921402840063,0.0,0.0,0.0,0.006068807127687573,0.014642114273146836,0.5361328125,0.0009227675109612244,0.0,0.0,0.0010321134584305655,0.0014411472315667279,0.001839587349603669,0.3504638671875,-3.0517578125e-05,0.0,0.0,0.0,0.0,0.0,0.9921875,1.1444091796875e-05,0.0,0.0,0.0,0.0,0.0,0.9951171875,-0.013233184814453125,-0.03457031249999998,-0.01953125,-0.015625,-0.0078125,0.0078125,0.0390625,7.8083857191523585,6.899304718071169,7.745438169664679,7.934126569580954,8.04724751317535,8.179972349699614,0.0,7.807885719152358,6.898804718071169,7.744938169664679,7.933626569580954,8.04674751317535,8.179472349699614,0.0,0.0005000000000000247,0.0004999999999997229,0.0004999999999997229,0.0004999999999997229,0.0005000000000006111,0.0005000000000006111,0.0,5.691339333016112e-05,5.444788307552233e-05,5.524838013409924e-05,5.5942502441577914e-05,5.713695723064191e-05,6.325327545562997e-05,0.0
quartic_d8,Quartic 8D,clustered,H,0.00078125,128,4,2,1024,8192,1024,1.0,8192,3348,2136,2708,0.40869140625,0.2607421875,0.33056640625,0.02294921875,0.234375,3348,0.40869140625,0.40869140625,188,1920,0.001016318709149802,0.0009880075921346488,0.0010049048876653588,0.0010170958219803405,0.0010295960456946085,0.0010428875185174962,0.0,0.0007695184937217803,0.0007404911192950641,0.0007557349844102103,0.0007706271851882175,0.0007835901529338862,0.0007987056438621105,0.0,0.001016318709149802,0.0009880075921346488,0.0010049048876653588,0.0010170958219803405,0.0010295960456946085,0.0010428875185174962,0.0,0.0007695184937217803,0.0007404911192950641,0.0007557349844102103,0.0007706271851882175,0.0007835901529338862,0.0007987056438621105,0.0,0.0019519554967779723,-0.0007846438094802621,-0.00022380866652519163,0.0,0.003508030580423505,0.009916154804059787,0.33056640625,0.0017880345233876123,-0.0007048549657395234,-0.00020870126688488983,0.0,0.0032121642644376016,0.009011968033237262,0.33056640625,0.0010305123640508196,-0.0028232485990468165,-0.0005153480968485002,0.0010496510440883844,0.002590727585486563,0.0046930015142531145,0.0,0.0007796284934541314,-0.0021211568514493888,-0.00039282857055160966,0.0007938797258471116,0.001972946157248572,0.0035524410875255627,0.0,0.002375845563987867,0.0,0.0,0.0,0.004052472773251938,0.010640510269647019,0.56494140625,0.0004238900672098941,0.0,0.0,0.0005172393344292925,0.000721512166420038,0.0009218755731036921,0.353515625,-1.52587890625e-05,0.0,0.0,0.0,0.0,0.0,0.99609375,0.0,0.0,0.0,0.0,0.0,0.0,1.0,-0.014129638671875,-0.03125,-0.01953125,-0.015625,-0.0078125,0.00390625,0.03125,7.8104730727685485,6.902016150269118,7.748189993864747,7.935876392020316,8.048643356480918,8.181711836901362,0.0,7.810223072768548,6.901766150269117,7.747939993864747,7.935626392020316,8.048393356480918,8.181461836901363,0.0,0.0002500000000000002,0.00024999999999941735,0.00024999999999941735,0.00025000000000030553,0.00025000000000030553,0.00025000000000030553,0.0,2.845669666508101e-05,2.7223941537664447e-05,2.7624190066951478e-05,2.7971251220838647e-05,2.85684786153717e-05,3.162663772787117e-05,0.0
rastrigin_d4,Rastrigin 4D,broad,H,0.1,128,4,2,1024,8192,1024,1.0,8192,3489,3692,1011,0.4259033203125,0.45068359375,0.1234130859375,0.03173828125,0.06396484375,3489,0.4259033203125,0.4259033203125,260,524,0.6558051229789135,0.39957526790002196,0.5193093586229249,0.6646042676369532,0.7457221746876748,0.9557382585330286,0.0,0.013787158434884188,0.007578448324082504,0.010251497264139944,0.013479948344131954,0.01590700326674821,0.021770793840746937,0.0,0.6558051229789135,0.39957526790002196,0.5193093586229249,0.6646042676369532,0.7457221746876748,0.9557382585330286,0.0,0.013787158434884188,0.007578448324082504,0.010251497264139944,0.013479948344131954,0.01590700326674821,0.021770793840746937,0.0,0.03904822742428862,-4.92033334834794,-1.6246660377812407,0.0,1.5951919932345717,5.374710062268019,0.1234130859375,-0.02013499657281812,-0.34021080364371137,-0.10393215539592751,0.0,0.08381046939413342,0.2362243222307585,0.1234130859375,0.6428555036394941,-0.9746714254321641,0.01856819993243164,0.6451204585145831,1.279265143886306,2.2127881629647703,0.0,0.013535636431643235,-0.02027594456605301,0.0003864034767634569,0.013388828797573925,0.026523612220352943,0.04670263163957449,0.0,5.300565409692168,0.0,1.3248415715762611,5.100679669734313,8.262362469804245,12.800059932872141,0.1873779296875,5.2615171822678795,0.0,2.9248205241729437,5.907003460331317,7.29920171832334,9.765414504804276,0.1551513671875,-8.392333984375e-05,-0.00390625,0.0,0.0,0.0,0.00390625,0.759765625,-0.00040435791015625,-0.0078125,0.0,0.0,0.0,0.00390625,0.734375,-0.012958526611328125,-0.06191406249999998,-0.02734375,-0.0078125,0.0,0.018945312499999645,0.10546875,5.464744550452636,4.478224851127243,4.917638467814088,5.346773954768108,5.90777164806973,6.7822421432945745,0.0,5.448744550452636,4.462224851127243,4.901638467814088,5.330773954768108,5.89177164806973,6.7662421432945745,0.0,0.016000000000000014,0.016000000000000014,0.016000000000000014,0.016000000000000014,0.016000000000000014,0.016000000000000014,0.0,0.0024534443680877265,0.0020166695493150396,0.002250630815026553,0.002450901151795877,0.0026433637160249617,0.002833045936801644,0.0
rastrigin_d4,Rastrigin 4D,broad,H,0.05,128,4,2,1024,8192,1024,1.0,8192,3724,2833,1635,0.45458984375,0.3458251953125,0.1995849609375,0.041015625,0.0733642578125,3724,0.45458984375,0.45458984375,336,601,0.1721104442417717,0.03275355225058833,0.10320644297028636,0.17321347036921608,0.21825466315220865,0.33008936000774075,0.0,0.00366853358538641,0.0006142463127534198,0.00206153229182115,0.0035244776312427697,0.004719666399254764,0.007600715268565596,0.0,0.1721104442417717,0.03275355225058833,0.10320644297028636,0.17321347036921608,0.21825466315220865,0.33008936000774075,0.0,0.00366853358538641,0.0006142463127534198,0.00206153229182115,0.0035244776312427697,0.004719666399254764,0.007600715268565596,0.0,0.4293272220374736,-3.100700427329965,-0.7677213238358345,0.0,1.661071245168916,4.367461825432422,0.1995849609375,0.01282790214251632,-0.21328705372784937,-0.04482175022565488,0.0,0.08556548427995347,0.2174332318254448,0.1995849609375,0.17085141373310825,-1.0557144836971453,-0.30569051155536897,0.17555697474077903,0.6537296153250622,1.3451075001750041,0.0,0.003636905137372861,-0.0216456659960374,-0.0063538060644357025,0.0035259727110680036,0.013620026252741882,0.02804314054181201,0.0,3.051750680738757,0.0,0.0,2.599572436830483,4.985825857552797,8.514951124618719,0.27294921875,2.6224234587012836,0.0,0.31922121420848626,3.1602584115212977,3.8548546493997833,4.79654051355471,0.2406005859375,-5.7220458984375e-05,-0.00390625,0.0,0.0,0.0,0.00390625,0.8701171875,-6.4849853515625e-05,-0.00390625,0.0,0.0,0.0,0.0,0.9111328125,-0.006305694580078125,-0.03847656249999998,-0.015625,-0.00390625,0.0009765625,0.01953125,0.12890625,5.529899742499786,4.592665934362321,4.968546674370552,5.4592914732822955,6.01168100629288,6.858040336537318,0.0,5.5218997424997855,4.584665934362321,4.960546674370552,5.451291473282296,6.00368100629288,6.850040336537318,0.0,0.008000000000000007,0.008000000000000007,0.008000000000000007,0.008000000000000007,0.008000000000000007,0.008000000000000007,0.0,0.0012267221840438632,0.0010083347746575198,0.0011253154075132766,0.0012254505758979386,0.0013216818580124808,0.001416522968400822,0.0
rastrigin_d4,Rastrigin 4D,broad,H,0.025,128,4,2,1024,8192,852,0.83203125,6816,3618,2391,2183,0.441650390625,0.2918701171875,0.2664794921875,0.0374755859375,0.10595703125,3066,0.374267578125,0.4498239436619718,243,748,0.044629693393039946,-0.028219645326431925,0.01038048737451902,0.04477979079285532,0.06954624577115176,0.12523215469848129,0.0,0.0009763945490832669,-0.0005321313315986176,0.00020752408940209543,0.0009115480888812371,0.001491962215069145,0.002915276789863178,0.0,0.044629693393039946,-0.028219645326431925,0.01038048737451902,0.04477979079285532,0.06954624577115176,0.12523215469848129,0.0,0.0009763945490832669,-0.0005321313315986176,0.00020752408940209543,0.0009115480888812371,0.001491962215069145,0.002915276789863178,0.0,0.4571698330603032,-1.8356779623815918,-0.3042043858573127,0.0,1.288004784929356,3.448121503836153,0.2664794921875,0.02095388959302575,-0.12266660439357827,-0.017203410276116993,0.0,0.07317260552357618,0.179263207928237,0.2664794921875,0.03638891397093922,-0.8396265338872908,-0.3098247358860817,0.038730897325024216,0.391476260386888,0.8884841269975965,0.0,0.0008026619433897627,-0.017010054310902387,-0.006391275680803444,0.0008000905866031664,0.00806520464019685,0.018852817447807126,0.0,1.7126701204003765,0.0,0.0,1.0620267867060509,2.9522225923131056,5.38436029613736,0.3724365234375,1.2555002873400731,0.0,0.0,1.5950621190388645,1.9577957310316592,2.3165601325221665,0.303955078125,7.62939453125e-05,0.0,0.0,0.0,0.0,0.0,0.9375,-4.1961669921875e-05,0.0,0.0,0.0,0.0,0.0,0.9560546875,-0.006740570068359375,-0.03515625,-0.01171875,-0.0078125,0.0,0.01953125,0.0703125,5.564413900049171,4.637418009477488,5.015470555855771,5.487445159743503,6.057570618630342,6.8805640597138895,0.0,5.560413900049172,4.633418009477489,5.011470555855771,5.483445159743503,6.053570618630342,6.87656405971389,0.0,0.0039999999999995595,0.0039999999999995595,0.0039999999999995595,0.0039999999999995595,0.0039999999999995595,0.0039999999999995595,0.0,0.0006133610920218635,0.000504167387328704,0.0005626577037565758,0.0006127252879489012,0.0006608409290061671,0.0007082614842003323,0.0
rastrigin_d4,Rastrigin 4D,broad,H,0.0125,128,4,2,1024,8192,688,0.671875,5504,3481,2156,2555,0.4249267578125,0.26318359375,0.3118896484375,0.03564453125,0.1259765625,2417,0.2950439453125,0.43913517441860467,228,672,0.011723243617171752,-0.025804608692648043,-0.00509224486827442,0.011678671631909054,0.024543353479410612,0.05254803501831515,0.0,0.00026881940761501537,-0.0004793740632782453,-0.0001040678713075459,0.0002386272467903659,0.0005239173504998282,0.0012297685466912851,0.0,0.011723243617171752,-0.025804608692648043,-0.00509224486827442,0.011678671631909054,0.024543353479410612,0.05254803501831515,0.0,0.00026881940761501537,-0.0004793740632782453,-0.0001040678713075459,0.0002386272467903659,0.0005239173504998282,0.0012297685466912851,0.0,0.39667325262111847,-0.9636772573979187,-0.058702814909377565,0.0,0.9237994183589286,2.4815554269623856,0.3118896484375,0.02123554712145391,-0.06529114101104176,-0.003238978740390872,0.0,0.05543210608356278,0.1439991870231936,0.3118896484375,0.005775595983974696,-0.6111340985173669,-0.23441591314402643,0.0029606451623322982,0.26641225455077233,0.5947264287840284,0.0,0.0001420518310470499,-0.012755490334317627,-0.004835600280437494,6.203524332437412e-05,0.00548740542343667,0.0128519958186616,0.0,1.0133091791141964,0.0,0.0,0.3801660831041289,1.7609186918639566,3.598828384421463,0.4378662109375,0.6166359264930779,0.0,0.0,0.7577528671989793,0.9806740183682194,1.148200209957242,0.3475341796875,1.52587890625e-05,0.0,0.0,0.0,0.0,0.0,0.98828125,-1.52587890625e-05,0.0,0.0,0.0,0.0,0.0,0.98828125,-0.007568359375,-0.0234375,-0.015625,-0.0078125,-0.00390625,0.01171875,0.0625,5.582154048512121,4.635771656093617,5.034810962454032,5.504525103018917,6.08124433554808,6.891751501288196,0.0,5.580154048512121,4.633771656093617,5.0328109624540325,5.502525103018917,6.07924433554808,6.889751501288196,0.0,0.0019999999999997797,0.0019999999999997797,0.0019999999999997797,0.0019999999999997797,0.0019999999999997797,0.0019999999999997797,0.0,0.00030668054601093176,0.000252083693664352,0.0002813288518782879,0.0003063626439744506,0.00033042046450308356,0.0003541307421001662,0.0
rastrigin_d4,Rastrigin 4D,broad,H,0.00625,128,4,2,1024,8192,592,0.578125,4736,3452,2040,2700,0.42138671875,0.2490234375,0.32958984375,0.02783203125,0.14892578125,1992,0.2431640625,0.4206081081081081,120,668,0.0031892340800585423,-0.015773073293690487,-0.005284097143256616,0.0031127476616319427,0.009668279654277967,0.02380670405311846,0.0,7.905329453708459e-05,-0.0002930175119197307,-0.00010690284324925444,6.433448347577661e-05,0.0002058963438476717,0.0005572070128458333,0.0,0.0031892340800585423,-0.015773073293690487,-0.005284097143256616,0.0031127476616319427,0.009668279654277967,0.02380670405311846,0.0,7.905329453708459e-05,-0.0002930175119197307,-0.00010690284324925444,6.433448347577661e-05,0.0002058963438476717,0.0005572070128458333,0.0,0.31817053986671806,-0.510613807690774,0.0,0.0,0.6483875194475277,1.799005639325486,0.32958984375,0.017945391835274556,-0.03366578562958325,0.0,0.0,0.03999991068253268,0.105568860166085,0.32958984375,-0.0014862520600069937,-0.42280048503836554,-0.17472846942685294,-0.008840142048939015,0.17381369588223095,0.4302554098459268,0.0,-1.9243866677963234e-05,-0.008910158384512505,-0.0036504602561655223,-0.00018370050955336513,0.0036317773102208534,0.009172105639664207,0.0,0.6275773229281028,0.0,0.0,0.09218452002246025,1.0706505088234997,2.3205387033082943,0.478515625,0.3094067830613846,0.0,0.0,0.38318273859263385,0.48844134850225984,0.5662332149659726,0.357421875,0.0,0.0,0.0,0.0,0.0,0.0,0.984375,0.0,0.0,0.0,0.0,0.0,0.0,1.0,-0.010040283203125,-0.02734375,-0.015625,-0.0078125,-0.00390625,0.011132812499999645,0.0625,5.5911447491163635,4.645118870677145,5.041393195499479,5.519836635956889,6.096893702215867,6.914704859501136,0.0,5.590144749116363,4.644118870677144,5.040393195499479,5.518836635956889,6.095893702215866,6.913704859501135,0.0,0.001000000000000334,0.001000000000000334,0.001000000000000334,0.001000000000000334,0.001000000000000334,0.001000000000000334,0.0,0.00015334027300553397,0.00012604184683223196,0.0001406644259392064,0.00015318132198729334,0.00016521023225161513,0.00017706537105016172,0.0
rastrigin_d4,Rastrigin 4D,broad,H,0.003125,128,4,2,1024,8192,552,0.5390625,4416,3424,1928,2840,0.41796875,0.2353515625,0.3466796875,0.0263671875,0.16845703125,1868,0.22802734375,0.4230072463768116,144,704,0.0009237735775422251,-0.00860683518153813,-0.003321208037640133,0.000858471189825849,0.0041802904962651155,0.011283810962268957,0.0,2.563006152492772e-05,-0.0001598897934118098,-6.686351700788536e-05,1.7929092485130998e-05,8.869636330407158e-05,0.00026410285883229434,0.0,0.0009237735775422251,-0.00860683518153813,-0.003321208037640133,0.000858471189825849,0.0041802904962651155,0.011283810962268957,0.0,2.563006152492772e-05,-0.0001598897934118098,-6.686351700788536e-05,1.7929092485130998e-05,8.869636330407158e-05,0.00026410285883229434,0.0,0.24226866538848402,-0.25889135425679477,0.0,0.0,0.4535166602965326,1.278249027373647,0.3466796875,0.014152031446737656,-0.017009185012518732,0.0,0.0,0.028357774639830417,0.07840656438041564,0.3466796875,-0.0026798761853050346,-0.2978494342528961,-0.1238738106217614,-0.010296635531709342,0.12251380301646009,0.29159694179620743,0.0,-5.0562229518458284e-05,-0.006357040594312336,-0.0025734240403726943,-0.000216550122085413,0.00252654766477476,0.006161441006713464,0.0,0.38728901467713883,0.0,0.0,0.0,0.6562859883583343,1.5236618877702917,0.51513671875,0.14502034928865482,0.0,0.0,0.18998435789169754,0.2454132099082642,0.28375822840543563,0.373046875,0.0,0.0,0.0,0.0,0.0,0.0,1.0,1.52587890625e-05,0.0,0.0,0.0,0.0,0.0,0.99609375,-0.010589599609375,-0.02734375,-0.015625,-0.009765625,-0.00390625,0.011132812499999645,0.0546875,5.595670237929781,4.64502663572731,5.047101746562397,5.5245755568795225,6.106353540289242,6.926631718914323,0.0,5.59517023792978,4.64452663572731,5.046601746562398,5.524075556879523,6.105853540289242,6.926131718914323,0.0,0.0004999999999997229,0.0004999999999997229,0.0004999999999997229,0.0004999999999997229,0.0004999999999997229,0.0004999999999997229,0.0,7.667013650269888e-05,6.302092341606001e-05,7.033221296954076e-05,7.659066099357863e-05,8.26051161257342e-05,8.853268552500223e-05,0.0
rastrigin_d4,Rastrigin 4D,broad,H,0.0015625,128,4,2,1024,8192,536,0.5234375,4288,3340,1896,2956,0.40771484375,0.2314453125,0.36083984375,0.015625,0.18896484375,1752,0.2138671875,0.4085820895522388,92,796,0.0002938524578260382,-0.004483798066416611,-0.0018273347586141853,0.00025440345767790973,0.0019263279230372632,0.005486605829432989,0.0,9.334109996818229e-06,-8.329583771714616e-05,-3.6714723440762795e-05,5.313470218960569e-06,4.0780302472472415e-05,0.0001284165686295592,0.0,0.0002938524578260382,-0.004483798066416611,-0.0018273347586141853,0.00025440345767790973,0.0019263279230372632,0.005486605829432989,0.0,9.334109996818229e-06,-8.329583771714616e-05,-3.6714723440762795e-05,5.313470218960569e-06,4.0780302472472415e-05,0.0001284165686295592,0.0,0.1795252295873311,-0.12970379795143216,0.0,0.0,0.317832224254039,0.9326201098038496,0.36083984375,0.010631349901944243,-0.008601428155726058,0.0,0.0,0.019305681174949182,0.0561301616617457,0.36083984375,-0.0027767764428765426,-0.21381226914820672,-0.08752716760993806,-0.006905797738610886,0.08493527027715686,0.20826878686163752,0.0,-5.5284522075695705e-05,-0.004523017773701299,-0.0018276547496885523,-0.00016101693590014204,0.0017342948650738346,0.004352688328791691,0.0,0.2565970223469473,0.0,0.0,0.0,0.4237745042539247,1.0435872668408361,0.5498046875,0.07707179275961623,0.0,0.0,0.09533709124387357,0.12300255332703003,0.1420374242273148,0.37646484375,0.0,0.0,0.0,0.0,0.0,0.0,1.0,0.0,0.0,0.0,0.0,0.0,0.0,1.0,-0.0121002197265625,-0.02734375,-0.015625,-0.01171875,-0.0078125,0.00390625,0.02734375,5.5979405146759085,4.6449876355805335,5.049999324352722,5.526391537529863,6.108011170630773,6.9326054708379505,0.0,5.597690514675908,4.644737635580533,5.049749324352723,5.526141537529862,6.107761170630773,6.93235547083795,0.0,0.00025000000000030553,0.00025000000000030553,0.00025000000000030553,0.00025000000000030553,0.00025000000000030553,0.00025000000000030553,0.0,3.833506825141754e-05,3.151046170808598e-05,3.516610648483284e-05,3.8295330496857344e-05,4.130255806294047e-05,4.4266342762579746e-05,0.0
rastrigin_d4,Rastrigin 4D,broad,H,0.00078125,128,4,2,1024,8192,536,0.5234375,4288,3248,1908,3036,0.396484375,0.23291015625,0.37060546875,0.01416015625,0.2021484375,1696,0.20703125,0.39552238805970147,96,868,0.00010487845981513311,-0.0022870311302131798,-0.0009553784256546294,8.345062275338933e-05,0.0009221665133480883,0.0027044274596288885,0.0,3.796003836805628e-06,-4.248634105606443e-05,-1.917861168023041e-05,1.74306652147825e-06,1.9522340806559565e-05,6.329838615525048e-05,0.0,0.00010487845981513311,-0.0022870311302131798,-0.0009553784256546294,8.345062275338933e-05,0.0009221665133480883,0.0027044274596288885,0.0,3.796003836805628e-06,-4.248634105606443e-05,-1.917861168023041e-05,1.74306652147825e-06,1.9522340806559565e-05,6.329838615525048e-05,0.0,0.1287557726340477,-0.06606110832768763,0.0,0.0,0.21610994263858885,0.6579915092888236,0.37060546875,0.007736921088509005,-0.00439772048215898,0.0,0.0,0.012539469481577033,0.04049134079063421,0.37060546875,-0.0022907524581645793,-0.1525648067778249,-0.06274919282442681,-0.0055042427604234945,0.06037979321303055,0.14638348788430733,0.0,-4.6101670973953656e-05,-0.003208623670727518,-0.0012847630357365352,-0.00011643227502256157,0.00125064654251496,0.003081292685242604,0.0,0.16420526249271516,0.0,0.0,0.0,0.269267655118834,0.7035367936803816,0.57275390625,0.035449489858667464,0.0,0.0,0.04775448310793706,0.06134174854791041,0.07105802756015223,0.384765625,0.0,0.0,0.0,0.0,0.0,0.0,1.0,0.0,0.0,0.0,0.0,0.0,0.0,1.0,-0.011932373046875,-0.0234375,-0.015625,-0.01171875,-0.0078125,0.0,0.03515625,5.599077535846014,4.646038496444707,5.051449986879714,5.527302100389679,6.108566203929118,6.9335464121292745,0.0,5.598952535846015,4.645913496444707,5.051324986879714,5.527177100389679,6.108441203929118,6.933421412129275,0.0,0.00012499999999970868,0.00012499999999970868,0.00012499999999970868,0.00012499999999970868,0.00012499999999970868,0.00012499999999970868,0.0,1.9167534125640677e-05,1.5755230853987017e-05,1.7583053242353954e-05,1.914766524836065e-05,2.0651279031396868e-05,2.213317138121124e-05,0.0
rastrigin_d4,Rastrigin 4D,clustered,H,0.1,128,4,2,1024,8192,1024,1.0,8192,125,8042,25,0.0152587890625,0.981689453125,0.0030517578125,0.0,0.1943359375,125,0.0152587890625,0.0152587890625,0,1592,2.8785828595282474,2.8115387188232384,2.857815788850524,2.881289329302399,2.9052503278532535,2.930321428978573,0.0,0.23594950704116016,0.2040829990504176,0.224189933877894,0.23727010179823943,0.24647510895796537,0.26571736773635773,0.0,2.8785828595282474,2.8115387188232384,2.857815788850524,2.881289329302399,2.9052503278532535,2.930321428978573,0.0,0.23594950704116016,0.2040829990504176,0.224189933877894,0.23727010179823943,0.24647510895796537,0.26571736773635773,0.0,-1.0387512533613172,-3.7959325815011815,-1.3067256724041556,-0.5743433102655517,-0.2971853638085129,-0.08905548320715982,0.0030517578125,-0.1750270688723738,-0.6425994964174719,-0.2217648327707324,-0.09649949932395008,-0.05119269632125508,-0.016628196884516392,0.0030517578125,2.86713714059612,1.9785801948520092,2.479563259366948,2.867761397474342,3.2385339880170037,3.8019516448604107,0.0,0.23495469812336284,0.15674251897768415,0.20131720891609092,0.23439763173252012,0.26767511417155454,0.317300207371589,0.0,1.3369226700630057,0.0,0.13235058178694725,0.7384555437172766,2.1999033486575477,4.283699372463996,0.1973876953125,2.3756739234243227,0.24387690331814138,0.6724112996820542,1.5332120116882884,4.386964291252141,5.547394590343488,0.0030517578125,0.028461456298828125,-0.09707031249999998,-0.03515625,0.01171875,0.08203125,0.1796875,0.033203125,-0.2675743103027344,-0.46875,-0.36328125,-0.283203125,-0.16015625,-0.04296875,0.0126953125,-0.3248291015625,-0.49609375,-0.390625,-0.3359375,-0.2578125,-0.1640625,0.0,3.787816493193625,3.44508068348791,3.702284495895029,3.807800966061117,3.9372781737536173,4.034113186318752,0.0,3.771816493193624,3.42908068348791,3.686284495895029,3.791800966061117,3.9212781737536173,4.018113186318752,0.0,0.016000000000000007,0.016000000000000014,0.016000000000000014,0.016000000000000014,0.016000000000000014,0.016000000000000014,0.0,0.003255847253090173,0.0031271578790176406,0.003164596764695011,0.003226770056314935,0.0032962942519033367,0.003484343655231183,0.0
rastrigin_d4,Rastrigin 4D,clustered,H,0.05,128,4,2,1024,8192,1024,1.0,8192,1356,6617,219,0.16552734375,0.8077392578125,0.0267333984375,0.0081787109375,0.1856689453125,1356,0.16552734375,0.16552734375,67,1521,1.388374078213159,1.341769830119067,1.3734503639384634,1.3908174494487078,1.4052908221432394,1.4257381129079674,0.0,0.11384821522019606,0.09740167909037913,0.10772232727287104,0.11462012907477435,0.11916338750973726,0.1292285482732719,0.0,1.388374078213159,1.341769830119067,1.3734503639384634,1.3908174494487078,1.4052908221432394,1.4257381129079674,0.0,0.11384821522019606,0.09740167909037913,0.10772232727287104,0.11462012907477435,0.11916338750973726,0.1292285482732719,0.0,-0.4594363345925447,-2.1107774511129556,-0.5914468856146269,-0.3061721381604796,-0.08526547604631052,0.4086982556238965,0.0267333984375,-0.07867456261170784,-0.36381306023630805,-0.10132073865227363,-0.05321909761090572,-0.01454784567244662,0.06174149398118793,0.0267333984375,1.378547682546298,0.6245155291627853,1.0895569371033265,1.3768533885651113,1.6722029676193948,2.1069000322332236,0.0,0.11308493416153134,0.050368537625322646,0.08881766578550859,0.1132911898576078,0.13815857262386658,0.17387995474693854,0.0,1.069228100976237,0.0,0.06512501289928174,0.5359010537401216,1.562149587369205,4.031847801173351,0.21240234375,1.5286644355687817,0.10903408818247717,0.5259113727185025,0.8907526522310434,1.7239162050774137,4.744520303277315,0.034912109375,0.7130165100097656,0.59765625,0.69140625,0.73828125,0.78515625,0.8431640624999996,0.0,0.0418548583984375,-0.0078125,0.0078125,0.02734375,0.0703125,0.14453125,0.0849609375,-0.09790420532226562,-0.1875,-0.12890625,-0.09765625,-0.0625,-0.01953125,0.0107421875,3.851978204047805,3.5055557819607603,3.7790434217828768,3.8914491336453247,3.969112003000247,4.067857760800734,0.0,3.843978204047805,3.4975557819607603,3.7710434217828768,3.8834491336453247,3.961112003000247,4.059857760800734,0.0,0.008000000000000004,0.008000000000000007,0.008000000000000007,0.008000000000000007,0.008000000000000007,0.008000000000000007,0.0,0.001627923626545087,0.0015635789395088203,0.0015822983823475054,0.0016133850281574674,0.0016481471259516683,0.0017421718276155916,0.0
rastrigin_d4,Rastrigin 4D,clustered,H,0.025,128,4,2,1024,8192,1024,1.0,8192,2855,4671,666,0.3485107421875,0.5701904296875,0.081298828125,0.0396728515625,0.194091796875,2855,0.3485107421875,0.3485107421875,325,1590,0.6747768446643466,0.6485183919601176,0.6664883562819166,0.6758702064412763,0.6838065760269068,0.6958673503129421,0.0,0.05534472233219885,0.04707326703277014,0.05226349737595842,0.05577668618806768,0.05804793736727237,0.06313896396594977,0.0,0.6747768446643466,0.6485183919601176,0.6664883562819166,0.6758702064412763,0.6838065760269068,0.6958673503129421,0.0,0.05534472233219885,0.04707326703277014,0.05226349737595842,0.05577668618806768,0.05804793736727237,0.06313896396594977,0.0,-0.08062484699334937,-0.8280329753477123,-0.298644285272899,-0.06363143865145826,0.12903704300720964,0.7033819630806653,0.081298828125,-0.016052366143749143,-0.1383583850663555,-0.05218133234377084,-0.011277519774238782,0.020606199143948095,0.10731602495613526,0.081298828125,0.6605124312305812,0.08514868192947311,0.431328115462966,0.6589581268609841,0.8948475724783722,1.2327074575163284,0.0,0.054227623286844634,0.006567664120145706,0.03467340721502246,0.05357003921475027,0.07349869659132743,0.10142737964407081,0.0,0.7257946820330936,0.0,0.0,0.3507643276141832,0.9081876861510665,3.376463794618613,0.275390625,0.8064195290264431,0.0,0.24248434962752086,0.4749895166578346,0.7662403274853364,3.799446588996342,0.1209716796875,0.4645118713378906,0.296875,0.390625,0.46875,0.53125,0.61328125,0.0,0.026485443115234375,0.0,0.0078125,0.01953125,0.04296875,0.07753906249999964,0.0986328125,-0.034099578857421875,-0.09707031249999998,-0.0546875,-0.02734375,-0.01171875,0.015625,0.0341796875,3.8859904481003973,3.543917874543464,3.815888724343604,3.9260770246985928,4.012087794650157,4.087656132114519,0.0,3.8819904481003973,3.539917874543464,3.8118887243436044,3.9220770246985928,4.008087794650158,4.08365613211452,0.0,0.003999999999999877,0.0039999999999995595,0.0039999999999995595,0.0040000000000000036,0.0040000000000000036,0.0040000000000000036,0.0,0.000813961813272519,0.0007817894697543233,0.0007911491911736867,0.0008066925140787337,0.0008240735629758342,0.0008710859138077958,0.0
rastrigin_d4,Rastrigin 4D,clustered,H,0.0125,128,4,2,1024,8192,1024,1.0,8192,3567,3361,1264,0.4354248046875,0.4102783203125,0.154296875,0.0679931640625,0.188232421875,3567,0.4354248046875,0.4354248046875,557,1542,0.33173624314491656,0.31792905327237264,0.3273813530219014,0.33247311534617374,0.3364858228139713,0.3428862775500569,0.0,0.027211928070363198,0.023074689290312738,0.025678568734309355,0.02743873189244781,0.028558576996201315,0.031120142370205137,0.0,0.33173624314491656,0.31792905327237264,0.3273813530219014,0.33247311534617374,0.3364858228139713,0.3428862775500569,0.0,0.027211928070363198,0.023074689290312738,0.025678568734309355,0.02743873189244781,0.028558576996201315,0.031120142370205137,0.0,0.05020914611607506,-0.35762443955677625,-0.1394969317587238,0.0,0.19601569896623872,0.7041439303306767,0.154296875,0.00636068479256247,-0.05703128892804278,-0.024944206557213217,0.0,0.032682695141162864,0.10437670305186139,0.154296875,0.32365912624519466,-0.10715828572955743,0.1528551871272148,0.3266942810632596,0.49789988125016427,0.7210290914455708,0.0,0.02659753488154849,-0.009413123628880084,0.01251215242200154,0.027058544245381302,0.04070702174754476,0.06046387558681496,0.0,0.4281271428415171,0.0,0.0,0.18484460283370785,0.5401619341426853,1.7228058122774792,0.342529296875,0.3779179967254421,0.0,0.08005233454785454,0.2340873539949504,0.3549264215837429,1.7078756434086808,0.2222900390625,0.13155746459960938,0.0390625,0.078125,0.12109375,0.1640625,0.2666015624999982,0.0,0.006984710693359375,0.0,0.0,0.00390625,0.01171875,0.0234375,0.318359375,-0.017765045166015625,-0.05859375,-0.03125,-0.015625,-0.00390625,0.01953125,0.064453125,3.903478851054957,3.567785321177161,3.839441262770294,3.9417250354264635,4.032756363654409,4.102694364666619,0.0,3.901478851054957,3.5657853211771613,3.837441262770294,3.9397250354264637,4.030756363654409,4.100694364666619,0.0,0.0019999999999997797,0.0019999999999997797,0.0019999999999997797,0.0019999999999997797,0.0019999999999997797,0.0019999999999997797,0.0,0.00040698090663622663,0.00039089473487716165,0.0003955745955868324,0.0004033462570393221,0.00041203678148787133,0.00043554295690384953,0.0
rastrigin_d4,Rastrigin 4D,clustered,H,0.00625,128,4,2,1024,8192,1024,1.0,8192,3779,2619,1794,0.4613037109375,0.3197021484375,0.218994140625,0.066162109375,0.1912841796875,3779,0.4613037109375,0.4613037109375,542,1567,0.16435801158127245,0.15730613730934814,0.16215914176477897,0.16472230379078923,0.16675853430937915,0.1701350533752941,0.0,0.013482892615421908,0.011415183643287686,0.012715152584611242,0.01359429927147725,0.01415390493014606,0.015435301223804224,0.0,0.16435801158127245,0.15730613730934814,0.16215914176477897,0.16472230379078923,0.16675853430937915,0.1701350533752941,0.0,0.013482892615421908,0.011415183643287686,0.012715152584611242,0.01359429927147725,0.01415390493014606,0.015435301223804224,0.0,0.08202882575332378,-0.18438338863682205,-0.050509376364185954,0.0,0.1863069404126687,0.560283376055394,0.218994140625,0.012410308543280502,-0.029217805340445,-0.009226162907180278,0.0,0.0309918756698941,0.08809930334096845,0.218994140625,0.15966701393054228,-0.15051671137246103,0.03649788261090414,0.16257235803211678,0.28853680601670506,0.4616232775342599,0.0,0.013134532580017901,-0.012427502381322777,0.0029899943600975552,0.01338834800449099,0.02366124807868224,0.03774234920913946,0.0,0.26165729047968744,0.0,0.0,0.08517971375584832,0.3310914112707133,0.9156272723704655,0.4102783203125,0.17962846472636368,0.0,0.0,0.11919450567761469,0.17099180842507877,0.2563983910771048,0.28515625,0.008892059326171875,0.0,0.0,0.00390625,0.01171875,0.04296875,0.3818359375,0.000263214111328125,0.0,0.0,0.0,0.0,0.00390625,0.8740234375,-0.013729095458984375,-0.046875,-0.0234375,-0.015625,-0.00390625,0.015625,0.0751953125,3.9123435528228088,3.5798380956936904,3.8455535375550056,3.945726924688948,4.046094206767184,4.111077752106549,0.0,3.911343552822809,3.5788380956936905,3.8445535375550057,3.9447269246889487,4.045094206767184,4.110077752106549,0.0,0.0010000000000000451,0.0009999999999998899,0.0009999999999998899,0.0009999999999998899,0.001000000000000334,0.001000000000000334,0.0,0.0002034904533181439,0.00019544736743866761,0.00019778729779350404,0.00020167312851966104,0.00020601839074393567,0.00021777147845192477,0.0
rastrigin_d4,Rastrigin 4D,clustered,H,0.003125,128,4,2,1024,8192,1024,1.0,8192,3735,2320,2137,0.4559326171875,0.283203125,0.2608642578125,0.0587158203125,0.199462890625,3735,0.4559326171875,0.4559326171875,481,1634,0.08178954596792576,0.0782260032642208,0.08068591560117921,0.08197322047465239,0.0830080936894797,0.08472742593053607,0.0,0.006709699424161506,0.005676231377704205,0.0063256211731345015,0.006764910829985283,0.007044920942122529,0.007685287202935753,0.0,0.08178954596792576,0.0782260032642208,0.08068591560117921,0.08197322047465239,0.0830080936894797,0.08472742593053607,0.0,0.006709699424161506,0.005676231377704205,0.0063256211731345015,0.006764910829985283,0.007044920942122529,0.007685287202935753,0.0,0.07230193968417852,-0.09672506132609371,-0.023566073183382663,0.0,0.13978191226296488,0.4498996523611902,0.2608642578125,0.011377635910242573,-0.015432496672604799,-0.0040969111180093505,0.0,0.02332610909701362,0.06792358294595723,0.2608642578125,0.07810567531711714,-0.14380690110655436,-0.009320430058451734,0.08181485359205709,0.16958140969756208,0.29474144516544953,0.0,0.0064319138234017045,-0.011642618187629282,-0.0007888785952086169,0.006636300853798498,0.013802342461010494,0.024268704564523493,0.0,0.16711205246738725,0.0,0.0,0.02877767607733528,0.2126146875900261,0.5892996383160805,0.4603271484375,0.09481011278320875,0.0,0.0,0.057693879059242725,0.08484723542720918,0.12314864102637291,0.319580078125,0.0001068115234375,0.0,0.0,0.0,0.0,0.0,0.97265625,-3.814697265625e-06,0.0,0.0,0.0,0.0,0.0,0.9775390625,-0.012752532958984375,-0.03847656249999998,-0.01953125,-0.01171875,-0.00390625,0.011132812499999645,0.1015625,3.916806020093804,3.5858942492406407,3.848699547502883,3.952491166222585,4.0520685168942965,4.113564276926981,0.0,3.916306020093804,3.5853942492406405,3.8481995475028823,3.9519911662225846,4.051568516894297,4.113064276926981,0.0,0.0005000000000000065,0.0004999999999997229,0.0004999999999997229,0.000500000000000167,0.000500000000000167,0.000500000000000167,0.0,0.00010174522665907027,9.772368371924702e-05,9.889364889666419e-05,0.0001008365642598753,0.00010300919537201359,0.00010888573922601074,0.0
rastrigin_d4,Rastrigin 4D,clustered,H,0.0015625,128,4,2,1024,8192,1024,1.0,8192,3713,2112,2367,0.4532470703125,0.2578125,0.2889404296875,0.05859375,0.2064208984375,3713,0.4532470703125,0.4532470703125,480,1691,0.040795929659789794,0.03900461748540955,0.040240392482502774,0.04088970688820304,0.04140878557377725,0.04227237020194537,0.0,0.0033467916863381755,0.002830173978594862,0.0031547075362023287,0.0033742758391775247,0.0035143458557447545,0.003834407402544849,0.0,0.040795929659789794,0.03900461748540955,0.040240392482502774,0.04088970688820304,0.04140878557377725,0.04227237020194537,0.0,0.0033467916863381755,0.002830173978594862,0.0031547075362023287,0.0033742758391775247,0.0035143458557447545,0.003834407402544849,0.0,0.060680922140636584,-0.04959447169415032,-0.008080390973155493,0.0,0.10506211199366544,0.3297001222297755,0.2889404296875,0.009718082376739826,-0.007862810487483505,-0.0014426614812615105,0.0,0.018136933264451843,0.052197448406638425,0.2889404296875,0.0383008124740306,-0.1220850955423991,-0.024457457611724465,0.040139652352470634,0.1047861327824271,0.19324383667273892,0.0,0.003156908307540974,-0.010061083725550306,-0.002025944487246236,0.0033006989843183043,0.008534336590445647,0.01587252393456815,0.0,0.10196971679282968,0.0,0.0,0.004625270654916136,0.14698679318673236,0.3932242104607421,0.495361328125,0.0412887946521931,0.0,0.0,0.028849021263804175,0.04207990872749612,0.061284271513319055,0.3475341796875,3.814697265625e-06,0.0,0.0,0.0,0.0,0.0,0.9853515625,4.57763671875e-05,0.0,0.0,0.0,0.0,0.0,0.98828125,-0.0118560791015625,-0.03125,-0.01953125,-0.01171875,-0.00390625,0.015625,0.05859375,3.919044781744087,3.5889297680214804,3.8513162849874343,3.955844736906553,4.0540086195758995,4.115150469757699,0.0,3.918794781744087,3.5886797680214806,3.851066284987435,3.955594736906553,4.053758619575899,4.114900469757699,0.0,0.0002500000000000245,0.00024999999999986144,0.00024999999999986144,0.00024999999999986144,0.00025000000000030553,0.00025000000000030553,0.0,5.087261332953786e-05,4.8861841859710306e-05,4.944682444841993e-05,5.041828212989287e-05,5.150459768596105e-05,5.4442869612957014e-05,0.0
rastrigin_d4,Rastrigin 4D,clustered,H,0.00078125,128,4,2,1024,8192,1024,1.0,8192,3576,2032,2584,0.4365234375,0.248046875,0.3154296875,0.0498046875,0.20361328125,3576,0.4365234375,0.4365234375,408,1668,0.020373070045215567,0.019475018815246336,0.020094375299450906,0.02042044419815081,0.02068039246664677,0.021113154496874564,0.0,0.0016713662423073876,0.001413088920836802,0.0015753137857108224,0.001685078117873399,0.0017551280007632396,0.0019151265486412221,0.0,0.020373070045215567,0.019475018815246336,0.020094375299450906,0.02042044419815081,0.02068039246664677,0.021113154496874564,0.0,0.0016713662423073876,0.001413088920836802,0.0015753137857108224,0.001685078117873399,0.0017551280007632396,0.0019151265486412221,0.0,0.04604947427857303,-0.02535276689696886,0.0,0.0,0.07671527290372704,0.24982520451559953,0.3154296875,0.007450832779834052,-0.0039508180526336804,0.0,0.0,0.01293683693574886,0.0381144392815006,0.3154296875,0.018205997541700367,-0.0955303782289505,-0.026084792693618297,0.019842727526157233,0.06519748697005179,0.12664957390008524,0.0,0.0015044149013398625,-0.007843353234006008,-0.0021513260226316126,0.0016008198929493074,0.005307770284850546,0.010319137503481304,0.0,0.06988206239067885,0.0,0.0,0.0,0.0957462784534302,0.27399579016530407,0.51904296875,0.02383258811210582,0.0,0.0,0.014542956841270716,0.02115389754872332,0.030753639497165253,0.365234375,0.0,0.0,0.0,0.0,0.0,0.0,1.0,0.0,0.0,0.0,0.0,0.0,0.0,1.0,-0.01123046875,-0.03125,-0.01953125,-0.01171875,-0.0068359375,0.011132812499999645,0.06640625,3.9201660444379143,3.590449387968088,3.8526266662979913,3.957581921814982,4.054972578020526,4.1157602845921994,0.0,3.920041044437914,3.5903243879680877,3.852501666297991,3.9574569218149818,4.054847578020526,4.1156352845922,0.0,0.00012499999999998797,0.00012499999999970868,0.00012499999999970868,0.00012500000000015277,0.00012500000000015277,0.00012500000000015277,0.0,2.5436306664765588e-05,2.4430920929768356e-05,2.472341222412213e-05,2.5209141064991213e-05,2.575229884302627e-05,2.7221434806526862e-05,0.0
rosenbrock_d4,Rosenbrock 4D,broad,H,0.1,128,4,2,1024,8192,1024,1.0,8192,3706,2543,1943,0.452392578125,0.3104248046875,0.2371826171875,0.0228271484375,0.039794921875,3706,0.452392578125,0.452392578125,187,326,0.13241747081560867,0.10321806630375167,0.11746083564985099,0.13148600205135708,0.14493098906807234,0.1673300721285734,0.0,0.0038898329790229324,0.0028208172456199304,0.0033719141316811557,0.0038365273145965144,0.004260892314117042,0.005183828338168662,0.0,0.13241747081560867,0.10321806630375167,0.11746083564985099,0.13148600205135708,0.14493098906807234,0.1673300721285734,0.0,0.0038898329790229324,0.0028208172456199304,0.0033719141316811557,0.0038365273145965144,0.004260892314117042,0.005183828338168662,0.0,0.019594547136975296,-0.13355148365541547,-0.017752536329801574,0.0,0.05486686440650068,0.20715456574837376,0.2371826171875,0.008650052969162273,-0.07226001334288487,-0.01100690770006918,0.0,0.03359696941034132,0.09660989600233713,0.2371826171875,0.1261999393848833,-0.9906116686419679,-0.2925381113858263,0.10570529124939654,0.52874928715989,1.348928193555622,0.0,0.003982085469924472,-0.02619130059535626,-0.008429217996028675,0.003233602414170694,0.015852568183883906,0.03662435575333874,0.0,0.2105678420572028,0.0,0.0,0.13194199301210646,0.2760347540528116,0.772329747957733,0.2769775390625,0.19097329492022752,0.0,0.0,0.1345006631064693,0.2279710399446757,0.6351680223049875,0.260009765625,-0.000186920166015625,-0.00390625,0.0,0.0,0.0,0.00390625,0.763671875,4.9591064453125e-05,-0.00390625,0.0,0.0,0.0,0.00390625,0.849609375,-0.003173828125,-0.0234375,-0.0078125,-0.00390625,0.0,0.015625,0.26171875,5.167900610660501,4.1685592301404775,4.6891341339120824,5.157598170489076,5.605072204786,6.343914638317464,0.0,5.151900610660501,4.1525592301404775,4.673134133912082,5.141598170489076,5.589072204786,6.327914638317464,0.0,0.016000000000000014,0.016000000000000014,0.016000000000000014,0.016000000000000014,0.016000000000000014,0.016000000000000014,0.0,0.00244736874764695,0.0020365860991213734,0.0022696708283863453,0.002436874720520457,0.0026252023400245524,0.0028537762736942566,0.0
rosenbrock_d4,Rosenbrock 4D,broad,H,0.05,128,4,2,1024,8192,1024,1.0,8192,3565,2243,2384,0.4351806640625,0.2738037109375,0.291015625,0.021484375,0.0682373046875,3565,0.4351806640625,0.4351806640625,176,559,0.06915011966191248,0.05389844382904947,0.06154397256705568,0.06839362924484504,0.07586746403239175,0.08719804368984291,0.0,0.0020325737370773533,0.001463936794561517,0.00175601523966732,0.002003816628253086,0.0022105052188754245,0.002704952341309727,0.0,0.06915011966191248,0.05389844382904947,0.06154397256705568,0.06839362924484504,0.07586746403239175,0.08719804368984291,0.0,0.0020325737370773533,0.001463936794561517,0.00175601523966732,0.002003816628253086,0.0022105052188754245,0.002704952341309727,0.0,0.02034259042984858,-0.08380543870735269,-0.0066646533570297595,0.0,0.04501271692778511,0.16327394074293022,0.291015625,0.009458165431569633,-0.048691958340890025,-0.004273745346918652,0.0,0.028453594093266026,0.07925140569125005,0.291015625,0.06372936705386503,-0.7854859229616622,-0.2521553607500664,0.06077619662123368,0.3731486987273982,0.9274461906404314,0.0,0.0019708373796394475,-0.021196247660962248,-0.007309089242992562,0.0018944415680370863,0.010902809439404446,0.02558015986229107,0.0,0.11839412028636004,0.0,0.0,0.052654595170557816,0.1568804634684838,0.4468260412082129,0.3592529296875,0.09805152985651147,0.0,0.0,0.06896201781234401,0.11470040863839681,0.3054183337954155,0.3125,7.62939453125e-06,-0.00390625,0.0,0.0,0.0,0.00390625,0.875,-1.52587890625e-05,0.0,0.0,0.0,0.0,0.0,0.9560546875,-0.00441741943359375,-0.01953125,-0.0078125,-0.00390625,0.0,0.01171875,0.1953125,5.383449809670621,4.378786447542901,4.885249246287362,5.347445127772668,5.814327173135857,6.583303587899107,0.0,5.375449809670621,4.370786447542901,4.877249246287363,5.339445127772668,5.806327173135857,6.575303587899107,0.0,0.008000000000000007,0.008000000000000007,0.008000000000000007,0.008000000000000007,0.008000000000000007,0.008000000000000007,0.0,0.001223684373823475,0.0010182930495606867,0.0011348354141931727,0.0012184373602602285,0.0013126011700122762,0.0014268881368471283,0.0
rosenbrock_d4,Rosenbrock 4D,broad,H,0.025,128,4,2,1024,8192,1024,1.0,8192,3503,2081,2608,0.4276123046875,0.2540283203125,0.318359375,0.0103759765625,0.1107177734375,3503,0.4276123046875,0.4276123046875,85,907,0.03532667106462904,0.027452444437470726,0.03141836657188257,0.03493976651885333,0.03866961738813046,0.04465127986838693,0.0,0.0010386978613885892,0.000746147953109397,0.0008991863737615691,0.0010216233695480833,0.0011260924929979098,0.0013797782892048143,0.0,0.03532667106462904,0.027452444437470726,0.03141836657188257,0.03493976651885333,0.03866961738813046,0.04465127986838693,0.0,0.0010386978613885892,0.000746147953109397,0.0008991863737615691,0.0010216233695480833,0.0011260924929979098,0.0013797782892048143,0.0,0.01796156572363874,-0.05589823409046735,-0.0011649099046547387,0.0,0.03514588973327243,0.12711392414384762,0.318359375,0.008651161924360017,-0.030174727834246476,-0.000679362152130517,0.0,0.021894892110254933,0.06130981707491378,0.318359375,0.027058704288837724,-0.584934853054726,-0.20080038599144956,0.030532322900143072,0.254295504214622,0.6345042862191472,0.0,0.0009097320979649154,-0.015948580020246454,-0.005653358848547683,0.0009357653146302124,0.007544153974897933,0.017417167241228566,0.0,0.06529304402557909,0.0,0.0,0.019648947429531938,0.08865402636167274,0.2480082368767409,0.4290771484375,0.047331478301940344,0.0,0.0,0.03401525851022391,0.05592252690059074,0.14270037476109865,0.3287353515625,-5.7220458984375e-05,0.0,0.0,0.0,0.0,0.0,0.931640625,-2.6702880859375e-05,0.0,0.0,0.0,0.0,0.0,0.9716796875,-0.00887298583984375,-0.0234375,-0.01171875,-0.0078125,-0.00390625,0.0,0.1591796875,5.493807388886018,4.494620265522037,4.992559453008807,5.4594919464469065,5.93908972608666,6.758326405123633,0.0,5.4898073888860175,4.490620265522037,4.988559453008808,5.455491946446907,5.935089726086661,6.754326405123633,0.0,0.0039999999999995595,0.0039999999999995595,0.0039999999999995595,0.0039999999999995595,0.0039999999999995595,0.0039999999999995595,0.0,0.0006118421869116697,0.0005091465247802869,0.0005674177070965233,0.0006092186801300467,0.0006563005850060654,0.0007134440684234849,0.0
rosenbrock_d4,Rosenbrock 4D,broad,H,0.0125,128,4,2,1024,8192,1024,1.0,8192,3325,2038,2829,0.4058837890625,0.248779296875,0.3453369140625,0.0068359375,0.137451171875,3325,0.4058837890625,0.4058837890625,56,1126,0.017853270683168446,0.01385160470229021,0.015858436191938274,0.01765259989498702,0.019510370099883545,0.022544950579581516,0.0,0.0005250137451644319,0.00037732544749514535,0.00045494639046716513,0.0005155475243613535,0.0005686742277332674,0.0006964665255593085,0.0,0.017853270683168446,0.01385160470229021,0.015858436191938274,0.01765259989498702,0.019510370099883545,0.022544950579581516,0.0,0.0005250137451644319,0.00037732544749514535,0.00045494639046716513,0.0005155475243613535,0.0005686742277332674,0.0006964665255593085,0.0,0.014851757892796826,-0.03031645713150939,0.0,0.0,0.025735809178492358,0.09416912347058282,0.3453369140625,0.007204037892050437,-0.01629485060323439,0.0,0.0,0.015812747000832343,0.04556778909080784,0.3453369140625,0.0093451039210047,-0.4329769568035857,-0.15035529688805838,0.007544180091414887,0.1721691414080837,0.44069695294037103,0.0,0.00035895382403298786,-0.011657552183948105,-0.004359547385026379,0.00025649729727159065,0.005152356855251987,0.012536935212155735,0.0,0.04007647160940456,0.0,0.0,0.0032421135312985516,0.05277456943320524,0.1580433983524876,0.4827880859375,0.025224713716607734,0.0,0.0,0.015288084175000938,0.028426231584984807,0.06706486364465802,0.3521728515625,-1.9073486328125e-05,0.0,0.0,0.0,0.0,0.0,0.9853515625,-1.1444091796875e-05,0.0,0.0,0.0,0.0,0.0,0.9892578125,-0.009899139404296875,-0.0234375,-0.015625,-0.0078125,-0.00390625,0.0,0.0927734375,5.549632675957847,4.547897020727961,5.040078548243764,5.5170667374718985,5.9887276113798515,6.80937844368676,0.0,5.547632675957847,4.545897020727962,5.038078548243764,5.5150667374719,5.986727611379852,6.80737844368676,0.0,0.0019999999999997797,0.0019999999999997797,0.0019999999999997797,0.0019999999999997797,0.0019999999999997797,0.0019999999999997797,0.0,0.00030592109345583483,0.00025457326239014343,0.00028370885354826167,0.00030460934006502335,0.0003281502925030327,0.00035672203421174245,0.0
rosenbrock_d4,Rosenbrock 4D,broad,H,0.00625,128,4,2,1024,8192,1024,1.0,8192,3294,1978,2920,0.402099609375,0.241455078125,0.3564453125,0.007568359375,0.1636962890625,3294,0.402099609375,0.402099609375,62,1341,0.008974373116854709,0.006969784840937976,0.007970295415561601,0.008871966056155145,0.009810738712154432,0.011322676973873411,0.0,0.0002639308331406954,0.00018973098061596832,0.00022881878707889695,0.00025906998983025217,0.0002857514508893932,0.00034994881775728674,0.0,0.008974373116854709,0.006969784840937976,0.007970295415561601,0.008871966056155145,0.009810738712154432,0.011322676973873411,0.0,0.0002639308331406954,0.00018973098061596832,0.00022881878707889695,0.00025906998983025217,0.0002857514508893932,0.00034994881775728674,0.0,0.01150922429455913,-0.01673263230302302,0.0,0.0,0.01714140438667,0.06736711585360888,0.3564453125,0.0056778167962054015,-0.00868848913013184,0.0,0.0,0.0112168449483126,0.03239756949064104,0.3564453125,0.00223465099722428,-0.314775313427635,-0.1106237434883468,0.0004014043065190265,0.1173402441091671,0.3212200988422502,0.0,0.00011843742374743963,-0.008311223672286747,-0.0032108504063801313,8.740987418308247e-06,0.0033940238439043604,0.008690713508640816,0.0,0.024825768818187263,0.0,0.0,0.0,0.03039136431804268,0.09117814273681768,0.5201416015625,0.013316544523628134,0.0,0.0,0.007665997252742557,0.014086427453271266,0.03191520601772235,0.364013671875,0.0,0.0,0.0,0.0,0.0,0.0,1.0,0.0,0.0,0.0,0.0,0.0,0.0,1.0,-0.010822296142578125,-0.02734375,-0.015625,-0.0078125,-0.0068359375,0.0,0.06640625,5.577707030755137,4.578441400074309,5.063773700803117,5.537810928098484,6.019938400144344,6.832791814435122,0.0,5.576707030755137,4.577441400074309,5.062773700803117,5.536810928098484,6.018938400144343,6.831791814435122,0.0,0.001000000000000334,0.001000000000000334,0.001000000000000334,0.001000000000000334,0.001000000000000334,0.001000000000000334,0.0,0.00015296054672798537,0.00012728663119512823,0.00014185442677419383,0.0001523046700325793,0.0001640751462515892,0.00017836101710595045,0.0
rosenbrock_d4,Rosenbrock 4D,broad,H,0.003125,128,4,2,1024,8192,1024,1.0,8192,3276,1962,2954,0.39990234375,0.239501953125,0.360595703125,0.00634765625,0.180908203125,3276,0.39990234375,0.39990234375,52,1482,0.00449915274708587,0.003495953386715911,0.003996491323724705,0.004447697896132752,0.004920128588986827,0.005673916087593155,0.0,0.00013232237623887646,9.513322833935378e-05,0.00011474670137872585,0.00012988268734292796,0.0001432302263300442,0.00017540446079629128,0.0,0.00449915274708587,0.003495953386715911,0.003996491323724705,0.004447697896132752,0.004920128588986827,0.005673916087593155,0.0,0.00013232237623887646,9.513322833935378e-05,0.00011474670137872585,0.00012988268734292796,0.0001432302263300442,0.00017540446079629128,0.0,0.008689201809818584,-0.008764526136396,0.0,0.0,0.012343033560368977,0.045936502500761645,0.360595703125,0.004283396831924706,-0.004632693916565182,0.0,0.0,0.007703937785967055,0.023072594442981258,0.360595703125,0.0007965712446456816,-0.22489646709831135,-0.08073565210305489,-0.0019064230111958125,0.08266945744544785,0.22732315934225092,0.0,5.778579817333747e-05,-0.00583795720625887,-0.0023410335486119182,-7.106499809306544e-05,0.002403073918644805,0.006316786500097294,0.0,0.016565770239246734,0.0,0.0,0.0,0.019157669761658558,0.0597921425475767,0.54150390625,0.007876568429428146,0.0,0.0,0.0038754761499266155,0.00705203426861245,0.016010929576850463,0.366943359375,1.52587890625e-05,0.0,0.0,0.0,0.0,0.0,0.99609375,0.0,0.0,0.0,0.0,0.0,0.0,1.0,-0.01143646240234375,-0.02734375,-0.015625,-0.01171875,-0.0078125,0.0,0.046875,5.591784646389833,4.592634867491588,5.079214002626195,5.551790681291459,6.036644148079005,6.844528280312111,0.0,5.591284646389833,4.5921348674915885,5.078714002626195,5.5512906812914595,6.036144148079005,6.844028280312111,0.0,0.0004999999999997229,0.0004999999999997229,0.0004999999999997229,0.0004999999999997229,0.0004999999999997229,0.0004999999999997229,0.0,7.648027336392474e-05,6.364331559750759e-05,7.092721338703392e-05,7.615233501622202e-05,8.203757312572173e-05,8.918050855289601e-05,0.0
rosenbrock_d4,Rosenbrock 4D,broad,H,0.0015625,128,4,2,1024,8192,1024,1.0,8192,3312,1922,2958,0.404296875,0.234619140625,0.361083984375,0.0048828125,0.193115234375,3312,0.404296875,0.404296875,40,1582,0.0022525718885829885,0.0017507463012487179,0.0020013236269180723,0.0022267814287424414,0.002463152836025273,0.0028401058409606604,0.0,6.625054922199764e-05,4.7633632914077006e-05,5.745779128990544e-05,6.502842635964636e-05,7.170385289632323e-05,8.780988877853448e-05,0.0,0.0022525718885829885,0.0017507463012487179,0.0020013236269180723,0.0022267814287424414,0.002463152836025273,0.0028401058409606604,0.0,6.625054922199764e-05,4.7633632914077006e-05,5.745779128990544e-05,6.502842635964636e-05,7.170385289632323e-05,8.780988877853448e-05,0.0,0.006438536932642287,-0.004513790069347712,0.0,0.0,0.008800045804631895,0.03283183992559624,0.361083984375,0.0032055199053465143,-0.002400199955279124,0.0,0.0,0.005530755098335688,0.016546098203906814,0.361083984375,-0.0005118865423899854,-0.1599020780400764,-0.05811433700256785,-0.0017902899401489591,0.057389204613460976,0.16323064471431792,0.0,1.1744824114215526e-05,-0.0042314671848305814,-0.001676486985398012,-5.9722038513826224e-05,0.0016513628105238071,0.004444404483260991,0.0,0.01151740357875265,0.0,0.0,0.0,0.011987917046211521,0.040482967219728216,0.55419921875,0.005078866646110363,0.0,0.0,0.001942210207017514,0.0035282224979247268,0.008018820821887873,0.365966796875,0.0,0.0,0.0,0.0,0.0,0.0,1.0,0.0,0.0,0.0,0.0,0.0,0.0,1.0,-0.01229095458984375,-0.026757812499999978,-0.015625,-0.01171875,-0.0078125,0.0,0.0234375,5.598833565041431,4.599616757303674,5.086991499929278,5.558788644952216,6.043210798270261,6.8504039572789575,0.0,5.598583565041431,4.599366757303674,5.0867414999292775,5.5585386449522165,6.04296079827026,6.850153957278957,0.0,0.00025000000000030553,0.00025000000000030553,0.00025000000000030553,0.00025000000000030553,0.00025000000000030553,0.00025000000000030553,0.0,3.8240136682030304e-05,3.182165779881032e-05,3.546360669357996e-05,3.8076167508178646e-05,4.101878656293373e-05,4.4590254276527214e-05,0.0
rosenbrock_d4,Rosenbrock 4D,broad,H,0.00078125,128,4,2,1024,8192,1024,1.0,8192,3320,1914,2958,0.4052734375,0.233642578125,0.361083984375,0.0048828125,0.207275390625,3320,0.4052734375,0.4052734375,40,1698,0.0011270353190194083,0.0008760660984862056,0.0010014318400948241,0.00111412430490887,0.0012322760262684085,0.001420840294351322,0.0,3.314763003440054e-05,2.3833581673719947e-05,2.8750019994101685e-05,3.253599762112319e-05,3.5874125690421276e-05,4.3931877159526346e-05,0.0,0.0011270353190194083,0.0008760660984862056,0.0010014318400948241,0.00111412430490887,0.0012322760262684085,0.001420840294351322,0.0,3.314763003440054e-05,2.3833581673719947e-05,2.8750019994101685e-05,3.253599762112319e-05,3.5874125690421276e-05,4.3931877159526346e-05,0.0,0.004792267236591263,-0.0023083586098262554,0.0,0.0,0.006297288102620424,0.02362112255190929,0.361083984375,0.0023777145948284733,-0.001215042986675026,0.0,0.0,0.0039022090075454376,0.011801536492769575,0.361083984375,-0.0005592902097038398,-0.11342693307845053,-0.041391970782036935,-0.0015862345423407476,0.040893629607225535,0.11516186143127527,0.0,1.5555244039284738e-06,-0.00298863547840243,-0.0012004861306231043,-5.2488548269206866e-05,0.0011775909649819481,0.00313800825573707,0.0,0.008363355660973083,0.0,0.0,0.0,0.007699432590600103,0.027394621958559684,0.568359375,0.003571088424381818,0.0,0.0,0.0009722240785034475,0.0017646626184248948,0.0038815512969061494,0.365966796875,0.0,0.0,0.0,0.0,0.0,0.0,1.0,0.0,0.0,0.0,0.0,0.0,0.0,1.0,-0.01326751708984375,-0.02734375,-0.015625,-0.01171875,-0.0078125,-0.00390625,0.02734375,5.602360552233494,4.603110567314672,5.090883015603514,5.562289881476934,6.04634623997457,6.853343656632238,0.0,5.602235552233495,4.602985567314672,5.090758015603514,5.562164881476935,6.046221239974569,6.853218656632238,0.0,0.00012499999999970868,0.00012499999999970868,0.00012499999999970868,0.00012499999999970868,0.00012499999999970868,0.00012499999999970868,0.0,1.912006834094722e-05,1.5910828899348633e-05,1.7731803346726984e-05,1.9038083754021686e-05,2.0509393281394e-05,2.22951271381844e-05,0.0
rosenbrock_d4,Rosenbrock 4D,clustered,H,0.1,128,4,2,1024,8192,1024,1.0,8192,4701,3311,180,0.5738525390625,0.4041748046875,0.02197265625,0.024658203125,0.0008544921875,4701,0.5738525390625,0.5738525390625,202,7,0.0766413050462221,0.07353845133370562,0.07490972393655793,0.07665441752773816,0.07816299986610109,0.07986538041505749,0.0,0.008661956082661935,0.008242476346479018,0.008470640890791279,0.00866022753170463,0.008862274521178694,0.009107015697367304,0.0,0.0766413050462221,0.07353845133370562,0.07490972393655793,0.07665441752773816,0.07816299986610109,0.07986538041505749,0.0,0.008661956082661935,0.008242476346479018,0.008470640890791279,0.00866022753170463,0.008862274521178694,0.009107015697367304,0.0,0.2145952747928193,-0.19650661339264586,-0.008873049887793805,0.005134040552226882,0.4252403367919221,0.9373460333415058,0.02197265625,0.036797387323757084,-0.03656520796674075,-0.0015676080941609857,0.0009341168899170085,0.07632553101770288,0.15922782750373898,0.02197265625,0.07781894796188538,-0.18588979067042466,-0.0325134481755045,0.07612030232803191,0.18754841649815024,0.3494239675590714,0.0,0.008802540812277637,-0.021284913696103264,-0.0036262568348767103,0.008734410311982289,0.02114220701630604,0.03961301971612991,0.0,2.559227932137054,0.33396212625202804,1.1220145984731826,1.7142751308874309,4.366501556563724,5.293981484181778,0.0228271484375,2.344632657344235,0.06802810334165255,0.9169775400961919,1.123877522707927,4.374649596643111,5.299931644459375,0.046630859375,-0.01644134521484375,-0.07421875,-0.04296875,-0.01953125,0.00390625,0.05859375,0.013671875,0.02327728271484375,-0.03515625,0.00390625,0.0234375,0.04296875,0.08925781249999964,0.0244140625,0.02286529541015625,-0.03847656249999998,0.00390625,0.0234375,0.04296875,0.08203125,0.0283203125,3.4983903945275583,3.0707489061424824,3.4034255328805454,3.5302773343310383,3.653021438276596,3.76268859722577,0.0,3.4823903945275583,3.0547489061424824,3.3874255328805454,3.5142773343310383,3.637021438276596,3.74668859722577,0.0,0.016000000000000014,0.016000000000000014,0.016000000000000014,0.016000000000000014,0.016000000000000014,0.016000000000000014,0.0,0.00328054186699403,0.003142657932324824,0.0031805333630446292,0.0032276576194706615,0.0033264414132385465,0.0036034607406041403,0.0
rosenbrock_d4,Rosenbrock 4D,clustered,H,0.05,128,4,2,1024,8192,1024,1.0,8192,4747,2751,694,0.5794677734375,0.3358154296875,0.084716796875,0.0521240234375,0.020751953125,4747,0.5794677734375,0.5794677734375,427,170,0.040486276928291764,0.039244948231361,0.039927321246636005,0.040447396697171456,0.0409649492733859,0.041752523940411644,0.0,0.004575742298175307,0.004378434248507778,0.004496327640215501,0.004577786098846188,0.004651713805196695,0.0047634384685396654,0.0,0.040486276928291764,0.039244948231361,0.039927321246636005,0.040447396697171456,0.0409649492733859,0.041752523940411644,0.0,0.004575742298175307,0.004378434248507778,0.004496327640215501,0.004577786098846188,0.004651713805196695,0.0047634384685396654,0.0,0.1596202862645983,-0.2678957349481612,-0.005991259975369756,0.00850732391411313,0.34633268980670895,0.7423659148391293,0.084716796875,0.02711857611692231,-0.048775352566370646,-0.001064324348891901,0.0014783510440855576,0.0597215605723844,0.12466365511940274,0.084716796875,0.04184936985447279,-0.16564099948837185,-0.03890991362245133,0.04196325537457213,0.12499832720205362,0.2536018895205556,0.0,0.004731576356794727,-0.01878119309652066,-0.004429267743494774,0.004702861088687087,0.01410315110512905,0.02849890967026711,0.0,1.688505705746461,0.0,0.42349764664814415,0.8349792132536318,3.666276248534904,5.143389893135057,0.10546875,1.5288854194818626,0.0,0.42033409973751423,0.5435161512089985,3.6712612075504927,5.157668100086182,0.1368408203125,0.7434768676757812,0.6328125,0.7265625,0.7734375,0.8125,0.86328125,0.0,0.06946945190429688,0.015625,0.03515625,0.0625,0.09375,0.16015625,0.00390625,0.00922393798828125,-0.0234375,-0.00390625,0.00390625,0.0234375,0.046875,0.0869140625,3.6890619859072076,3.2369743204414245,3.6117680106684635,3.739565285454678,3.8244906262917158,3.915852156584881,0.0,3.681061985907208,3.2289743204414245,3.6037680106684635,3.731565285454678,3.8164906262917158,3.907852156584881,0.0,0.008000000000000007,0.008000000000000007,0.008000000000000007,0.008000000000000007,0.008000000000000007,0.008000000000000007,0.0,0.001640270933497015,0.001571328966162412,0.0015902666815223146,0.0016138288097353307,0.0016632207066192733,0.0018017303703020701,0.0
rosenbrock_d4,Rosenbrock 4D,clustered,H,0.025,128,4,2,1024,8192,1024,1.0,8192,4415,2391,1386,0.5389404296875,0.2918701171875,0.169189453125,0.0579833984375,0.05224609375,4415,0.5389404296875,0.5389404296875,475,428,0.020802109344131348,0.020260237412261482,0.020565921599449144,0.020788805489364126,0.021044499844044218,0.021450062778813356,0.0,0.002351048044886022,0.002256836533506937,0.002316348018474078,0.002349007527828435,0.002387683611045177,0.002439268358536799,0.0,0.020802109344131348,0.020260237412261482,0.020565921599449144,0.020788805489364126,0.021044499844044218,0.021450062778813356,0.0,0.002351048044886022,0.002256836533506937,0.002316348018474078,0.002349007527828435,0.002387683611045177,0.002439268358536799,0.0,0.10531641889942048,-0.24321324435820557,-0.003615942784702897,0.003867973197194452,0.2324448178415759,0.5321834094575082,0.169189453125,0.018034489734504916,-0.04576957003523749,-0.0007052898773905704,0.0006437535382699492,0.039971499614284756,0.09191846474282135,0.169189453125,0.021339530913023288,-0.12761819215719683,-0.0396494114738033,0.020135983793228007,0.08358983007074672,0.17323416813791148,0.0,0.002410839593183556,-0.014381282090327189,-0.004499475008991843,0.0022752173412083376,0.0095031112051172,0.01952565180370692,0.0,1.0310138803453326,0.0,0.04586896416683284,0.3751304985017154,0.7335842797940861,5.038334869621318,0.221435546875,0.9256974614459121,0.0,0.06784525691355014,0.26712994094381504,0.30700433655716974,5.038087741778477,0.2271728515625,0.4680213928222656,0.3046875,0.38671875,0.46484375,0.5400390625,0.64453125,0.0,0.028957366943359375,0.004492187500000022,0.01171875,0.0234375,0.0390625,0.07421875,0.01171875,-0.00048065185546875,-0.02734375,-0.0078125,0.0,0.0078125,0.026757812499999645,0.12890625,3.7870736025524856,3.3438057209859906,3.724783073003845,3.8506251670365255,3.9196012275680157,3.99402768836401,0.0,3.783073602552485,3.3398057209859906,3.720783073003845,3.8466251670365255,3.9156012275680157,3.99002768836401,0.0,0.0039999999999999845,0.0040000000000000036,0.0040000000000000036,0.0040000000000000036,0.0040000000000000036,0.0040000000000000036,0.0,0.0008201354667485038,0.000785664483081132,0.0007951333407611573,0.0008069144048676654,0.0008316103533096366,0.0009008651851510351,0.0
rosenbrock_d4,Rosenbrock 4D,clustered,H,0.0125,128,4,2,1024,8192,1024,1.0,8192,3987,2229,1976,0.4866943359375,0.2720947265625,0.2412109375,0.0404052734375,0.1060791015625,3987,0.4866943359375,0.4866943359375,331,869,0.0105429997740345,0.01027602511436645,0.010435921824448302,0.010532850943780758,0.010654454102492661,0.010848414158106357,0.0,0.0011915672435750062,0.00114478461232887,0.0011754383608322428,0.001192469048648858,0.0012098110849559686,0.001233535892122003,0.0,0.0105429997740345,0.01027602511436645,0.010435921824448302,0.010532850943780758,0.010654454102492661,0.010848414158106357,0.0,0.0011915672435750062,0.00114478461232887,0.0011754383608322428,0.001192469048648858,0.0012098110849559686,0.001233535892122003,0.0,0.07285871527597632,-0.1390213350038696,-0.0017544760435779239,0.0,0.16274461031053633,0.38345125449396367,0.2412109375,0.012535603804842262,-0.024841697624185272,-0.00031503418388665444,0.0,0.028243567241432798,0.06691802706833597,0.2412109375,0.01036335647185048,-0.10031815495937643,-0.035457850541236624,0.0108317731859211,0.05617830425626291,0.12145647707206564,0.0,0.0011694439028805488,-0.011392311778067663,-0.003983187265775147,0.0012185615327628904,0.006380310983491823,0.013765901294181582,0.0,0.5922836215104963,0.0,0.0,0.1581067529771083,0.373836128423104,4.66638022306091,0.3472900390625,0.51942490623452,0.0,0.0,0.13207347153948046,0.15224879756664755,4.666574569648957,0.2816162109375,0.13106155395507812,0.0390625,0.0703125,0.12109375,0.1728515625,0.2890625,0.0,0.00704193115234375,0.0,0.0,0.00390625,0.01171875,0.0234375,0.3271484375,-0.006134033203125,-0.022851562499999978,-0.01171875,-0.0078125,0.0,0.015625,0.146484375,3.8367475296196947,3.3883091030389494,3.769844710640726,3.9078380196134184,3.9762747386366746,4.041174233964826,0.0,3.8347475296196945,3.3863091030389496,3.767844710640726,3.9058380196134186,3.974274738636675,4.039174233964826,0.0,0.001999999999999783,0.0019999999999997797,0.0019999999999997797,0.0019999999999997797,0.0019999999999997797,0.0019999999999997797,0.0,0.0004100677333742089,0.00039283224154055944,0.0003975666703805345,0.0004034572024337879,0.00041580517665477213,0.00045043259257546755,0.0
rosenbrock_d4,Rosenbrock 4D,clustered,H,0.00625,128,4,2,1024,8192,1024,1.0,8192,3666,2201,2325,0.447509765625,0.2686767578125,0.2838134765625,0.0416259765625,0.1524658203125,3666,0.447509765625,0.447509765625,341,1249,0.005307261890251736,0.005179096456228516,0.0052512131163300335,0.005303160355918379,0.005359300929738353,0.0054548167907428,0.0,0.0005998256004019908,0.0005764592107980274,0.0005918712990307452,0.000600618533728484,0.0006086799694477341,0.0006203391322473492,0.0,0.005307261890251736,0.005179096456228516,0.0052512131163300335,0.005303160355918379,0.005359300929738353,0.0054548167907428,0.0,0.0005998256004019908,0.0005764592107980274,0.0005918712990307452,0.000600618533728484,0.0006086799694477341,0.0006203391322473492,0.0,0.05284117077396302,-0.07249082809829233,-0.002491460658971434,0.0,0.11051101924583362,0.27700117403862556,0.2838134765625,0.009174886460111654,-0.012619049735656963,-0.00043728962381180483,0.0,0.019471306571324867,0.04771337919816754,0.2838134765625,0.005484465603577162,-0.07297507054278718,-0.024907255343952883,0.006761642637128862,0.03833227636166159,0.08336747303245673,0.0,0.0006189786552808595,-0.008243163880159634,-0.002832764315157332,0.0007640396634948272,0.004366537067116181,0.009413734245905688,0.0,0.2990987401786702,0.0,0.0,0.04724931254890219,0.20130870163163017,0.5995568438773402,0.436279296875,0.24625756940470717,0.0,0.0,0.06512869673110089,0.07389441394795515,0.08797916398238126,0.325439453125,0.010540008544921875,0.0,0.0,0.00390625,0.01171875,0.05078125,0.3525390625,0.000335693359375,0.0,0.0,0.0,0.0,0.00390625,0.9375,-0.008514404296875,-0.0234375,-0.015625,-0.0078125,-0.00390625,0.01171875,0.0859375,3.861751427872484,3.414281018112854,3.7901736575937353,3.9312130242059347,4.007755401411622,4.066888781041921,0.0,3.8607514278724837,3.413281018112854,3.7891736575937354,3.9302130242059343,4.006755401411621,4.065888781041921,0.0,0.0010000000000000044,0.0009999999999998899,0.0009999999999998899,0.0009999999999998899,0.001000000000000334,0.001000000000000334,0.0,0.00020503386668712674,0.00019641612077036694,0.00019878333519028933,0.00020172860121689395,0.00020790258832738607,0.00022521629628773377,0.0
rosenbrock_d4,Rosenbrock 4D,clustered,H,0.003125,128,4,2,1024,8192,1024,1.0,8192,3558,2074,2560,0.434326171875,0.253173828125,0.3125,0.0341796875,0.17138671875,3558,0.434326171875,0.434326171875,280,1404,0.002662605939076657,0.002598990326745154,0.002634163989109428,0.0026590515452720176,0.0026879863042608143,0.0027361791458682116,0.0,0.00030092719459751913,0.0002893800165460796,0.00029676623987546895,0.000301363850716722,0.0003053929249929792,0.000311401044735859,0.0,0.002662605939076657,0.002598990326745154,0.002634163989109428,0.0026590515452720176,0.0026879863042608143,0.0027361791458682116,0.0,0.00030092719459751913,0.0002893800165460796,0.00029676623987546895,0.000301363850716722,0.0003053929249929792,0.000311401044735859,0.0,0.03897200787739015,-0.03725374032650386,-0.0001830182679745107,0.0,0.07638023186623011,0.19691911542633544,0.3125,0.006814201571839791,-0.006356708504406024,-3.2162794295442077e-05,0.0,0.013533869524218655,0.03438311584005536,0.3125,0.0027261649116902585,-0.05409147260467062,-0.019797669329257417,0.0037021095290574735,0.02634142162819675,0.057994394731681,0.0,0.0003070609352888753,-0.006079715226386459,-0.0022463004153323663,0.00041730581927459074,0.0030046957701278442,0.006582344444547308,0.0,0.1667638452131474,0.0,0.0,0.009884480693410858,0.11789867952107613,0.2707302004160814,0.48388671875,0.12779183733575727,0.0,0.0,0.032251028370962054,0.036895067923184754,0.04201454861795462,0.3466796875,0.000118255615234375,0.0,0.0,0.0,0.0,0.0,0.9521484375,0.0,0.0,0.0,0.0,0.0,0.0,1.0,-0.009979248046875,-0.0234375,-0.015625,-0.01171875,-0.00390625,0.00390625,0.0546875,3.874295099578272,3.4272093944962205,3.799627526940287,3.944222716252585,4.018275692769169,4.0791489516613355,0.0,3.8737950995782717,3.4267093944962204,3.799127526940287,3.9437227162525845,4.017775692769169,4.078648951661336,0.0,0.0005000000000000386,0.0004999999999997229,0.0004999999999997229,0.000500000000000167,0.000500000000000167,0.000500000000000167,0.0,0.00010251693334357223,9.820806038509625e-05,9.939166759508949e-05,0.00010086430060849177,0.0001039512941637392,0.0001126081481439169,0.0
rosenbrock_d4,Rosenbrock 4D,clustered,H,0.0015625,128,4,2,1024,8192,1024,1.0,8192,3392,2076,2724,0.4140625,0.25341796875,0.33251953125,0.0205078125,0.195068359375,3392,0.4140625,0.4140625,168,1598,0.0013335510313789382,0.0013019846728029804,0.0013191258629645652,0.0013314209941683863,0.0013461053366263798,0.0013699712071935542,0.0,0.00015071768355935577,0.0001449831499767857,0.00014859232554653037,0.00015089859740229626,0.00015294529841755361,0.00015598803009067488,0.0,0.0013335510313789382,0.0013019846728029804,0.0013191258629645652,0.0013314209941683863,0.0013461053366263798,0.0013699712071935542,0.0,0.00015071768355935577,0.0001449831499767857,0.00014859232554653037,0.00015089859740229626,0.00015294529841755361,0.00015598803009067488,0.0,0.027558065167358103,-0.019132523894751507,-0.00041852263133890233,0.0,0.049511654852764764,0.13791128155147359,0.33251953125,0.004841113095894495,-0.0031914591018647265,-6.91754729269685e-05,0.0,0.008954025791010314,0.024490006399188604,0.33251953125,0.0014066137038723546,-0.03875150829391316,-0.014314233933041542,0.0021234145023019124,0.017922534595229855,0.04059065852999133,0.0,0.0001584564595085868,-0.004320392401243499,-0.0015991709563631495,0.00024248600067625694,0.0020366776561421465,0.004552367455531705,0.0,0.10568417237354545,0.0,0.0,0.0,0.07021101267114105,0.16797524255425245,0.527587890625,0.07812610720618736,0.0,0.0,0.016128435366798755,0.018452543348092654,0.020826477282335,0.35302734375,-2.288818359375e-05,0.0,0.0,0.0,0.0,0.0,0.98828125,0.0,0.0,0.0,0.0,0.0,0.0,1.0,-0.0123748779296875,-0.02734375,-0.01953125,-0.01171875,-0.0078125,0.00390625,0.03515625,3.8805773647416,3.433687926597476,3.804360486359244,3.9507200398773366,4.024879879516192,4.085737735079869,0.0,3.8803273647416,3.433437926597476,3.804110486359244,3.9504700398773367,4.0246298795161914,4.085487735079869,0.0,0.00024999999999999675,0.00024999999999986144,0.00024999999999986144,0.00024999999999986144,0.00025000000000030553,0.00025000000000030553,0.0,5.125846667178001e-05,4.910403019263535e-05,4.969583379763302e-05,5.0432150304201086e-05,5.1975647081823436e-05,5.630407407190844e-05,0.0
rosenbrock_d4,Rosenbrock 4D,clustered,H,0.00078125,128,4,2,1024,8192,1024,1.0,8192,3284,2068,2840,0.40087890625,0.25244140625,0.3466796875,0.01318359375,0.21826171875,3284,0.40087890625,0.40087890625,108,1788,0.0006673380704256809,0.0006516459090391002,0.0006601379327890733,0.0006662690321750375,0.0006736415755739245,0.0006854822372377888,0.0,7.542242431461643e-05,7.256494657937568e-05,7.435860605232532e-05,7.551361216557917e-05,7.65429373447584e-05,7.805108128961001e-05,0.0,0.0006673380704256809,0.0006516459090391002,0.0006601379327890733,0.0006662690321750375,0.0006736415755739245,0.0006854822372377888,0.0,7.542242431461643e-05,7.256494657937568e-05,7.435860605232532e-05,7.551361216557917e-05,7.65429373447584e-05,7.805108128961001e-05,0.0,0.01964270421144603,-0.00970502050890687,-0.0005219541701775299,0.0,0.03393459326870829,0.09801996984309191,0.3466796875,0.003455123369169881,-0.001601473724613394,-7.99728858302893e-05,0.0,0.006148595576684672,0.017169905401263324,0.3466796875,0.0007392559231054947,-0.02698099252784214,-0.010301791157419471,0.0011810840173058779,0.01236720742675157,0.028572445888391584,0.0,8.290063205035076e-05,-0.0030236340709430625,-0.0011587365201432996,0.00013265579333474314,0.0014122611266109304,0.00319910783244696,0.0,0.06436811847329468,0.0,0.0,0.0,0.043414474314795726,0.11011141202350938,0.56494140625,0.04472541426184867,0.0,0.0,0.00800461948565001,0.009221842269044878,0.010365988516335634,0.35986328125,-1.9073486328125e-05,0.0,0.0,0.0,0.0,0.0,0.9951171875,0.0,0.0,0.0,0.0,0.0,0.0,1.0,-0.0132598876953125,-0.02734375,-0.01953125,-0.015625,-0.0078125,0.0,0.01953125,3.8837211044875417,3.436930780980007,3.807100806869154,3.9539208072018366,4.027741050468587,4.088484098940433,0.0,3.8835961044875416,3.436805780980007,3.806975806869154,3.9537958072018364,4.027616050468588,4.088359098940433,0.0,0.00012500000000001746,0.00012499999999970868,0.00012499999999970868,0.00012500000000015277,0.00012500000000015277,0.00012500000000015277,0.0,2.5629233335895413e-05,2.455201509623045e-05,2.4847916898728236e-05,2.5216075152145338e-05,2.598782354095788e-05,2.815203703600423e-05,0.0
wells_d4,Unequal wells 4D,broad,H,0.1,128,4,2,1024,8192,1024,1.0,8192,3547,2730,1915,0.4329833984375,0.333251953125,0.2337646484375,0.0238037109375,0.063720703125,3547,0.4329833984375,0.4329833984375,195,522,0.03779959971446467,0.02319002163165864,0.030610705960499418,0.03799840770158136,0.043721991088543355,0.054340367784570624,0.0,0.0037511994678455125,0.00270422845673455,0.0033746112445710527,0.003732721518865065,0.004194660005339056,0.004751543763332092,0.0,0.03779959971446467,0.02319002163165864,0.030610705960499418,0.03799840770158136,0.043721991088543355,0.054340367784570624,0.0,0.0037511994678455125,0.00270422845673455,0.0033746112445710527,0.003732721518865065,0.004194660005339056,0.004751543763332092,0.0,0.009429787779279955,-0.09812680230456042,-0.018070051994779956,0.0,0.03768570934211174,0.13506528703577597,0.2337646484375,0.004769127115724374,-0.0582494836084223,-0.01115502947783535,0.0,0.0230821949606153,0.0729929097709677,0.2337646484375,0.031066186854055804,-0.4294800486851056,-0.10235107861694726,0.020257416078412582,0.16088936894916595,0.5086014785137429,0.0,0.003071759151499709,-0.03756025605566413,-0.010568745288375246,0.00242964301398155,0.01662879817292763,0.044733066022916476,0.0,0.12177471920924315,0.0,0.0,0.0809498231072992,0.171863938868696,0.4200294885690813,0.2974853515625,0.1123449314299632,0.0,0.0,0.08758448104496025,0.1418332544616404,0.4099155421573577,0.257568359375,-0.000118255615234375,-0.00390625,0.0,0.0,0.0,0.00390625,0.7724609375,3.814697265625e-06,-0.00390625,0.0,0.0,0.0,0.00390625,0.857421875,-0.0056610107421875,-0.02734375,-0.01171875,-0.00390625,0.0,0.01171875,0.2001953125,5.24907370219952,4.159133470183984,4.699731423786249,5.149871924962874,5.729590645439776,6.4743625606828665,0.0,5.23307370219952,4.143133470183984,4.683731423786249,5.133871924962874,5.713590645439776,6.4583625606828665,0.0,0.016000000000000014,0.016000000000000014,0.016000000000000014,0.016000000000000014,0.016000000000000014,0.016000000000000014,0.0,0.0024262684451274597,0.0020127051291805665,0.002215186419566894,0.002436422867115009,0.0026096840591735356,0.002860960811172131,0.0
wells_d4,Unequal wells 4D,broad,H,0.05,128,4,2,1024,8192,1024,1.0,8192,3486,2396,2310,0.425537109375,0.29248046875,0.281982421875,0.025146484375,0.0863037109375,3486,0.425537109375,0.425537109375,206,707,0.01984997915589887,0.01237765696726929,0.01614116931457521,0.020014932287423015,0.022945593864829306,0.02867615751060306,0.0,0.0019702868105304534,0.0014362759521817172,0.0017781620987613557,0.0019547232369740417,0.0021984663942231407,0.002501956924514347,0.0,0.01984997915589887,0.01237765696726929,0.01614116931457521,0.020014932287423015,0.022945593864829306,0.02867615751060306,0.0,0.0019702868105304534,0.0014362759521817172,0.0017781620987613557,0.0019547232369740417,0.0021984663942231407,0.002501956924514347,0.0,0.010282117382171786,-0.05948658617311764,-0.007316941850575409,0.0,0.029378694759822688,0.1004919285035415,0.281982421875,0.0057098708268815725,-0.03540801230675589,-0.00480568256752114,0.0,0.01859405637552404,0.0551010124625883,0.281982421875,0.015425373983241574,-0.3404535146965788,-0.0854595229456585,0.012787236888458064,0.12709294203431387,0.3523313932924097,0.0,0.001823703593622885,-0.02902122001579538,-0.008686400519538756,0.001328114690080205,0.012991690953839362,0.03340813869335959,0.0,0.06597221394064012,0.0,0.0,0.03433214899846915,0.0944788207462045,0.2293801858512809,0.3682861328125,0.05569009655846834,0.0,0.0,0.04002196018906656,0.06687116723177422,0.14785906276170668,0.30712890625,-7.2479248046875e-05,-0.00390625,0.0,0.0,0.0,0.0,0.900390625,0.0,0.0,0.0,0.0,0.0,0.0,0.9580078125,-0.00696563720703125,-0.0234375,-0.01171875,-0.0078125,-0.00390625,0.0078125,0.10546875,5.4654395771275945,4.373670967918518,4.910287636718691,5.38532841970879,5.970211464315009,6.723665083892156,0.0,5.4574395771275945,4.365670967918518,4.902287636718691,5.377328419708789,5.962211464315009,6.715665083892156,0.0,0.007999999999999997,0.008000000000000007,0.008000000000000007,0.008000000000000007,0.008000000000000007,0.008000000000000007,0.0,0.0012131342225637286,0.0010063525645902832,0.001107593209783447,0.0012182114335575044,0.0013048420295867678,0.0014304804055860654,0.0
wells_d4,Unequal wells 4D,broad,H,0.025,128,4,2,1024,8192,1024,1.0,8192,3370,2301,2521,0.411376953125,0.2808837890625,0.3077392578125,0.0137939453125,0.1240234375,3370,0.411376953125,0.411376953125,113,1016,0.010172248292629226,0.0063919121678539526,0.008276545978037175,0.010263470949284592,0.011770177045440366,0.014715831954732915,0.0,0.0010098368134139513,0.0007381822142885101,0.0009140736082534407,0.0010005394884664495,0.0011304665190032502,0.0012808180042637005,0.0,0.010172248292629226,0.0063919121678539526,0.008276545978037175,0.010263470949284592,0.011770177045440366,0.014715831954732915,0.0,0.0010098368134139513,0.0007381822142885101,0.0009140736082534407,0.0010005394884664495,0.0011304665190032502,0.0012808180042637005,0.0,0.008489405332128292,-0.03416705716052215,-0.0043981337996914505,0.0,0.0218639801813591,0.07218600290495392,0.3077392578125,0.004987907771695479,-0.021087842195893304,-0.002876111717006262,0.0,0.013659015715995744,0.040468611539750586,0.3077392578125,0.006647903190414318,-0.2529843160370948,-0.06641107888962239,0.00576398336506756,0.0813800562471716,0.26020669394192986,0.0,0.0008671366052571004,-0.021161727035720584,-0.0068702628911148506,0.0006505755169910804,0.008319905593965525,0.023405361023687465,0.0,0.03947095149542859,0.0,0.0,0.012374574920052894,0.05461155158673281,0.13199925567269244,0.4317626953125,0.030981546163300303,0.0,0.0,0.01985923517657101,0.03413106916730091,0.07142237653925598,0.321533203125,-9.918212890625e-05,0.0,0.0,0.0,0.0,0.0,0.94921875,-3.814697265625e-06,0.0,0.0,0.0,0.0,0.0,0.9794921875,-0.010005950927734375,-0.0234375,-0.015625,-0.0078125,-0.00390625,0.0,0.0751953125,5.576325768285075,4.474156060269732,5.022118265614726,5.477358565169083,6.116735559280196,6.844362037079658,0.0,5.572325768285076,4.470156060269733,5.018118265614726,5.473358565169083,6.112735559280196,6.840362037079658,0.0,0.003999999999999566,0.0039999999999995595,0.0039999999999995595,0.0039999999999995595,0.0039999999999995595,0.0039999999999995595,0.0,0.0006065671112817989,0.0005031762822950858,0.000553796604891662,0.0006091057167786846,0.0006524210147933115,0.0007152402027929532,0.0
wells_d4,Unequal wells 4D,broad,H,0.0125,128,4,2,1024,8192,1024,1.0,8192,3252,2285,2655,0.39697265625,0.2789306640625,0.3240966796875,0.0120849609375,0.1644287109375,3252,0.39697265625,0.39697265625,99,1347,0.005149156748501712,0.0032465076864414133,0.0041839579586246956,0.005199842935238674,0.005970277280218816,0.0074627112135096305,0.0,0.0005112198830588897,0.00037385841243422227,0.00046214433158213274,0.0005053365342071588,0.0005718523908685787,0.0006493951609821684,0.0,0.005149156748501712,0.0032465076864414133,0.0041839579586246956,0.005199842935238674,0.005970277280218816,0.0074627112135096305,0.0,0.0005112198830588897,0.00037385841243422227,0.00046214433158213274,0.0005053365342071588,0.0005718523908685787,0.0006493951609821684,0.0,0.007172249634679365,-0.018644836449410562,-0.0027148164515349293,0.0,0.014622052031327465,0.052755892112816505,0.3240966796875,0.004242087795009067,-0.01101670948081695,-0.0016827446000105262,0.0,0.009454906940746705,0.029483832115208053,0.3240966796875,0.003263064084769251,-0.18317818111733172,-0.050643775498066645,0.003483432864122449,0.05794801211199818,0.18727817348419812,0.0,0.00039986625821237447,-0.015669372855234464,-0.005167952701793998,0.000375728233074378,0.005957022210741557,0.01675441405022873,0.0,0.022451343466719544,0.0,0.0,0.0015742779278123398,0.030942339220005277,0.0761962914215808,0.488525390625,0.01527909383204018,0.0,0.0,0.009866412853237638,0.01719163504016752,0.033116232826923886,0.336181640625,1.52587890625e-05,0.0,0.0,0.0,0.0,0.0,0.982421875,2.288818359375e-05,0.0,0.0,0.0,0.0,0.0,0.986328125,-0.01180267333984375,-0.0234375,-0.015625,-0.01171875,-0.0078125,0.0,0.02734375,5.632444699030087,4.533686068958003,5.077491419701982,5.525296512469128,6.171252077454752,6.896754859008254,0.0,5.630444699030087,4.531686068958003,5.075491419701982,5.523296512469127,6.169252077454752,6.894754859008255,0.0,0.0019999999999997936,0.0019999999999997797,0.0019999999999997797,0.0019999999999997797,0.0019999999999997797,0.0019999999999997797,0.0,0.0003032835556409002,0.0002515881411475429,0.000276898302445831,0.0003045528583893423,0.00032621050739665573,0.0003576201013964766,0.0
wells_d4,Unequal wells 4D,broad,H,0.00625,128,4,2,1024,8192,1024,1.0,8192,3176,2249,2767,0.3876953125,0.2745361328125,0.3377685546875,0.0037841796875,0.1883544921875,3176,0.3876953125,0.3876953125,31,1543,0.0025904889915299555,0.0016353731218721635,0.0021042851138304286,0.002617396246856085,0.0030027600287496625,0.003755898315892558,0.0,0.0002572013519322316,0.00018808942338219585,0.00023259200080153776,0.00025390789035442137,0.0002872732367978114,0.0003273038249054323,0.0,0.0025904889915299555,0.0016353731218721635,0.0021042851138304286,0.002617396246856085,0.0030027600287496625,0.003755898315892558,0.0,0.0002572013519322316,0.00018808942338219585,0.00023259200080153776,0.00025390789035442137,0.0002872732367978114,0.0003273038249054323,0.0,0.005805562198096107,-0.00947337838483242,-0.0015432152888034123,0.0,0.009986384601677611,0.03887126950940467,0.3377685546875,0.003492691433084025,-0.00557989922598278,-0.0009335541063309963,0.0,0.006470097425539555,0.021886108763277026,0.3377685546875,0.0015509834083053825,-0.13431352713584488,-0.03523627320234901,0.0013016694942837859,0.04035265738938243,0.12447465608253172,0.0,0.00022458788549519274,-0.011341600173012467,-0.0037259562943408766,0.00015595579019766535,0.004109322688609857,0.011763943560798197,0.0,0.013698554273787182,0.0,0.0,0.0,0.01752481227378222,0.05127468867674767,0.526123046875,0.007892992075691075,0.0,0.0,0.0049334876054620835,0.008627440400494457,0.016758728954086255,0.341552734375,-3.4332275390625e-05,0.0,0.0,0.0,0.0,0.0,0.9892578125,-2.288818359375e-05,0.0,0.0,0.0,0.0,0.0,0.994140625,-0.01373291015625,-0.02734375,-0.01953125,-0.01171875,-0.0078125,-0.00390625,0.0234375,5.660673113780528,4.563545757563073,5.1071622364096605,5.544624030350754,6.194059963986778,6.923083484224391,0.0,5.659673113780528,4.562545757563073,5.10616223640966,5.5436240303507525,6.193059963986777,6.922083484224391,0.0,0.0010000000000003166,0.001000000000000334,0.001000000000000334,0.001000000000000334,0.001000000000000334,0.001000000000000334,0.0,0.0001516417778205146,0.0001257940705738273,0.00013844915122297697,0.00015227642919473877,0.0001631052536984003,0.00017881005069831773,0.0
wells_d4,Unequal wells 4D,broad,H,0.003125,128,4,2,1024,8192,1024,1.0,8192,3163,2207,2822,0.3861083984375,0.2694091796875,0.344482421875,0.00244140625,0.2059326171875,3163,0.3861083984375,0.3861083984375,20,1687,0.00129924122244055,0.0008207381659877999,0.0010555557251112901,0.001312662439430845,0.0015053931662736275,0.0018826284405696113,0.0,0.0001290005353284651,9.433608471295377e-05,0.00011671439939805501,0.00012737956959102192,0.0001439751447915435,0.0001643077884046371,0.0,0.00129924122244055,0.0008207381659877999,0.0010555557251112901,0.001312662439430845,0.0015053931662736275,0.0018826284405696113,0.0,0.0001290005353284651,9.433608471295377e-05,0.00011671439939805501,0.00012737956959102192,0.0001439751447915435,0.0001643077884046371,0.0,0.004507521564585348,-0.004849531545136454,-0.0007224478888467889,0.0,0.007251584284878154,0.02776240941479835,0.344482421875,0.002704721533507381,-0.002846309962231469,-0.0004962179220176949,0.0,0.004611735333886451,0.01551478556627255,0.344482421875,0.0009364264409648692,-0.09263255296556662,-0.025783443674134432,0.0003691096519515824,0.028721603838647525,0.09077584335917077,0.0,0.00012173776305795901,-0.007958751184612175,-0.0026620870716884005,3.871848465395038e-05,0.002911237743951737,0.008379252919697069,0.0,0.007895327567711401,0.0,0.0,0.0,0.010603851421345789,0.03298543127050002,0.5504150390625,0.0033878060031260534,0.0,0.0,0.0024279436408629618,0.004310007489887413,0.0083599960998475,0.346923828125,0.0,0.0,0.0,0.0,0.0,0.0,1.0,0.0,0.0,0.0,0.0,0.0,0.0,1.0,-0.01461029052734375,-0.02734375,-0.01953125,-0.01171875,-0.0078125,-0.00390625,0.015625,5.674829556576583,4.578517980272406,5.118819170744146,5.554033964364214,6.210014655020858,6.9362808614556215,0.0,5.674329556576583,4.578017980272406,5.118319170744146,5.553533964364214,6.209514655020858,6.935780861455622,0.0,0.0004999999999997402,0.0004999999999997229,0.0004999999999997229,0.0004999999999997229,0.0004999999999997229,0.0004999999999997229,0.0,7.582088891019319e-05,6.289703528685779e-05,6.9224575611427e-05,7.613821459730176e-05,8.155262684912772e-05,8.940502534907946e-05,0.0
wells_d4,Unequal wells 4D,broad,H,0.0015625,128,4,2,1024,8192,1024,1.0,8192,3152,2223,2817,0.384765625,0.2713623046875,0.3438720703125,0.00146484375,0.222900390625,3152,0.384765625,0.384765625,12,1826,0.000650622177805019,0.0004111347091800166,0.0005286559676724867,0.0006573249173289497,0.0007537018647911786,0.0009424860877134122,0.0,6.460048344939328e-05,4.7241050447245675e-05,5.846208605837864e-05,6.379467343302348e-05,7.207242482196179e-05,8.228453011649787e-05,0.0,0.000650622177805019,0.0004111347091800166,0.0005286559676724867,0.0006573249173289497,0.0007537018647911786,0.0009424860877134122,0.0,6.460048344939328e-05,4.7241050447245675e-05,5.846208605837864e-05,6.379467343302348e-05,7.207242482196179e-05,8.228453011649787e-05,0.0,0.0033755029851653138,-0.002476716090999087,-0.0005021034818478987,0.0,0.004969459225170447,0.02006463027379546,0.3438720703125,0.0020333266918883316,-0.0014517770763870707,-0.00037086533243219457,0.0,0.003219689990732295,0.01116902257194893,0.3438720703125,0.0005434752025831981,-0.06558244680473635,-0.018726213678860404,-0.0001407654755194443,0.019955772644458136,0.06615162941912445,0.0,6.853205978221867e-05,-0.005689260638066832,-0.0019245226460893549,-2.3291006217648617e-05,0.0020121705114797004,0.005940542569515841,0.0,0.0051070204216630615,0.0,0.0,0.0,0.006648501913184113,0.02210709266240507,0.5667724609375,0.0017315174364977474,0.0,0.0,0.0012260539584205143,0.0021574696389041748,0.004193820272179183,0.3453369140625,0.0,0.0,0.0,0.0,0.0,0.0,1.0,0.0,0.0,0.0,0.0,0.0,0.0,1.0,-0.01572418212890625,-0.03125,-0.01953125,-0.015625,-0.01171875,-0.00390625,0.0078125,5.681918336543045,4.585518496833738,5.124655928531055,5.559883556285584,6.216441111703597,6.942887817606636,0.0,5.681668336543044,4.585268496833738,5.124405928531056,5.559633556285583,6.216191111703597,6.942637817606636,0.0,0.0002500000000002882,0.00025000000000030553,0.00025000000000030553,0.00025000000000030553,0.00025000000000030553,0.00025000000000030553,0.0,3.79104444551607e-05,3.144851764348476e-05,3.461228780577499e-05,3.8069107298718505e-05,4.077631342463629e-05,4.4702512674619134e-05,0.0
wells_d4,Unequal wells 4D,broad,H,0.00078125,128,4,2,1024,8192,1024,1.0,8192,3160,2204,2828,0.3857421875,0.26904296875,0.34521484375,0.00048828125,0.23193359375,3160,0.3857421875,0.3857421875,4,1900,0.00032556177871771817,0.00020575910185707257,0.00026454783827056794,0.00032891118700684174,0.0003771025020062879,0.0004715362666011913,0.0,3.2325327045270524e-05,2.3638797849786533e-05,2.9257300443580277e-05,3.1923589944075476e-05,3.605745312558579e-05,4.117193605950196e-05,0.0,0.00032556177871771817,0.00020575910185707257,0.00026454783827056794,0.00032891118700684174,0.0003771025020062879,0.0004715362666011913,0.0,3.2325327045270524e-05,2.3638797849786533e-05,2.9257300443580277e-05,3.1923589944075476e-05,3.605745312558579e-05,4.117193605950196e-05,0.0,0.002507035148847612,-0.0013026386138916823,-0.00026008433439744794,0.0,0.0035243937467920317,0.014258648307452049,0.34521484375,0.001514433069929207,-0.0007431165736806793,-0.00019562232341616796,0.0,0.0022872578064930555,0.007933845647600295,0.34521484375,0.00018482069572269932,-0.04628619978882753,-0.013351799030056677,-0.00015396763223129994,0.013839999917825585,0.044964194069454066,0.0,2.9551589813029e-05,-0.0040807528547954774,-0.001389793573998562,-1.6920651264152e-05,0.0014176644308678934,0.004190177397531591,0.0,0.0031952326916531576,0.0,0.0,0.0,0.004303253803388168,0.01538435304675645,0.5771484375,0.0006881975428055451,0.0,0.0,0.0006055321019866611,0.001079350024504544,0.0021003704331439277,0.345703125,0.0,0.0,0.0,0.0,0.0,0.0,1.0,0.0,0.0,0.0,0.0,0.0,0.0,1.0,-0.01629638671875,-0.03125,-0.01953125,-0.015625,-0.01171875,-0.00390625,0.0,5.685465366129653,4.589021673709333,5.127576380064847,5.563443813533616,6.219656415050315,6.946193362738261,0.0,5.685340366129653,4.588896673709333,5.127451380064846,5.563318813533616,6.219531415050315,6.946068362738261,0.0,0.00012499999999972602,0.00012499999999970868,0.00012499999999970868,0.00012499999999970868,0.00012499999999970868,0.00012499999999970868,0.0,1.8955222227516246e-05,1.5724258821686516e-05,1.730614390282601e-05,1.903455364929163e-05,2.0388156712245714e-05,2.235125633723016e-05,0.0
wells_d4,Unequal wells 4D,clustered,H,0.1,128,4,2,1024,8192,1024,1.0,8192,5995,1982,215,0.7318115234375,0.241943359375,0.0262451171875,0.0279541015625,0.0140380859375,5995,0.7318115234375,0.7318115234375,229,115,0.021440114792268535,0.020123794137173103,0.020893284538777257,0.021404312086543698,0.02208351016775445,0.02280514065922072,0.0,0.0072511957234917355,0.006709230980090095,0.006972207255911461,0.0072322736259605525,0.007475112612131881,0.0078580386219023,0.0,0.021440114792268535,0.020123794137173103,0.020893284538777257,0.021404312086543698,0.02208351016775445,0.02280514065922072,0.0,0.0072511957234917355,0.006709230980090095,0.006972207255911461,0.0072322736259605525,0.007475112612131881,0.0078580386219023,0.0,0.045342123443324264,-0.05912436444639457,0.0,0.041277919562469956,0.0903954552299715,0.16083816494600756,0.0262451171875,0.01991252301895388,-0.027118746049418833,0.0,0.01847017345288858,0.04016979085248172,0.07129945098258096,0.0262451171875,0.021409838591593882,-0.01224269917453813,0.007407003328707251,0.02190269552640345,0.03558453067632317,0.05432728427739164,0.0,0.007243752042849878,-0.00413422298873994,0.0025174322226901463,0.007344858955862612,0.011920104753085314,0.01862562407134032,0.0,0.17119255455806925,0.012956317016521663,0.1174941485070885,0.17308987527251207,0.22842028726724828,0.31036058633420294,0.040283203125,0.12585043111474498,0.0,0.11264839865775422,0.13380027751403945,0.14416695132875357,0.21927348877809805,0.05419921875,-0.01551055908203125,-0.08984375,-0.04296875,-0.015625,0.01171875,0.05078125,0.037109375,-0.006443023681640625,-0.06640625,-0.0234375,-0.00390625,0.015625,0.0390625,0.0439453125,-0.006191253662109375,-0.06582031249999998,-0.0234375,-0.00390625,0.015625,0.04296875,0.052734375,3.529892615220095,3.143625893689352,3.43619536754719,3.5519820131313207,3.6742060347630883,3.7876987938547555,0.0,3.513892615220095,3.127625893689352,3.42019536754719,3.5359820131313207,3.6582060347630883,3.7716987938547555,0.0,0.016000000000000014,0.016000000000000014,0.016000000000000014,0.016000000000000014,0.016000000000000014,0.016000000000000014,0.0,0.0032672999175665414,0.0031371583456718784,0.0031804120564877655,0.0032258255925110527,0.0033161004117246784,0.0035779171501553048,0.0
wells_d4,Unequal wells 4D,clustered,H,0.05,128,4,2,1024,8192,1024,1.0,8192,5270,2199,723,0.643310546875,0.2684326171875,0.0882568359375,0.0543212890625,0.0391845703125,5270,0.643310546875,0.643310546875,445,321,0.011094383285736522,0.010471943543201712,0.010827371775207095,0.011069163774577562,0.011348291728206228,0.011754950116154239,0.0,0.0037518649860933304,0.0035014213863500663,0.003629363825922726,0.0037454667790944906,0.003865562499481886,0.004054137440151721,0.0,0.011094383285736522,0.010471943543201712,0.010827371775207095,0.011069163774577562,0.011348291728206228,0.011754950116154239,0.0,0.0037518649860933304,0.0035014213863500663,0.003629363825922726,0.0037454667790944906,0.003865562499481886,0.004054137440151721,0.0,0.027438342935996785,-0.05252480311899499,-0.002565126671054685,0.02022828693038936,0.059959942012344225,0.11874004661899844,0.0882568359375,0.012044547634060852,-0.023817996086557634,-0.0011468847833865778,0.00883033629843843,0.026541163853652586,0.052430220943104275,0.0882568359375,0.011049520695818753,-0.013968929021705767,0.0008375840611780649,0.011079286695412915,0.020932159043512533,0.03577523019835157,0.0,0.003739824799817226,-0.004665390242978773,0.0002920543217984565,0.0037640734312436256,0.007063857761434269,0.012115628999786417,0.0,0.09432896684083647,0.0,0.04076310125046301,0.09313088965375527,0.13967872577723173,0.20770394541714765,0.12744140625,0.06689062390483969,0.0,0.05021329852473355,0.0680716365749654,0.07463930956344456,0.16491034655060655,0.142578125,0.7569198608398438,0.65625,0.72265625,0.765625,0.8125,0.859375,0.0,0.06044769287109375,0.015625,0.0390625,0.05859375,0.078125,0.1171875,0.0,-0.000255584716796875,-0.0390625,-0.01171875,0.0,0.015625,0.03515625,0.083984375,3.713812404657495,3.316850175754534,3.6416649665938303,3.757620802254371,3.8406379421222,3.9350424108730313,0.0,3.705812404657495,3.308850175754534,3.6336649665938303,3.749620802254371,3.8326379421222,3.9270424108730313,0.0,0.008000000000000007,0.008000000000000007,0.008000000000000007,0.008000000000000007,0.008000000000000007,0.008000000000000007,0.0,0.0016336499587832707,0.0015685791728359392,0.0015902060282438828,0.0016129127962555263,0.0016580502058623392,0.0017889585750776524,0.0
wells_d4,Unequal wells 4D,clustered,H,0.025,128,4,2,1024,8192,1024,1.0,8192,4671,2151,1370,0.5701904296875,0.2625732421875,0.167236328125,0.066162109375,0.08447265625,4671,0.5701904296875,0.5701904296875,542,692,0.005643939267767692,0.005309368781089597,0.005499812691701078,0.005646698991030208,0.005771677807214826,0.00597909973176034,0.0,0.0019085689668950218,0.0017803363083803473,0.0018461886886448565,0.001904340161041014,0.001964561231602739,0.002071206360309519,0.0,0.005643939267767692,0.005309368781089597,0.005499812691701078,0.005646698991030208,0.005771677807214826,0.00597909973176034,0.0,0.0019085689668950218,0.0017803363083803473,0.0018461886886448565,0.001904340161041014,0.001964561231602739,0.002071206360309519,0.0,0.01726536700591274,-0.03384886819320321,-0.0010142675978355165,0.006762570211901409,0.03840995871437691,0.0861434655210076,0.167236328125,0.007584450193534339,-0.015037629215332119,-0.0004347520222149143,0.002971030659456455,0.01690269733533102,0.038271914233011906,0.167236328125,0.005696815113189735,-0.012021142094936543,-0.0017861989227349606,0.005767735893883685,0.012938729552488981,0.023071277152945324,0.0,0.0019287127366621284,-0.0040532980311399095,-0.0006100467851078009,0.0019313381714680623,0.004368608981337636,0.007818849566373957,0.0,0.05197099535481524,0.0,0.0,0.04393727629939992,0.08295822160163868,0.14373442859749463,0.251708984375,0.03470562834890249,0.0,0.004969127005966856,0.03402524900799264,0.036821374918481364,0.1190896069124332,0.2333984375,0.4655342102050781,0.3052734375,0.3828125,0.46484375,0.53515625,0.63671875,0.0,0.02701568603515625,0.00390625,0.01171875,0.0234375,0.0361328125,0.0546875,0.0283203125,-0.004253387451171875,-0.03125,-0.015625,-0.00390625,0.0078125,0.02734375,0.083984375,3.8084947071261563,3.38706000763291,3.73210667631726,3.862581340545932,3.9341079935825514,4.010586878028588,0.0,3.804494707126156,3.38306000763291,3.72810667631726,3.858581340545932,3.930107993582552,4.006586878028588,0.0,0.003999999999999972,0.0039999999999995595,0.0040000000000000036,0.0040000000000000036,0.0040000000000000036,0.0040000000000000036,0.0,0.0008168249793916293,0.0007842895864178956,0.0007951030141219414,0.0008064563981277632,0.0008290251029311696,0.0008944792875388262,0.0
wells_d4,Unequal wells 4D,clustered,H,0.0125,128,4,2,1024,8192,1024,1.0,8192,4244,2050,1898,0.51806640625,0.250244140625,0.231689453125,0.0562744140625,0.119384765625,4244,0.51806640625,0.51806640625,461,978,0.0028465530836317664,0.002673601881496568,0.0027737514246585215,0.0028433314546978394,0.0029128764819809083,0.0030268715374689222,0.0,0.0009625775759291779,0.0008980963145554006,0.000931471674803831,0.0009604216721491592,0.000988372710361937,0.001045276591982129,0.0,0.0028465530836317664,0.002673601881496568,0.0027737514246585215,0.0028433314546978394,0.0029128764819809083,0.0030268715374689222,0.0,0.0009625775759291779,0.0008980963145554006,0.000931471674803831,0.0009604216721491592,0.000988372710361937,0.001045276591982129,0.0,0.012231147520113943,-0.017837774815714802,-8.229188845598756e-05,0.0019868822177682155,0.025491910945123653,0.06443884714977947,0.231689453125,0.0053839711583655225,-0.00774566402853022,-3.5394347201741946e-05,0.000907354712800124,0.011207635797979782,0.028627175947788523,0.231689453125,0.002777885487798882,-0.009573418611076079,-0.0026267674611399894,0.0028868500587475587,0.008035812859466862,0.01524674171455409,0.0,0.000941753254660724,-0.0032127200332782956,-0.0008850773527372591,0.0009660314922595525,0.002718176253667498,0.00517717928977363,0.0,0.030709673491218552,0.0,0.0,0.019862792022091957,0.047778408456476074,0.09552930154878082,0.35107421875,0.01847852597110461,0.0,0.0,0.017002442209839597,0.018282892026442177,0.06080074046478894,0.2879638671875,0.13645553588867188,0.03515625,0.07421875,0.1328125,0.1796875,0.29628906249999964,0.0,0.00623321533203125,0.0,0.0,0.00390625,0.0078125,0.018945312499999645,0.275390625,-0.00634002685546875,-0.030664062499999978,-0.01171875,-0.0078125,0.0,0.015625,0.1044921875,3.85652199206259,3.422810693069332,3.781575249859043,3.9118101120005813,3.9880147313348893,4.053647847059784,0.0,3.8545219920625904,3.420810693069332,3.779575249859043,3.9098101120005815,3.9860147313348895,4.051647847059784,0.0,0.0019999999999997797,0.0019999999999997797,0.0019999999999997797,0.0019999999999997797,0.0019999999999997797,0.0019999999999997797,0.0,0.0004084124896957723,0.00039214479320894127,0.00039755150706092656,0.0004032281990638368,0.0004145125514655388,0.00044723964376936344,0.0
wells_d4,Unequal wells 4D,clustered,H,0.00625,128,4,2,1024,8192,1024,1.0,8192,3807,2055,2330,0.4647216796875,0.2508544921875,0.284423828125,0.0377197265625,0.171875,3807,0.4647216796875,0.4647216796875,309,1408,0.0014294720199381668,0.0013381844569040013,0.0013926449153143783,0.0014293198676407215,0.0014650447525088595,0.0015238015137060356,0.0,0.000483378824016013,0.00045013548972823415,0.00046713371004858146,0.0004823396878235073,0.0004962089127817264,0.0005249408358286646,0.0,0.0014294720199381668,0.0013381844569040013,0.0013926449153143783,0.0014293198676407215,0.0014650447525088595,0.0015238015137060356,0.0,0.000483378824016013,0.00045013548972823415,0.00046713371004858146,0.0004823396878235073,0.0004962089127817264,0.0005249408358286646,0.0,0.008354502077780875,-0.009260319419587937,-8.582449185934315e-05,0.0,0.0170053732431803,0.046098040701219166,0.284423828125,0.0036817693012223098,-0.004091782863724471,-3.930523492709495e-05,0.0,0.0075637045348304795,0.02011214053835841,0.284423828125,0.0013542495267159743,-0.0076286956685858165,-0.0025097857519393862,0.0014192929132605947,0.0052398214485933625,0.010336637996502557,0.0,0.0004592484239603581,-0.0026021898039966123,-0.0008382559462165437,0.0004775345881189244,0.0017695488563110827,0.003524820673907147,0.0,0.01721573265890319,0.0,0.0,0.004870504806020248,0.026985531047863276,0.05985578369347877,0.456298828125,0.008861230581122315,0.0,0.0,0.008438399331269997,0.009095070077430378,0.010469288686132616,0.3221435546875,0.00970458984375,0.0,0.0,0.00390625,0.01171875,0.04296875,0.36328125,0.00029754638671875,0.0,0.0,0.0,0.0,0.00390625,0.916015625,-0.0099029541015625,-0.02734375,-0.015625,-0.01171875,-0.00390625,0.007226562499999645,0.0712890625,3.880707850497484,3.4472749144855688,3.8041174636140296,3.933167806344673,4.008251465947013,4.0780950455454645,0.0,3.8797078504974842,3.446274914485569,3.8031174636140297,3.9321678063446726,4.007251465947013,4.077095045545464,0.0,0.0010000000000000148,0.0009999999999998899,0.0009999999999998899,0.0009999999999998899,0.001000000000000334,0.001000000000000334,0.0,0.00020420624484791073,0.00019607239660455772,0.00019877575353048534,0.0002016140995319184,0.0002072562757327694,0.00022361982188468172,0.0
wells_d4,Unequal wells 4D,clustered,H,0.003125,128,4,2,1024,8192,1024,1.0,8192,3610,2033,2549,0.440673828125,0.2481689453125,0.3111572265625,0.02685546875,0.1878662109375,3610,0.440673828125,0.440673828125,220,1539,0.0007162910844240773,0.0006698141993362605,0.0006981647605214802,0.0007155712186170948,0.0007348282221417146,0.0007644716745167756,0.0,0.00024221401739152868,0.00022527973724771925,0.0002338408571515046,0.00024167272807852364,0.0002489252544934956,0.00026295018259364633,0.0,0.0007162910844240773,0.0006698141993362605,0.0006981647605214802,0.0007155712186170948,0.0007348282221417146,0.0007644716745167756,0.0,0.00024221401739152868,0.00022527973724771925,0.0002338408571515046,0.00024167272807852364,0.0002489252544934956,0.00026295018259364633,0.0,0.00603516628001087,-0.004699785764231912,0.0,0.0,0.01179632909485595,0.03234953544018038,0.3111572265625,0.0026640896025288798,-0.0020738507950304155,0.0,0.0,0.005163181565133808,0.01390059616528535,0.3111572265625,0.0006769248125446524,-0.005677040228353913,-0.0020853709234991413,0.0007261699800846788,0.003365098203913064,0.00698225577690792,0.0,0.00022991773674636742,-0.0019353857598135172,-0.0007022510905314236,0.00024876581261125375,0.0011402861567202912,0.0023840812517026003,0.0,0.010756748458326389,0.0,0.0,0.00014134483929106878,0.017084231449813414,0.04026996398407894,0.4990234375,0.00472158217831552,0.0,0.0,0.00421786843268479,0.004543578267325099,0.005120598517928787,0.3380126953125,4.57763671875e-05,0.0,0.0,0.0,0.0,0.0,0.98046875,3.0517578125e-05,0.0,0.0,0.0,0.0,0.0,0.9921875,-0.010833740234375,-0.0234375,-0.015625,-0.01171875,-0.0078125,0.0033203124999996447,0.0703125,3.8928439184657693,3.4595581374110322,3.813447430827201,3.9484388324942454,4.018542240299046,4.090006617040562,0.0,3.8923439184657695,3.459058137411032,3.812947430827201,3.9479388324942453,4.018042240299046,4.089506617040562,0.0,0.0005000000000000213,0.0004999999999997229,0.0004999999999997229,0.000500000000000167,0.000500000000000167,0.000500000000000167,0.0,0.00010210312242395965,9.803619830219179e-05,9.938787676518751e-05,0.00010080704976600397,0.0001036281378664307,0.00011180991094239052,0.0
wells_d4,Unequal wells 4D,clustered,H,0.0015625,128,4,2,1024,8192,1024,1.0,8192,3488,2012,2692,0.42578125,0.24560546875,0.32861328125,0.0185546875,0.20947265625,3488,0.42578125,0.42578125,152,1716,0.00035853508662597906,0.00033515865499740284,0.00034941588974601867,0.0003581235556477935,0.0003680141008264859,0.0003829303595119904,0.0,0.00012123842215054496,0.00011267573771132967,0.00011699573247897071,0.00012097167583179712,0.00012465640134050882,0.0001316039646112492,0.0,0.00035853508662597906,0.00033515865499740284,0.00034941588974601867,0.0003581235556477935,0.0003680141008264859,0.0003829303595119904,0.0,0.00012123842215054496,0.00011267573771132967,0.00011699573247897071,0.00012097167583179712,0.00012465640134050882,0.0001316039646112492,0.0,0.004336266057823094,-0.002375553117709206,0.0,0.0,0.008097162106613931,0.02259088024443212,0.32861328125,0.0019169465894341557,-0.0010404343279520167,0.0,0.0,0.0035876954795345684,0.009853982972883948,0.32861328125,0.00031787715375051914,-0.00417208004639491,-0.0016340275491180112,0.00036805115776705755,0.0022018557632116353,0.004829503446539096,0.0,0.00010811951173090423,-0.001416910117791025,-0.0005530038815109272,0.00012418212595429243,0.0007428401037563989,0.001633713073535149,0.0,0.006970819858287401,0.0,0.0,0.0,0.010579220075505269,0.026646713580925185,0.5380859375,0.002634553800464308,0.0,0.0,0.002109562757220962,0.0022717947142478767,0.002519985444633166,0.34716796875,-1.52587890625e-05,0.0,0.0,0.0,0.0,0.0,0.99609375,0.0,0.0,0.0,0.0,0.0,0.0,1.0,-0.0125274658203125,-0.02734375,-0.01953125,-0.01171875,-0.0078125,0.0,0.046875,3.898922747697607,3.4657125441002194,3.818665991663708,3.9545377210241752,4.025133171936877,4.094903750718625,0.0,3.8986727476976073,3.4654625441002196,3.818415991663708,3.9542877210241754,4.024883171936876,4.094653750718624,0.0,0.00025000000000001063,0.00024999999999986144,0.00024999999999986144,0.00024999999999986144,0.00025000000000030553,0.00025000000000030553,0.0,5.105156121197832e-05,4.901809915118297e-05,4.9693938382682024e-05,5.040352488295722e-05,5.181406893316934e-05,5.59049554711456e-05,0.0
wells_d4,Unequal wells 4D,clustered,H,0.00078125,128,4,2,1024,8192,1024,1.0,8192,3372,2036,2784,0.41162109375,0.24853515625,0.33984375,0.00830078125,0.22021484375,3372,0.41162109375,0.41162109375,68,1804,0.00017936502640297173,0.00016764229293544374,0.00017481092666277176,0.00017915318277872405,0.0001841460771626613,0.0001916024302025865,0.0,6.0652097206467845e-05,5.636756089777925e-05,5.852887466619847e-05,6.0519697615791477e-05,6.235777867710152e-05,6.583423033819541e-05,0.0,0.00017936502640297173,0.00016764229293544374,0.00017481092666277176,0.00017915318277872405,0.0001841460771626613,0.0001916024302025865,0.0,6.0652097206467845e-05,5.636756089777925e-05,5.852887466619847e-05,6.0519697615791477e-05,6.235777867710152e-05,6.583423033819541e-05,0.0,0.0030783099878668556,-0.0011931454040381428,0.0,0.0,0.005486879231544228,0.015885032753699457,0.33984375,0.001362343759794074,-0.0005224712670111261,0.0,0.0,0.0024070581234899957,0.006992541046693788,0.33984375,0.00015133540948205357,-0.00302254841154892,-0.001237775235771732,0.0001890128614154829,0.0015133679770045205,0.0033485496285097227,0.0,5.1607784059968944e-05,-0.0010272792421172276,-0.0004141352107139666,6.235287286441696e-05,0.0005079210641833735,0.0011328236479913303,0.0,0.004565156691291764,0.0,0.0,0.0,0.006845121483104455,0.017992057757436397,0.56005859375,0.0014868467034249097,0.0,0.0,0.001055046021080086,0.0011313483033057459,0.0012510097710030088,0.34814453125,1.52587890625e-05,0.0,0.0,0.0,0.0,0.0,0.99609375,0.0,0.0,0.0,0.0,0.0,0.0,1.0,-0.0138397216796875,-0.03125,-0.01953125,-0.01171875,-0.0078125,-0.00390625,0.015625,3.9019648624432666,3.4687929483961,3.8216587778039024,3.956940357071911,4.028045587058385,4.097461165266186,0.0,3.9018398624432664,3.4686679483961,3.8215337778039022,3.9568153570719105,4.027920587058386,4.097336165266186,0.0,0.00012499999999999664,0.00012499999999970868,0.00012499999999970868,0.00012500000000015277,0.00012500000000015277,0.00012500000000015277,0.0,2.552578060598894e-05,2.450904957550441e-05,2.484696919125274e-05,2.5201762441523377e-05,2.590703446663069e-05,2.7952477735622454e-05,0.0
periodic_d1,Periodic 1D,broad,H,0.1,128,4,2,1024,8192,1024,1.0,8192,3558,2628,2006,0.434326171875,0.32080078125,0.244873046875,0.08251953125,0.28466796875,3558,0.434326171875,0.434326171875,676,2332,0.0008695714452942004,0.0005312518965835455,0.0007250829886792654,0.0008835413481873,0.0010078242606562648,0.0011710106110743904,0.0,0.0005477215144608987,0.00029460657571743075,0.0004279894140786423,0.0005486584075779189,0.0006529706183099629,0.0007985155897345485,0.0,0.0008695714452942004,0.0005312518965835455,0.0007250829886792654,0.0008835413481873,0.0010078242606562648,0.0011710106110743904,0.0,0.0005477215144608987,0.00029460657571743075,0.0004279894140786423,0.0005486584075779189,0.0006529706183099629,0.0007985155897345485,0.0,0.0006279730360776254,-0.00044557214632856557,-1.759175785265299e-06,0.0,0.0004926435183573163,0.0035898161398494333,0.244873046875,0.000619395202716309,-0.0004325845785834203,-1.7591594973108746e-06,0.0,0.0004922984258547006,0.0035371795343960882,0.244873046875,0.0007105856312221838,-0.012013532552769305,-0.004639931856560808,0.0006483875381264603,0.006021373531785723,0.013656050079115746,0.0,0.0004497945643717072,-0.00742503020787507,-0.0028389239996307425,0.0004200368093306747,0.003733619720403767,0.008495375459204644,0.0,0.0011360981421064727,0.0,0.0,0.0,0.0008145728514337147,0.005018593189074875,0.529541015625,0.0005081251060288473,0.0,0.0,1.8266070843875326e-05,0.00026682271166433846,0.002234868405606827,0.327392578125,-0.039463043212890625,-0.1484375,-0.09375,-0.0390625,0.01171875,0.0625,0.0244140625,0.012233734130859375,0.0,0.0,0.0078125,0.01953125,0.0390625,0.3740234375,-0.012241363525390625,-0.04296875,-0.0234375,-0.01171875,0.0,0.01953125,0.0498046875,1.312980915396351,0.8188979997305594,1.0360632950308422,1.2797378799442485,1.5215750809408974,1.9380669809647102,0.0,1.308980915396351,0.8148979997305594,1.0320632950308422,1.2757378799442485,1.5175750809408974,1.9340669809647102,0.0,0.0040000000000000036,0.0040000000000000036,0.0040000000000000036,0.0040000000000000036,0.0040000000000000036,0.0040000000000000036,0.0,0.0016758177860616875,0.0012956201089970396,0.0015017689650188423,0.0016573053256856442,0.0018506860123264478,0.0020628003217367653,0.0
periodic_d1,Periodic 1D,broad,H,0.05,128,4,2,1024,8192,1024,1.0,8192,3499,2471,2222,0.4271240234375,0.3016357421875,0.271240234375,0.0703125,0.279052734375,3499,0.4271240234375,0.4271240234375,576,2286,0.00040910410431368234,0.0002321014125601484,0.0003356245536600688,0.0004162952372699369,0.00048069194556624173,0.0005608285097584012,0.0,0.00025799462559295114,0.00012891158054403128,0.00019866875436942778,0.00025815383940264625,0.0003121456310086517,0.0003831020599297589,0.0,0.00040910410431368234,0.0002321014125601484,0.0003356245536600688,0.0004162952372699369,0.00048069194556624173,0.0005608285097584012,0.0,0.00025799462559295114,0.00012891158054403128,0.00019866875436942778,0.00025815383940264625,0.0003121456310086517,0.0003831020599297589,0.0,0.0005496782865408453,-0.00024154799447151376,-3.6444827400394786e-07,0.0,0.00044051737075134767,0.0031989670049913377,0.271240234375,0.0005435896954477145,-0.00024027146279497147,-3.644469117189306e-07,0.0,0.00043956587053769824,0.0031870910643597744,0.271240234375,0.0003849809008989602,-0.008978041695818728,-0.003365856589343852,0.00021827613222757947,0.004332954862436178,0.009597060612434705,0.0,0.00024083795024429318,-0.005582991071886159,-0.0021140860645451546,0.00013372780098678454,0.0027169767746207953,0.005997858466985378,0.0,0.0008663470650841624,0.0,0.0,0.0,0.0006169839244343223,0.004262017593957501,0.55029296875,0.00031666877854331715,0.0,0.0,7.213968190367126e-06,0.0001309188602208744,0.0010349379372033285,0.341552734375,0.07418441772460938,-0.08925781249999998,-0.015625,0.05078125,0.16015625,0.3046875,0.015625,0.01045989990234375,0.0,0.0,0.0078125,0.015625,0.03515625,0.3623046875,-0.012401580810546875,-0.0390625,-0.0234375,-0.01171875,0.0,0.015625,0.083984375,1.3758604741022262,0.8784462193201324,1.0931392336773051,1.346128453763751,1.5921763871366323,1.9989927657383415,0.0,1.3738604741022264,0.8764462193201324,1.0911392336773051,1.344128453763751,1.5901763871366326,1.9969927657383415,0.0,0.0019999999999999914,0.0020000000000000018,0.0020000000000000018,0.0020000000000000018,0.0020000000000000018,0.0020000000000000018,0.0,0.0008379088930308405,0.0006478100544984587,0.0007508844825094211,0.0008286526628428221,0.0009253430061632239,0.0010314001608683827,0.0
periodic_d1,Periodic 1D,broad,H,0.025,128,4,2,1024,8192,1024,1.0,8192,3465,2361,2366,0.4229736328125,0.2882080078125,0.288818359375,0.0592041015625,0.275146484375,3465,0.4229736328125,0.4229736328125,485,2254,0.0001980546405571636,0.00010807471615325582,0.00016092614253890303,0.00020124007921490383,0.00023467898871870618,0.0002742592776393187,0.0,0.00012498236592897995,6.0216418465813936e-05,9.51919984469131e-05,0.0001249992645435513,0.00015213127610936604,0.00018734656386090886,0.0,0.0001980546405571636,0.00010807471615325582,0.00016092614253890303,0.00020124007921490383,0.00023467898871870618,0.0002742592776393187,0.0,0.00012498236592897995,6.0216418465813936e-05,9.51919984469131e-05,0.0001249992645435513,0.00015213127610936604,0.00018734656386090886,0.0,0.00044610279073002923,-0.00012874633339809982,-1.3862854664203894e-07,0.0,0.0003155213674457258,0.002445238793782667,0.288818359375,0.00044122525754872904,-0.0001284102089633266,-1.3862815741869239e-07,0.0,0.00031540048508558495,0.002433543039703866,0.288818359375,0.0001516590699085726,-0.006517101098779565,-0.002539836629496306,7.79965714541031e-05,0.002945803975193728,0.0066487801543426706,0.0,9.422845750993401e-05,-0.004068337910172292,-0.001575785940445593,4.762991897674245e-05,0.0018184187057715896,0.004108131923589619,0.0,0.0005862253785798126,0.0,0.0,0.0,0.00038269205422103436,0.002764472849370536,0.56396484375,0.00014012258784978335,0.0,0.0,3.4062249302246883e-06,6.299017748101488e-05,0.00030461021089811524,0.3480224609375,0.2724609375,0.109375,0.19140625,0.2734375,0.35546875,0.4296875,0.0,0.007595062255859375,0.0,0.0,0.00390625,0.01171875,0.02734375,0.3935546875,-0.01251220703125,-0.0390625,-0.0234375,-0.01171875,-0.00390625,0.01171875,0.087890625,1.4081015611041277,0.9084580965712932,1.1267331553011852,1.3764907074339139,1.6239083356322361,2.0415567898892384,0.0,1.4071015611041275,0.9074580965712932,1.1257331553011853,1.375490707433914,1.6229083356322362,2.0405567898892385,0.0,0.0009999999999999046,0.0009999999999998899,0.0009999999999998899,0.0009999999999998899,0.0009999999999998899,0.0010000000000000009,0.0,0.000418954446515383,0.00032390502724922396,0.00037544224125466883,0.0004143263314213651,0.0004626715030815606,0.0005157000804341913,0.0
periodic_d1,Periodic 1D,broad,H,0.0125,128,4,2,1024,8192,1024,1.0,8192,3365,2249,2578,0.4107666015625,0.2745361328125,0.314697265625,0.0400390625,0.267822265625,3365,0.4107666015625,0.4107666015625,328,2194,9.739376682818947e-05,5.218515871466822e-05,7.909757778373772e-05,9.907495377103892e-05,0.00011590862083663,0.00013557933813378994,0.0,6.148165607971904e-05,2.8989335622996286e-05,4.6846833532636005e-05,6.154373984928189e-05,7.516280269034054e-05,9.261427124192338e-05,0.0,9.739376682818947e-05,5.218515871466822e-05,7.909757778373772e-05,9.907495377103892e-05,0.00011590862083663,0.00013557933813378994,0.0,6.148165607971904e-05,2.8989335622996286e-05,4.6846833532636005e-05,6.154373984928189e-05,7.516280269034054e-05,9.261427124192338e-05,0.0,0.00032900144741237407,-6.477846689312283e-05,-8.610197888003768e-09,0.0,0.00022368554376295258,0.0017421792258216495,0.314697265625,0.0003257385400172642,-6.460934653842815e-05,-8.610194903932008e-09,0.0,0.00022349866625376283,0.0017370831055661035,0.314697265625,0.00010814764567209536,-0.004722753734114576,-0.0018602153774507357,7.492081821414143e-05,0.0021042379891308416,0.004811884051414397,0.0,6.690490023312521e-05,-0.0029315138671170793,-0.0011560560636853403,4.591620758579835e-05,0.0012953557948783012,0.0029576523919987857,0.0,0.0003862741998561863,0.0,0.0,0.0,0.00024802991801620156,0.001929789060524656,0.58251953125,5.727275244381231e-05,0.0,0.0,1.7138901686752916e-06,3.087871316420632e-05,0.0001480970671586812,0.354736328125,0.20565032958984375,0.05078125,0.10546875,0.1953125,0.28125,0.4597656249999993,0.0,0.004802703857421875,0.0,0.0,0.00390625,0.0078125,0.01953125,0.4970703125,-0.013214111328125,-0.03515625,-0.0234375,-0.01171875,-0.00390625,0.0078125,0.0888671875,1.4244235196421324,0.9237043220039113,1.1449555413719414,1.393414846287611,1.644747656974348,2.0642918044630307,0.0,1.4239235196421323,0.9232043220039113,1.1444555413719415,1.3929148462876113,1.644247656974348,2.0637918044630306,0.0,0.0004999999999999644,0.0004999999999999449,0.0004999999999999449,0.0004999999999999449,0.0004999999999999449,0.000500000000000167,0.0,0.00020947722325769387,0.0001619525136246839,0.00018772112062733442,0.00020716316571068254,0.0002313357515407803,0.00025785004021706704,0.0
periodic_d1,Periodic 1D,broad,H,0.00625,128,4,2,1024,8192,1024,1.0,8192,3348,2165,2679,0.40869140625,0.2642822265625,0.3270263671875,0.0283203125,0.2596435546875,3348,0.40869140625,0.40869140625,232,2127,4.8287371935036637e-05,2.5609192339887122e-05,3.917611630291362e-05,4.915148400974623e-05,5.761416492780502e-05,6.74006723221876e-05,0.0,3.0487739128840216e-05,1.4236451973006002e-05,2.3182360413524813e-05,3.0520025942053545e-05,3.735657825454356e-05,4.604141187188273e-05,0.0,4.8287371935036637e-05,2.5609192339887122e-05,3.917611630291362e-05,4.915148400974623e-05,5.761416492780502e-05,6.74006723221876e-05,0.0,3.0487739128840216e-05,1.4236451973006002e-05,2.3182360413524813e-05,3.0520025942053545e-05,3.735657825454356e-05,4.604141187188273e-05,0.0,0.00023200253364787722,-3.249055522025479e-05,-7.000290347392024e-10,0.0,0.00016912318677764215,0.0013245433729183187,0.3270263671875,0.0002300985745712928,-3.240573051713018e-05,-7.000289954130499e-10,0.0,0.0001686816484902029,0.0013205067177829172,0.3270263671875,5.6044270650109184e-05,-0.003336305852867316,-0.0013516855094377472,2.752793711535695e-05,0.0014696324852145892,0.003478628354805606,0.0,3.4831631120834866e-05,-0.0020770121077896223,-0.0008264384612473698,1.684223345815978e-05,0.0009191378208036622,0.0021360565855895242,0.0,0.00027477451414949,0.0,0.0,0.0,0.00018704900857635653,0.0013974141046402266,0.586669921875,4.277198050161279e-05,0.0,0.0,7.367803570579312e-07,1.548778731741418e-05,7.427861454012419e-05,0.3553466796875,0.10750198364257812,0.0078125,0.03125,0.0859375,0.154296875,0.3179687499999986,0.015625,0.002086639404296875,0.0,0.0,0.0,0.00390625,0.011132812499999645,0.6806640625,-0.014404296875,-0.03515625,-0.01953125,-0.01171875,-0.0078125,0.00390625,0.072265625,1.4326349843294635,0.93138778399549,1.1535367580992362,1.4037826223674488,1.657216510540359,2.076858809429508,0.0,1.4323849843294636,0.9311377839954901,1.1532867580992363,1.403532622367449,1.6569665105403588,2.076608809429508,0.0,0.00025000000000004836,0.00024999999999986144,0.0002500000000000835,0.0002500000000000835,0.0002500000000000835,0.0002500000000000835,0.0,0.00010473861162887656,8.097625681227004e-05,9.38605603137089e-05,0.00010358158285538727,0.00011566787577044152,0.00012892502010853352,0.0
periodic_d1,Periodic 1D,broad,H,0.003125,128,4,2,1024,8192,1024,1.0,8192,3363,2099,2730,0.4105224609375,0.2562255859375,0.333251953125,0.02001953125,0.250732421875,3363,0.4105224609375,0.4105224609375,164,2054,2.4041169404027517e-05,1.2688375930880458e-05,1.9484566465610698e-05,2.4456257862071062e-05,2.8696464663829913e-05,3.360291072594668e-05,0.0,1.518050998138627e-05,7.053617785285499e-06,1.153013888387688e-05,1.5185825569018333e-05,1.8600504124732022e-05,2.295415460296706e-05,0.0,2.4041169404027517e-05,1.2688375930880458e-05,1.9484566465610698e-05,2.4456257862071062e-05,2.8696464663829913e-05,3.360291072594668e-05,0.0,1.518050998138627e-05,7.053617785285499e-06,1.153013888387688e-05,1.5185825569018333e-05,1.8600504124732022e-05,2.295415460296706e-05,0.0,0.0001659438724055031,-1.6270607641977186e-05,-1.4106604773189702e-11,0.0,0.00011343640349970041,0.0009652674705631359,0.333251953125,0.00016476873853142886,-1.6228129160045077e-05,-1.410660474130044e-11,0.0,0.00011342289371149534,0.0009638084958363027,0.333251953125,4.0297048778146565e-05,-0.002372577685183602,-0.0009346544348168007,2.7935092524078442e-05,0.0010445346674210487,0.0024280870855574177,0.0,2.4670566960748226e-05,-0.0014740259429147464,-0.0005779093531647203,1.6961160939172192e-05,0.0006468821720108525,0.0015044800676942951,0.0,0.00019848973927399157,0.0,0.0,0.0,0.00012410655546404858,0.001006050491014765,0.583984375,3.254586686848846e-05,0.0,0.0,4.3049335951561574e-07,7.756001248804267e-06,3.719682536618141e-05,0.353271484375,0.04201507568359375,0.0,0.00390625,0.01953125,0.05859375,0.171875,0.22265625,0.00079345703125,0.0,0.0,0.0,0.0,0.00390625,0.83984375,-0.01461029052734375,-0.03457031249999998,-0.01953125,-0.013671875,-0.0078125,0.0,0.0703125,1.4367533542105233,0.9352446369241528,1.1575104876928042,1.4086662735965345,1.6612177163941884,2.0833379859801937,0.0,1.4366283542105234,0.9351196369241528,1.1573854876928042,1.4085412735965348,1.6610927163941884,2.0832129859801936,0.0,0.00012499999999996585,0.00012499999999993072,0.00012499999999993072,0.00012499999999993072,0.00012499999999993072,0.00012500000000015277,0.0,5.2369305814412374e-05,4.0488128406206935e-05,4.693028015681277e-05,5.179079142764764e-05,5.7833937885169396e-05,6.446251005429538e-05,0.0
periodic_d1,Periodic 1D,broad,H,0.0015625,128,4,2,1024,8192,1024,1.0,8192,3216,2116,2860,0.392578125,0.25830078125,0.34912109375,0.01025390625,0.25537109375,3216,0.392578125,0.392578125,84,2092,1.1994938330740887e-05,6.315120832861565e-06,9.716750384886064e-06,1.2200529703965124e-05,1.431819828096037e-05,1.677707706393139e-05,0.0,7.5744042409455784e-06,3.510650130919342e-06,5.7499601869734986e-06,7.575775219887e-06,9.280785902296694e-06,1.1460424480847543e-05,0.0,1.1994938330740887e-05,6.315120832861565e-06,9.716750384886064e-06,1.2200529703965124e-05,1.431819828096037e-05,1.677707706393139e-05,0.0,7.5744042409455784e-06,3.510650130919342e-06,5.7499601869734986e-06,7.575775219887e-06,9.280785902296694e-06,1.1460424480847543e-05,0.0,0.00012340123108097129,-9.397962039359165e-06,-1.7541867958215107e-10,0.0,8.195319621043251e-05,0.0007184388484419157,0.34326171875,0.0001224481016422468,-9.3696345644467e-06,-1.754186697275002e-10,0.0,8.158875227607748e-05,0.0007170801994197397,0.34326171875,2.4859216085628557e-05,-0.0016736151426762769,-0.0006710154508839938,-7.793020735891165e-06,0.0007363245908747484,0.0017569294631407158,0.0,1.5070118806238803e-05,-0.0010414201396206485,-0.0004165772470899516,-5.253807684342877e-06,0.0004583934228093518,0.0010717332681426015,0.0,0.00012821034860760618,0.0,0.0,0.0,8.462790689184319e-05,0.0007322756710180789,0.6044921875,4.809117526634896e-06,0.0,0.0,2.1541508110622942e-07,3.881027510255208e-06,1.861279193837717e-05,0.353515625,0.010242462158203125,0.0,0.0,0.0,0.0078125,0.06972656249999964,0.58984375,0.00018310546875,0.0,0.0,0.0,0.0,0.0,0.953125,-0.01556396484375,-0.03125,-0.01953125,-0.015625,-0.0078125,0.0,0.05859375,1.4388157005410243,0.937176848193289,1.1594355642660672,1.4111122193449657,1.6623728006338392,2.085330712989452,0.0,1.4387532005410242,0.937114348193289,1.1593730642660671,1.4110497193449656,1.662310300633839,2.085268212989452,0.0,6.250000000004082e-05,6.249999999985434e-05,6.250000000007638e-05,6.250000000007638e-05,6.250000000007638e-05,6.250000000007638e-05,0.0,2.6184652907231988e-05,2.0244064203031547e-05,2.3465140078448068e-05,2.5895395713869816e-05,2.8916968942636062e-05,3.223125502711907e-05,0.0
periodic_d1,Periodic 1D,broad,H,0.00078125,128,4,2,1024,8192,1024,1.0,8192,3182,2110,2900,0.388427734375,0.257568359375,0.35400390625,0.00634765625,0.254638671875,3182,0.388427734375,0.388427734375,52,2086,5.99105542540651e-06,3.1502921320480937e-06,4.851443534736877e-06,6.093360828129946e-06,7.1515867960114665e-06,8.38244121993681e-06,0.0,3.7832380803822165e-06,1.7512845404729016e-06,2.870728912033638e-06,3.783601303614187e-06,4.63552392782899e-06,5.72604716543622e-06,0.0,5.99105542540651e-06,3.1502921320480937e-06,4.851443534736877e-06,6.093360828129946e-06,7.1515867960114665e-06,8.38244121993681e-06,0.0,3.7832380803822165e-06,1.7512845404729016e-06,2.870728912033638e-06,3.783601303614187e-06,4.63552392782899e-06,5.72604716543622e-06,0.0,8.90193943567825e-05,-4.700806936486224e-06,-8.774359017138522e-11,0.0,6.052240553944266e-05,0.000519362954152669,0.34814453125,8.834214409788442e-05,-4.686637695324793e-06,-8.774358524213568e-11,0.0,6.05179273722434e-05,0.0005155628939004073,0.34814453125,1.458473718033172e-05,-0.0011866960300100926,-0.00047903173196139903,-1.5546888941231352e-06,0.0005156591427241675,0.0012331531566600606,0.0,8.857474590955355e-06,-0.0007369518056735631,-0.00029490858750920934,-9.574827980024026e-07,0.00032259958845592794,0.0007660036767698316,0.0,9.142415300974371e-05,0.0,0.0,0.0,6.125682726310089e-05,0.0005315586442952158,0.608642578125,2.404758652961212e-06,0.0,0.0,1.0004988709733098e-07,1.9412704750365606e-06,9.309990749439834e-06,0.3544921875,0.0016021728515625,0.0,0.0,0.0,0.0,0.0078125,0.90625,0.0,0.0,0.0,0.0,0.0,0.0,1.0,-0.0157470703125,-0.03125,-0.01953125,-0.015625,-0.0078125,0.0,0.07421875,1.4398476643033913,0.9381439005689329,1.1603988951599549,1.4123362221889115,1.662951090580569,2.0863275593500084,0.0,1.4398164143033914,0.9381126505689329,1.160367645159955,1.4123049721889114,1.6629198405805687,2.086296309350008,0.0,3.12499999999636e-05,3.124999999992717e-05,3.124999999992717e-05,3.124999999992717e-05,3.124999999992717e-05,3.1250000000149214e-05,0.0,1.3092326453590556e-05,1.0122032101587695e-05,1.1732570039182351e-05,1.2947697856888907e-05,1.4458484471266665e-05,1.611562751358816e-05,0.0
periodic_d1,Periodic 1D,clustered,H,0.1,128,4,2,1024,8192,1024,1.0,8192,5183,2789,220,0.6326904296875,0.3404541015625,0.02685546875,0.0516357421875,0.012451171875,5183,0.6326904296875,0.6326904296875,423,102,0.0011985189526840861,0.0011433560761078293,0.0011749177590384546,0.0012000109885867416,0.0012219867682530527,0.0012538834198669523,0.0,0.0008195089892696081,0.0007696154505419817,0.0007971217434633435,0.0008181788891693383,0.0008414523851080322,0.0008706779009691058,0.0,0.0011985189526840861,0.0011433560761078293,0.0011749177590384546,0.0012000109885867416,0.0012219867682530527,0.0012538834198669523,0.0,0.0008195089892696081,0.0007696154505419817,0.0007971217434633435,0.0008181788891693383,0.0008414523851080322,0.0008706779009691058,0.0,0.01788207686595375,-0.011152994551886786,-0.0004850932010460052,0.0028307074841376623,0.03615695241797667,0.072264331486938,0.02685546875,0.013636161073626087,-0.00867154120212267,-0.0003723517589991452,0.0021742165881740035,0.02787869456566871,0.05494331010957067,0.02685546875,0.001442531199638381,-0.012633248287051257,-0.0043996259347903605,0.0014289141904287317,0.0074489917451069365,0.015516786187846132,0.0,0.0009855850834642006,-0.008697737547716269,-0.0030169239963840845,0.000974447168119237,0.005108469992461211,0.010604901400372306,0.0,0.1553710591477125,0.00690212964707726,0.054825856246765836,0.09520652843805943,0.28473401034471213,0.3426741163791486,0.039306640625,0.13748898228175876,0.0,0.036593814453951046,0.04261236897302001,0.2869606223897827,0.34349075404897256,0.0784912109375,-0.021331787109375,-0.14453125,-0.08203125,-0.0234375,0.0390625,0.10546875,0.015625,0.02960968017578125,-0.015625,0.00390625,0.02734375,0.05078125,0.09375,0.052734375,0.032161712646484375,-0.01171875,0.0078125,0.03125,0.0546875,0.08984375,0.046875,0.841678525381645,0.7479636914022609,0.8141333445110099,0.846857878603789,0.8755018905072436,0.9179010028541331,0.0,0.837678525381645,0.7439636914022609,0.8101333445110099,0.842857878603789,0.8715018905072436,0.9139010028541331,0.0,0.0040000000000000036,0.0040000000000000036,0.0040000000000000036,0.0040000000000000036,0.0040000000000000036,0.0040000000000000036,0.0,0.0020213411673398463,0.0019465660400736092,0.001985000913175809,0.0020165246467745836,0.0020411432843970042,0.002125112850801178,0.0
periodic_d1,Periodic 1D,clustered,H,0.05,128,4,2,1024,8192,1024,1.0,8192,5333,2164,695,0.6510009765625,0.26416015625,0.0848388671875,0.06396484375,0.043212890625,5333,0.6510009765625,0.6510009765625,524,354,0.0005687314695966871,0.0005437370437798711,0.0005572569169970537,0.0005685780382368721,0.000579687460354944,0.000594113336874577,0.0,0.0003888903374929634,0.00036534062841005215,0.0003787276953476512,0.00038860566740716104,0.0003991616749368727,0.0004128725481842707,0.0,0.0005687314695966871,0.0005437370437798711,0.0005572569169970537,0.0005685780382368721,0.000579687460354944,0.000594113336874577,0.0,0.0003888903374929634,0.00036534062841005215,0.0003787276953476512,0.00038860566740716104,0.0003991616749368727,0.0004128725481842707,0.0,0.013223012899747564,-0.013314445182082912,-6.082366085335966e-05,0.004065929440676297,0.027273608513558645,0.05336845346075636,0.0848388671875,0.01007385159496715,-0.010416464138659987,-4.62608929405698e-05,0.003075672145993583,0.02097556908594115,0.04060583577307507,0.0848388671875,0.0006235631835539049,-0.010427457117301864,-0.0038465907155859624,0.000495438514158536,0.004969420547426148,0.011726694445813049,0.0,0.00042641310050232407,-0.007119548867703791,-0.0026416122128462252,0.0003337023305930623,0.003393143966897522,0.00799189785486015,0.0,0.10298577162184974,0.0,0.02021518136652889,0.04613975726739544,0.23541573165223043,0.3324808184289304,0.1280517578125,0.08976275872210218,0.0,0.016955756053426363,0.020889864810644698,0.23706302247630473,0.3332845525268314,0.1488037109375,-0.0240478515625,-0.15566406249999998,-0.07421875,-0.02734375,0.02734375,0.1171875,0.0107421875,0.008480072021484375,-0.0234375,-0.0078125,0.00390625,0.01953125,0.05078125,0.068359375,0.00994873046875,-0.0234375,-0.0078125,0.0078125,0.0234375,0.0546875,0.0771484375,0.9093986528690402,0.809982857453763,0.8877394490659374,0.9132090056516913,0.9403265855265135,0.9883215298744925,0.0,0.9073986528690403,0.807982857453763,0.8857394490659374,0.9112090056516913,0.9383265855265135,0.9863215298744925,0.0,0.0020000000000000018,0.0020000000000000018,0.0020000000000000018,0.0020000000000000018,0.0020000000000000018,0.0020000000000000018,0.0,0.0010106705836699231,0.0009732830200368046,0.0009925004565879045,0.0010082623233872918,0.0010205716421985021,0.001062556425400589,0.0
periodic_d1,Periodic 1D,clustered,H,0.025,128,4,2,1024,8192,1024,1.0,8192,4859,2070,1263,0.5931396484375,0.252685546875,0.1541748046875,0.0689697265625,0.087890625,4859,0.5931396484375,0.5931396484375,565,720,0.0002765079371495314,0.0002637336867363976,0.00027099571186209315,0.00027665295654991096,0.00028181105242885973,0.0002889090096844987,0.0,0.0001890747792950751,0.00017720798838778698,0.00018402492484082745,0.00018892431287645986,0.00019428520568527438,0.0002010044551812655,0.0,0.0002765079371495314,0.0002637336867363976,0.00027099571186209315,0.00027665295654991096,0.00028181105242885973,0.0002889090096844987,0.0,0.0001890747792950751,0.00017720798838778698,0.00018402492484082745,0.00018892431287645986,0.00019428520568527438,0.0002010044551812655,0.0,0.009080927087382631,-0.009475351818669098,-8.598319286790002e-06,0.002038237402326004,0.018669041246160645,0.038014366135792454,0.1541748046875,0.00692129142634244,-0.007474759177853995,-6.564454735598536e-06,0.001561445582065494,0.014187407768093421,0.02922547102446943,0.1541748046875,0.00043080636194569764,-0.007241758755735161,-0.002671625506980052,0.00040734431348665723,0.0036018122930641105,0.008272877340562038,0.0,0.0002945220763975093,-0.004975571509551901,-0.0018207386668077506,0.0002802026898098489,0.0024618552602837154,0.00561628588220234,0.0,0.06330779351788335,0.0,0.0006487076637812783,0.02169527802951876,0.04073587331009787,0.32001016353515543,0.2420654296875,0.05422686643050073,0.0,0.004633215830266768,0.010074793856971076,0.011198970292116694,0.32095625507073666,0.22314453125,-0.06247711181640625,-0.203125,-0.1015625,-0.05859375,-0.01171875,0.058007812499999645,0.0126953125,-0.00119781494140625,-0.0234375,-0.01171875,-0.00390625,0.0078125,0.03515625,0.076171875,-1.1444091796875e-05,-0.0234375,-0.01171875,-0.00390625,0.0078125,0.038476562499999645,0.103515625,0.9445386641094242,0.845993882636649,0.9231745472278128,0.948426085845473,0.9776285222050881,1.0222515280678166,0.0,0.9435386641094242,0.844993882636649,0.9221745472278128,0.947426085845473,0.9766285222050881,1.0212515280678167,0.0,0.000999999999999988,0.0009999999999998899,0.0010000000000000009,0.0010000000000000009,0.0010000000000000009,0.0010000000000000009,0.0,0.0005053352918349554,0.00048664151001834825,0.0004962502282939523,0.0005041311616936459,0.0005102858210992511,0.0005312782127002945,0.0
periodic_d1,Periodic 1D,clustered,H,0.0125,128,4,2,1024,8192,1024,1.0,8192,4523,1885,1784,0.5521240234375,0.2301025390625,0.2177734375,0.06103515625,0.1187744140625,4523,0.5521240234375,0.5521240234375,500,973,0.00013626148990529178,0.0001299084015720736,0.0001335743598170347,0.00013612732583204168,0.00013912120443104747,0.00014259846878458547,0.0,9.317563182664409e-05,8.734859215105839e-05,9.062022096778032e-05,9.298253196731866e-05,9.578043350772898e-05,9.916881419283091e-05,0.0,0.00013626148990529178,0.0001299084015720736,0.0001335743598170347,0.00013612732583204168,0.00013912120443104747,0.00014259846878458547,0.0,9.317563182664409e-05,8.734859215105839e-05,9.062022096778032e-05,9.298253196731866e-05,9.578043350772898e-05,9.916881419283091e-05,0.0,0.006325966007389963,-0.005141664324439632,0.0,0.00106112213429016,0.012725269480927559,0.02617517417023074,0.2177734375,0.004826904963130613,-0.003940635519397615,0.0,0.0008251175788131802,0.009678501442635913,0.01997420420212121,0.2177734375,0.00020411043169860652,-0.005098736220171485,-0.0019978948562939247,0.00023295624155852956,0.0024167944315588996,0.005584380048405946,0.0,0.00013949836979023852,-0.0035088588464419076,-0.0013742479869487843,0.00015959314958608893,0.0016640373513710847,0.0038250982358531984,0.0,0.03595468084074059,0.0,0.0,0.009842053747047164,0.022269574892691324,0.28740382514114415,0.3365478515625,0.029628714833350625,0.0,0.0,0.004902770860402694,0.005468276977639075,0.28759207180895296,0.27880859375,-0.08623886108398438,-0.23046875,-0.14453125,-0.083984375,-0.03125,0.05351562499999929,0.0185546875,-0.005275726318359375,-0.02734375,-0.015625,-0.009765625,0.00390625,0.02734375,0.046875,-0.0040435791015625,-0.0234375,-0.015625,-0.0078125,0.00390625,0.02734375,0.07421875,0.9624316348843638,0.8639917836213884,0.9422179533831965,0.9647968954041283,0.9970369251862409,1.0384617741292084,0.0,0.9619316348843638,0.8634917836213885,0.9417179533831965,0.9642968954041283,0.9965369251862409,1.0379617741292084,0.0,0.0004999999999999449,0.0004999999999999449,0.0004999999999999449,0.0004999999999999449,0.0004999999999999449,0.0004999999999999449,0.0,0.0002526676459174527,0.00024332075500917413,0.0002481251141469486,0.00025206558084679497,0.0002551429105495972,0.00026563910635011775,0.0
periodic_d1,Periodic 1D,clustered,H,0.00625,128,4,2,1024,8192,1024,1.0,8192,4135,1888,2169,0.5047607421875,0.23046875,0.2647705078125,0.0430908203125,0.1461181640625,4135,0.5047607421875,0.5047607421875,353,1197,6.762913485636895e-05,6.452508191043816e-05,6.629421197038021e-05,6.754851507856374e-05,6.905769590091759e-05,7.075909906517351e-05,0.0,4.624499043404909e-05,4.338576269718777e-05,4.4980747279686806e-05,4.615485695655222e-05,4.759858411278557e-05,4.918949902777597e-05,0.0,6.762913485636895e-05,6.452508191043816e-05,6.629421197038021e-05,6.754851507856374e-05,6.905769590091759e-05,7.075909906517351e-05,0.0,4.624499043404909e-05,4.338576269718777e-05,4.4980747279686806e-05,4.615485695655222e-05,4.759858411278557e-05,4.918949902777597e-05,0.0,0.004224007205057485,-0.002664046711137402,0.0,6.150150080580508e-05,0.008437482413033326,0.017882038242774012,0.2647705078125,0.0032309857097948783,-0.002029266632685017,0.0,4.656918913368488e-05,0.006455332389663819,0.014122606840616461,0.2647705078125,0.0001083458157886845,-0.0036487014960382425,-0.0014553937730474864,0.00018161810875483297,0.0016426943757216622,0.003965898240783805,0.0,7.411723089926703e-05,-0.002515704853471596,-0.000995603476660695,0.00012482398792485765,0.001127224930826033,0.0026965058325927405,0.0,0.02094817019502234,0.0,0.0,0.0035415785566764724,0.0125485917360178,0.20707996228387904,0.410888671875,0.01672416298996486,0.0,0.0,0.0024384465442942593,0.002713252746570527,0.20711242611287717,0.307861328125,0.2657279968261719,-0.1484375,-0.0166015625,0.39453125,0.49609375,0.55859375,0.00390625,0.0118560791015625,-0.01953125,-0.00390625,0.015625,0.0234375,0.04296875,0.0390625,-0.00817108154296875,-0.0234375,-0.015625,-0.01171875,-0.00390625,0.015625,0.06640625,0.9714592279857299,0.8730893571239038,0.951851229339262,0.974118788522905,1.0060642598673182,1.0466699779696842,0.0,0.9712092279857298,0.8728393571239038,0.9516012293392621,0.9738687885229049,1.005814259867318,1.0464199779696841,0.0,0.000250000000000005,0.00024999999999997247,0.00024999999999997247,0.00024999999999997247,0.0002500000000000835,0.0002500000000000835,0.0,0.00012633382295874234,0.0001216603775046411,0.0001240625570735294,0.00012603279042339749,0.0001275714552747986,0.00013281955317505888,0.0
periodic_d1,Periodic 1D,clustered,H,0.003125,128,4,2,1024,8192,1024,1.0,8192,3914,1873,2405,0.477783203125,0.2286376953125,0.2935791015625,0.03857421875,0.1727294921875,3914,0.477783203125,0.477783203125,316,1415,3.368872945902458e-05,3.215278994719295e-05,3.301526603564919e-05,3.365055331666644e-05,3.442468174907898e-05,3.523941031562672e-05,0.0,2.303649118048106e-05,2.161693395732835e-05,2.2398961370863872e-05,2.299153471633936e-05,2.372720420042553e-05,2.449971088467614e-05,0.0,3.368872945902458e-05,3.215278994719295e-05,3.301526603564919e-05,3.365055331666644e-05,3.442468174907898e-05,3.523941031562672e-05,0.0,2.303649118048106e-05,2.161693395732835e-05,2.2398961370863872e-05,2.299153471633936e-05,2.372720420042553e-05,2.449971088467614e-05,0.0,0.0029477686127388136,-0.0013552836032694193,0.0,0.0,0.005635304789874396,0.01331177002674111,0.2935791015625,0.0022589363943751736,-0.0010255284011985613,0.0,0.0,0.004412179880392149,0.01023222523348222,0.2935791015625,5.551289595447689e-05,-0.0026487471207740088,-0.001062022988231326,8.354507090901908e-05,0.001143410850275639,0.0027228496024438997,0.0,3.793768542503369e-05,-0.0018030018413353393,-0.0007255799686951911,5.8045853268617205e-05,0.0007883171337666947,0.0018617752335176932,0.0,0.010823515727228436,0.0,0.0,0.0009740392238615225,0.0074031641850415,0.017220409307252327,0.46630859375,0.007875747114489625,0.0,0.0,0.0012069523744070443,0.0013509493043036835,0.0014792560413915412,0.3321533203125,0.4771728515625,0.3046875,0.4140625,0.46875,0.5625,0.6484375,0.0,0.01699066162109375,0.00390625,0.01171875,0.015625,0.01953125,0.03515625,0.015625,-0.01021575927734375,-0.02734375,-0.01953125,-0.01171875,-0.00390625,0.01171875,0.056640625,0.9759933469084825,0.8776628988729196,0.9555819663109756,0.9790389369176393,1.010825939522039,1.0508505417510787,0.0,0.9758683469084825,0.8775378988729196,0.9554569663109755,0.9789139369176393,1.0107009395220392,1.0507255417510788,0.0,0.00012500000000000575,0.00012499999999993072,0.00012499999999993072,0.00012500000000004174,0.00012500000000004174,0.00012500000000004174,0.0,6.316691147937353e-05,6.083018875226652e-05,6.203127853670961e-05,6.301639521172673e-05,6.378572763742762e-05,6.640977658755893e-05,0.0
periodic_d1,Periodic 1D,clustered,H,0.0015625,128,4,2,1024,8192,1024,1.0,8192,3755,1851,2586,0.4583740234375,0.2259521484375,0.315673828125,0.02685546875,0.1893310546875,3755,0.4583740234375,0.4583740234375,220,1551,1.6812850861205495e-05,1.6047756037176898e-05,1.647163178046529e-05,1.679379723107388e-05,1.718660369053049e-05,1.7585499370861846e-05,0.0,1.1496707410063988e-05,1.0789212475455995e-05,1.1173904531891465e-05,1.1474260878726718e-05,1.1845862752040966e-05,1.2226074343750185e-05,0.0,1.6812850861205495e-05,1.6047756037176898e-05,1.647163178046529e-05,1.679379723107388e-05,1.718660369053049e-05,1.7585499370861846e-05,0.0,1.1496707410063988e-05,1.0789212475455995e-05,1.1173904531891465e-05,1.1474260878726718e-05,1.1845862752040966e-05,1.2226074343750185e-05,0.0,0.0020403050438749524,-0.00068082648206369,0.0,0.0,0.003736498715785408,0.009042072869289042,0.315673828125,0.001564686378944856,-0.000514754928855644,0.0,0.0,0.0028990722033375837,0.007055132969077816,0.315673828125,3.461036415182491e-05,-0.001890161026426307,-0.0007587330552149413,5.7209320564244326e-05,0.000800585235974427,0.0019589539106370513,0.0,2.3653397301165083e-05,-0.0012858834360331974,-0.0005196682170798032,3.912187961609326e-05,0.0005520380499223618,0.0013315735662458408,0.0,0.006591202852555048,0.0,0.0,0.0,0.004561970976777019,0.01113922023157421,0.5050048828125,0.004550897808680097,0.0,0.0,0.0006000448467712305,0.0006757385221954904,0.000722920776145985,0.342529296875,0.4117317199707031,0.2421875,0.3359375,0.39453125,0.48828125,0.6048828124999996,0.0,0.0128173828125,0.00390625,0.0078125,0.01171875,0.015625,0.0234375,0.015625,-0.0122222900390625,-0.02734375,-0.01953125,-0.01171875,-0.0078125,0.0078125,0.0546875,0.9782654926210765,0.8799558709024983,0.9575695219054517,0.9813217362144602,1.0129680442071487,1.0528635556357977,0.0,0.9782029926210765,0.8798933709024983,0.9575070219054518,0.9812592362144602,1.0129055442071486,1.0528010556357976,0.0,6.250000000000309e-05,6.249999999996536e-05,6.249999999996536e-05,6.249999999996536e-05,6.250000000007638e-05,6.250000000007638e-05,0.0,3.1583455739686135e-05,3.0415094376187288e-05,3.1015639268409896e-05,3.150819760583538e-05,3.1892863818685485e-05,3.3204888293749974e-05,0.0
periodic_d1,Periodic 1D,clustered,H,0.00078125,128,4,2,1024,8192,1024,1.0,8192,3664,1844,2684,0.447265625,0.22509765625,0.32763671875,0.01953125,0.2021484375,3664,0.447265625,0.447265625,160,1656,8.39854016994714e-06,8.016713860609093e-06,8.226379927325778e-06,8.389022722460338e-06,8.58686418177268e-06,8.784188591759445e-06,0.0,5.742964515945356e-06,5.389789637670772e-06,5.580595157554771e-06,5.7317496960911505e-06,5.918494217935659e-06,6.107085190331439e-06,0.0,8.39854016994714e-06,8.016713860609093e-06,8.226379927325778e-06,8.389022722460338e-06,8.58686418177268e-06,8.784188591759445e-06,0.0,5.742964515945356e-06,5.389789637670772e-06,5.580595157554771e-06,5.7317496960911505e-06,5.918494217935659e-06,6.107085190331439e-06,0.0,0.0014611063703043408,-0.00034097023556356465,0.0,0.0,0.002643696093668324,0.006412225681158845,0.32763671875,0.0011212048403886044,-0.00025766423624587703,0.0,0.0,0.002053545238077818,0.005066960685310721,0.32763671875,2.1079650923003696e-05,-0.0013303576600419142,-0.0005392873453980568,3.687096235649445e-05,0.0005642374135819417,0.001387903381328548,0.0,1.4403000505684962e-05,-0.000911154668820403,-0.0003686519880679338,2.5245521388768287e-05,0.000389264664112186,0.0009424783855286178,0.0,0.0022335701267832487,0.0,0.0,0.0,0.002970806387471825,0.0069992684810678,0.52978515625,0.0007724637564789077,0.0,0.0,0.0003000018802649107,0.00033715636603670607,0.000359218980447773,0.34716796875,0.3148040771484375,0.1484375,0.23828125,0.2890625,0.39453125,0.51171875,0.0,0.008453369140625,0.0,0.00390625,0.0078125,0.01171875,0.01953125,0.1328125,-0.01361083984375,-0.02734375,-0.01953125,-0.013671875,-0.0078125,0.00390625,0.0546875,0.9794028377460697,0.881103908756758,0.9585047923479312,0.982465998194321,1.0140400712961264,1.053870836300625,0.0,0.9793715877460697,0.881072658756758,0.9584735423479311,0.982434748194321,1.0140088212961265,1.0538395863006251,0.0,3.125000000000003e-05,3.124999999992717e-05,3.124999999992717e-05,3.125000000003819e-05,3.125000000003819e-05,3.125000000003819e-05,0.0,1.5791727869843044e-05,1.5207547188039615e-05,1.5507819634149854e-05,1.5754098802945675e-05,1.5946431909371067e-05,1.660244414690448e-05,0.0
