instance,short_label,population_family,convention,input_law_index,mean,positive_mean,negative_mean,positive_mass,negative_mass,zero_mass,q05,q25,q50,q75,q95
separable_pl_d4,PL 4D,broad,benefit: mean parental objective minus midpoint objective,0,2.9374215132133443,2.9374215132133443,0.0,0.96875,0.0,0.03125,0.27372686964186776,1.2957106601908048,2.4810369555153184,4.148990481762942,6.865677817493864
separable_pl_d4,PL 4D,broad,benefit: mean parental objective minus midpoint objective,1,2.8739781085724547,2.8739781085724547,0.0,0.96875,0.0,0.03125,0.1980851982218823,1.1766352878425512,2.4656879076442273,3.966870053458045,7.213961212590262
separable_pl_d4,PL 4D,broad,benefit: mean parental objective minus midpoint objective,2,3.101571808329125,3.101571808329125,0.0,0.96875,0.0,0.03125,0.17103165159318579,1.2385778029817658,2.636717755159161,4.3832308545387555,7.958988695617359
separable_pl_d4,PL 4D,broad,benefit: mean parental objective minus midpoint objective,3,3.1828484361365317,3.1828484361365317,0.0,0.96875,0.0,0.03125,0.2891846400103155,1.4716122639286473,2.69855474039783,4.675463786154468,7.371598552531849
separable_pl_d4,PL 4D,broad,benefit: mean parental objective minus midpoint objective,4,3.0412209166208672,3.0412209166208672,0.0,0.96875,0.0,0.03125,0.24538312169215537,1.3686792032298403,2.528935652539989,4.264190393544795,7.222253925246519
separable_pl_d4,PL 4D,broad,benefit: mean parental objective minus midpoint objective,5,2.7132691017997166,2.7132691017997166,0.0,0.96875,0.0,0.03125,0.22664797307916906,1.2769663368477264,2.3102830311017515,3.83649267057093,6.516020356261423
separable_pl_d4,PL 4D,broad,benefit: mean parental objective minus midpoint objective,6,3.22679694258445,3.22679694258445,0.0,0.96875,0.0,0.03125,0.17833829913827515,1.3391691140752595,2.71391896544345,4.42893606216899,8.480019864263983
separable_pl_d4,PL 4D,broad,benefit: mean parental objective minus midpoint objective,7,3.9002486203359576,3.9002486203359576,0.0,0.96875,0.0,0.03125,0.24284536877135565,1.5865460142270233,3.2839903632616707,5.480585141684692,9.559407693839809
separable_pl_d4,PL 4D,broad,benefit: mean parental objective minus midpoint objective,8,2.5233207653252103,2.5233207653252103,0.0,0.96875,0.0,0.03125,0.23993118274374137,1.0702961766791432,2.0904315050664195,3.5594236205536243,6.182914619621476
separable_pl_d4,PL 4D,broad,benefit: mean parental objective minus midpoint objective,9,2.7368332636571058,2.7368332636571058,0.0,0.96875,0.0,0.03125,0.17190116876023076,1.1044448829785507,2.2822921855576688,3.8538577224649364,6.960601462883289
separable_pl_d4,PL 4D,broad,benefit: mean parental objective minus midpoint objective,10,1.9584706208397418,1.9584706208397418,0.0,0.96875,0.0,0.03125,0.18868229960614658,0.9156153163548755,1.6932383144784744,2.6963469458919693,4.729964637443526
separable_pl_d4,PL 4D,broad,benefit: mean parental objective minus midpoint objective,11,2.933860740850197,2.933860740850197,0.0,0.96875,0.0,0.03125,0.20740827566967113,1.33321768076972,2.5878418556242906,4.214607129547963,6.617393603358577
separable_pl_d4,PL 4D,broad,benefit: mean parental objective minus midpoint objective,12,3.0562727726315146,3.0562727726315146,0.0,0.96875,0.0,0.03125,0.2802414079247306,1.3181687986331516,2.5690132563721546,4.221195248999965,6.943930424055229
separable_pl_d4,PL 4D,broad,benefit: mean parental objective minus midpoint objective,13,2.7580941292125583,2.7580941292125583,0.0,0.96875,0.0,0.03125,0.19254856002032916,1.2233414743706454,2.45536659015661,3.645310560702846,6.637357029962267
separable_pl_d4,PL 4D,broad,benefit: mean parental objective minus midpoint objective,14,2.649723034983573,2.649723034983573,0.0,0.96875,0.0,0.03125,0.23047835844741726,1.0482225305711612,2.080611398223187,3.5046428962835456,7.317509495910773
separable_pl_d4,PL 4D,broad,benefit: mean parental objective minus midpoint objective,15,2.8864496893582023,2.8864496893582023,0.0,0.96875,0.0,0.03125,0.28055383621750707,1.2648304124505945,2.3028336722708502,4.164356305049971,7.160151862230362
separable_pl_d4,PL 4D,broad,benefit: mean parental objective minus midpoint objective,16,3.141573099337106,3.141573099337106,0.0,0.96875,0.0,0.03125,0.3204874932645456,1.4023619301628392,2.685766379727854,4.442514927221445,7.484266718604039
separable_pl_d4,PL 4D,broad,benefit: mean parental objective minus midpoint objective,17,3.2994226790789956,3.2994226790789956,0.0,0.96875,0.0,0.03125,0.3351584043823319,1.4930850080439715,2.6539372769341147,4.53557708188705,8.804674802633517
separable_pl_d4,PL 4D,broad,benefit: mean parental objective minus midpoint objective,18,2.980719868467368,2.980719868467368,0.0,0.96875,0.0,0.03125,0.20523899929982736,1.143299040234195,2.484160294715892,4.247713207437425,7.653116234759371
separable_pl_d4,PL 4D,broad,benefit: mean parental objective minus midpoint objective,19,3.2886056788435667,3.2886056788435667,0.0,0.96875,0.0,0.03125,0.1994955839933663,1.3976411494519327,2.788153479265736,4.556217022678716,8.382078757938505
separable_pl_d4,PL 4D,broad,benefit: mean parental objective minus midpoint objective,20,2.8553155241286894,2.8553155241286894,0.0,0.96875,0.0,0.03125,0.28174249267333584,1.1688844766441568,2.208632367937323,3.891155298316546,7.561759339214826
separable_pl_d4,PL 4D,broad,benefit: mean parental objective minus midpoint objective,21,2.7672389248806075,2.7672389248806075,0.0,0.96875,0.0,0.03125,0.2654793490748819,1.2901460425355582,2.4024345050699747,3.8485639421488003,6.486802853551489
separable_pl_d4,PL 4D,broad,benefit: mean parental objective minus midpoint objective,22,3.1503411165607407,3.1503411165607407,0.0,0.96875,0.0,0.03125,0.28225173647043134,1.437331979270171,2.619758869390595,4.381880512929482,7.896686083419166
separable_pl_d4,PL 4D,broad,benefit: mean parental objective minus midpoint objective,23,2.6724193072479903,2.6724193072479903,0.0,0.96875,0.0,0.03125,0.21914189177672405,1.1069361390717134,2.1583445145319455,3.6526851480550153,6.9047689880569765
separable_pl_d4,PL 4D,broad,benefit: mean parental objective minus midpoint objective,24,2.458369450619644,2.458369450619644,0.0,0.96875,0.0,0.03125,0.22433471610437739,1.0453115744316444,2.0063472732419187,3.4381047620417164,6.353211320000774
separable_pl_d4,PL 4D,broad,benefit: mean parental objective minus midpoint objective,25,2.750112457130739,2.750112457130739,0.0,0.96875,0.0,0.03125,0.1751514642415959,1.097466709589523,2.414489803130053,3.7667651447568113,6.905160299907431
separable_pl_d4,PL 4D,broad,benefit: mean parental objective minus midpoint objective,26,2.948491732122031,2.948491732122031,0.0,0.96875,0.0,0.03125,0.19921625831007894,1.2540240831867635,2.485609152509306,4.160161239666521,6.926312227385173
separable_pl_d4,PL 4D,broad,benefit: mean parental objective minus midpoint objective,27,2.7510171116291993,2.7510171116291993,0.0,0.96875,0.0,0.03125,0.18927172752669463,1.373405355614672,2.337112808769808,3.7151610201579093,7.0335706553001955
separable_pl_d4,PL 4D,broad,benefit: mean parental objective minus midpoint objective,28,3.0653834965787365,3.0653834965787365,0.0,0.96875,0.0,0.03125,0.26095173974544217,1.3294539228414681,2.581047739250844,4.153758107759871,7.9829235049656395
separable_pl_d4,PL 4D,broad,benefit: mean parental objective minus midpoint objective,29,3.0231477528095474,3.0231477528095474,0.0,0.96875,0.0,0.03125,0.20213870626848873,1.3674228764823955,2.534550170150485,4.501843936110151,6.888733621906551
separable_pl_d4,PL 4D,broad,benefit: mean parental objective minus midpoint objective,30,2.4351944924724904,2.4351944924724904,0.0,0.96875,0.0,0.03125,0.15554526091745835,1.1864511605500763,2.0886322304474128,3.414275923486839,5.717251853059251
separable_pl_d4,PL 4D,broad,benefit: mean parental objective minus midpoint objective,31,3.0796583781260294,3.0796583781260294,0.0,0.96875,0.0,0.03125,0.23570572975256443,1.3698764381824144,2.588546991408524,4.405588106157388,6.952958176069423
separable_pl_d4,PL 4D,broad,benefit: mean parental objective minus midpoint objective,32,2.942722766150709,2.942722766150709,0.0,0.96875,0.0,0.03125,0.1837808444467699,1.0399294225550522,2.196450110475261,4.242566400409476,8.215278394144558
separable_pl_d4,PL 4D,broad,benefit: mean parental objective minus midpoint objective,33,3.8028967181574234,3.8028967181574234,0.0,0.96875,0.0,0.03125,0.19017248592685565,1.600890880210427,3.413470688664175,5.475920374394985,9.202713431359397
separable_pl_d4,PL 4D,broad,benefit: mean parental objective minus midpoint objective,34,2.7373026777281906,2.7373026777281906,0.0,0.96875,0.0,0.03125,0.2616907194778584,1.2965233857967569,2.376493999213521,3.835582373253451,6.450612029796105
separable_pl_d4,PL 4D,broad,benefit: mean parental objective minus midpoint objective,35,2.6597380662439054,2.6597380662439054,0.0,0.96875,0.0,0.03125,0.23312373143585807,1.0756594306565015,2.1979893758732647,3.897284166480894,6.403225754919039
separable_pl_d4,PL 4D,broad,benefit: mean parental objective minus midpoint objective,36,2.350937652715409,2.350937652715409,0.0,0.96875,0.0,0.03125,0.16404571119836753,0.921781420554133,1.9557175308247796,3.2725089535113536,6.047237654509009
separable_pl_d4,PL 4D,broad,benefit: mean parental objective minus midpoint objective,37,2.331475108734057,2.331475108734057,0.0,0.96875,0.0,0.03125,0.151883640505031,1.03906257651491,2.0505327187895883,3.2766475054718214,5.526447974114757
separable_pl_d4,PL 4D,broad,benefit: mean parental objective minus midpoint objective,38,3.506968531045352,3.506968531045352,0.0,0.96875,0.0,0.03125,0.24753102315465014,1.4789963938113893,3.073698830909155,4.985281025229288,8.36701320998738
separable_pl_d4,PL 4D,broad,benefit: mean parental objective minus midpoint objective,39,3.128424861074852,3.128424861074852,0.0,0.96875,0.0,0.03125,0.23192718033982196,1.3168845602191794,2.6912658218988987,4.349908297309278,7.603648411742649
separable_pl_d4,PL 4D,broad,benefit: mean parental objective minus midpoint objective,40,2.9449200066577217,2.9449200066577217,0.0,0.96875,0.0,0.03125,0.3069860873290384,1.3600210952245178,2.4660641613576626,4.107494912083875,6.982995142069163
separable_pl_d4,PL 4D,broad,benefit: mean parental objective minus midpoint objective,41,2.7586085559848215,2.7586085559848215,0.0,0.96875,0.0,0.03125,0.2557558122608672,1.247681438883089,2.397728839375178,3.929445950517678,6.663808787893487
separable_pl_d4,PL 4D,broad,benefit: mean parental objective minus midpoint objective,42,2.571981476423267,2.571981476423267,0.0,0.96875,0.0,0.03125,0.22197029482031727,1.1431653856417334,2.2732710994086367,3.57313629075,5.963031921492075
separable_pl_d4,PL 4D,broad,benefit: mean parental objective minus midpoint objective,43,2.5521974123194613,2.5521974123194613,0.0,0.96875,0.0,0.03125,0.20559716196111388,1.0339470447919457,1.9096217852761797,3.5398294360621643,7.156377542124098
separable_pl_d4,PL 4D,broad,benefit: mean parental objective minus midpoint objective,44,3.3571206744279696,3.3571206744279696,0.0,0.96875,0.0,0.03125,0.4187031709871656,1.4452712932478082,2.7179049718987986,4.767083263658392,8.348741271892056
separable_pl_d4,PL 4D,broad,benefit: mean parental objective minus midpoint objective,45,2.7798164923968836,2.7798164923968836,0.0,0.96875,0.0,0.03125,0.2758492855662631,1.266498083598952,2.462481537822829,4.074299784107486,6.286245419191482
separable_pl_d4,PL 4D,broad,benefit: mean parental objective minus midpoint objective,46,3.3067720953404773,3.3067720953404773,0.0,0.96875,0.0,0.03125,0.23153486625547792,1.6097985560030539,2.9130226137027533,4.769958094348265,7.801770933442187
separable_pl_d4,PL 4D,broad,benefit: mean parental objective minus midpoint objective,47,2.589338585026539,2.589338585026539,0.0,0.96875,0.0,0.03125,0.23728260991572547,1.005342288357678,2.126777330640294,3.6938283619079826,6.704068920846751
separable_pl_d4,PL 4D,broad,benefit: mean parental objective minus midpoint objective,48,2.650632709542701,2.650632709542701,0.0,0.96875,0.0,0.03125,0.20263136179297492,1.222098549766784,2.2295296538721683,3.5498274640893106,6.601310853896656
separable_pl_d4,PL 4D,broad,benefit: mean parental objective minus midpoint objective,49,2.5501447215973334,2.5501447215973334,0.0,0.96875,0.0,0.03125,0.1591764328697547,1.0023423393832598,2.3094512611151643,3.6760796572774534,5.808514033061424
separable_pl_d4,PL 4D,broad,benefit: mean parental objective minus midpoint objective,50,3.1561443816850074,3.1561443816850074,0.0,0.96875,0.0,0.03125,0.23353748271872288,1.1865199929630466,2.6847135987213666,4.537964634145309,7.5897156464591955
separable_pl_d4,PL 4D,broad,benefit: mean parental objective minus midpoint objective,51,4.214247166613832,4.214247166613832,0.0,0.96875,0.0,0.03125,0.41392203863906163,1.7687293811557012,3.458699441500265,5.807823642800612,10.470622072801309
separable_pl_d4,PL 4D,broad,benefit: mean parental objective minus midpoint objective,52,3.442670174508799,3.442670174508799,0.0,0.96875,0.0,0.03125,0.27481188819272706,1.3909184600045537,3.003888680666474,4.901040825312716,8.111663246358994
separable_pl_d4,PL 4D,broad,benefit: mean parental objective minus midpoint objective,53,2.631113330662726,2.631113330662726,0.0,0.96875,0.0,0.03125,0.15077946067730963,1.1674044279298297,2.075802042614267,3.5001860917029317,6.971440680764271
separable_pl_d4,PL 4D,broad,benefit: mean parental objective minus midpoint objective,54,2.7643140228023664,2.7643140228023664,0.0,0.96875,0.0,0.03125,0.24319478415811258,1.2570088887257143,2.462658357463451,3.9834376755209586,6.479506094966293
separable_pl_d4,PL 4D,broad,benefit: mean parental objective minus midpoint objective,55,3.0337548319914136,3.0337548319914136,0.0,0.96875,0.0,0.03125,0.17579521244394058,1.516301451996295,2.576547928965062,4.226440547092974,7.016462973732727
separable_pl_d4,PL 4D,broad,benefit: mean parental objective minus midpoint objective,56,2.877473634829195,2.877473634829195,0.0,0.96875,0.0,0.03125,0.20326462745981644,1.4425915597731933,2.491624191435413,3.8189374334241237,6.809199678074899
separable_pl_d4,PL 4D,broad,benefit: mean parental objective minus midpoint objective,57,2.7439693425068206,2.7439693425068206,0.0,0.96875,0.0,0.03125,0.15514587337499108,1.2290098733709092,2.640201782695647,3.863815037630305,6.245114418410943
separable_pl_d4,PL 4D,broad,benefit: mean parental objective minus midpoint objective,58,2.960388487539956,2.960388487539956,0.0,0.96875,0.0,0.03125,0.1617774762184112,1.2538730903639337,2.4785818152834516,4.341886998241815,7.1269024737857665
separable_pl_d4,PL 4D,broad,benefit: mean parental objective minus midpoint objective,59,2.659117850739774,2.659117850739774,0.0,0.96875,0.0,0.03125,0.227536488267714,1.202629625356856,2.4296657142380598,3.5643085146494986,6.315588768071215
separable_pl_d4,PL 4D,broad,benefit: mean parental objective minus midpoint objective,60,2.736958618164576,2.736958618164576,0.0,0.96875,0.0,0.03125,0.19666548910895632,1.0132028239494275,2.263457433240344,3.9739966513129055,7.285403743729055
separable_pl_d4,PL 4D,broad,benefit: mean parental objective minus midpoint objective,61,2.5346203872172772,2.5346203872172772,0.0,0.96875,0.0,0.03125,0.28368070307449855,1.1798261047474359,2.0776727672008475,3.4423503970420732,6.014454527616153
separable_pl_d4,PL 4D,broad,benefit: mean parental objective minus midpoint objective,62,2.4914250438173435,2.4914250438173435,0.0,0.96875,0.0,0.03125,0.1989667052381039,1.1021108709175298,2.152128188166194,3.420148873192499,5.979863781351068
separable_pl_d4,PL 4D,broad,benefit: mean parental objective minus midpoint objective,63,2.926354622837206,2.926354622837206,0.0,0.96875,0.0,0.03125,0.19331738318531677,1.3377032269654938,2.5859942721342195,4.150710817855508,6.896054434551319
separable_pl_d4,PL 4D,broad,benefit: mean parental objective minus midpoint objective,64,3.6558470949839625,3.6558470949839625,0.0,0.96875,0.0,0.03125,0.30087394598192585,1.6611749280850105,2.958095967243069,5.0538083350202845,8.780102491888062
separable_pl_d4,PL 4D,broad,benefit: mean parental objective minus midpoint objective,65,3.6161094911751333,3.6161094911751333,0.0,0.96875,0.0,0.03125,0.2724035580733002,1.6282154702136244,3.127575476878884,5.107881837911478,8.518833866772205
separable_pl_d4,PL 4D,broad,benefit: mean parental objective minus midpoint objective,66,3.565067635158539,3.565067635158539,0.0,0.96875,0.0,0.03125,0.24917040017685466,1.559076253881189,3.0116049765756987,5.016898576670002,8.375257939557901
separable_pl_d4,PL 4D,broad,benefit: mean parental objective minus midpoint objective,67,2.6093573713153098,2.6093573713153098,0.0,0.96875,0.0,0.03125,0.2554541518213327,1.1582026486939245,2.3009870958350023,3.715083334869364,5.955603853644742
separable_pl_d4,PL 4D,broad,benefit: mean parental objective minus midpoint objective,68,2.7007001538771855,2.7007001538771855,0.0,0.96875,0.0,0.03125,0.23574284218822772,1.1682244916333007,2.2826616780632554,3.8232158689327473,6.375665357428815
separable_pl_d4,PL 4D,broad,benefit: mean parental objective minus midpoint objective,69,3.0589582924254657,3.0589582924254657,0.0,0.96875,0.0,0.03125,0.3137738116805977,1.3126357897489376,2.6254979996425556,4.286209593511715,7.298294888627005
separable_pl_d4,PL 4D,broad,benefit: mean parental objective minus midpoint objective,70,2.862790845775697,2.862790845775697,0.0,0.96875,0.0,0.03125,0.14802495472504074,1.3392311094129408,2.3209626988263814,3.703799470353231,7.086834201056725
separable_pl_d4,PL 4D,broad,benefit: mean parental objective minus midpoint objective,71,3.143810898759179,3.143810898759179,0.0,0.96875,0.0,0.03125,0.21526856971259178,1.3445645089213487,2.5901492517012756,4.371560360388129,8.157656911029761
separable_pl_d4,PL 4D,broad,benefit: mean parental objective minus midpoint objective,72,2.5960782249171483,2.5960782249171483,0.0,0.96875,0.0,0.03125,0.2201359133218883,1.0114282591090893,2.143128332351317,3.7183052172083846,6.743591945858718
separable_pl_d4,PL 4D,broad,benefit: mean parental objective minus midpoint objective,73,2.541112365307179,2.541112365307179,0.0,0.96875,0.0,0.03125,0.21029040312017244,1.085033100331155,2.221080232193663,3.4533926881461188,6.294844429664741
separable_pl_d4,PL 4D,broad,benefit: mean parental objective minus midpoint objective,74,3.131538374981049,3.131538374981049,0.0,0.96875,0.0,0.03125,0.23254554039907127,1.4169560369763134,2.4882435064563353,4.537100522555803,7.676827769718852
separable_pl_d4,PL 4D,broad,benefit: mean parental objective minus midpoint objective,75,2.6895736328701374,2.6895736328701374,0.0,0.96875,0.0,0.03125,0.2947457457207996,1.1819836670622514,2.206613501642689,3.6535494035168856,6.641879106796436
separable_pl_d4,PL 4D,broad,benefit: mean parental objective minus midpoint objective,76,2.643761188665798,2.643761188665798,0.0,0.96875,0.0,0.03125,0.24814827818628515,1.15547618180676,2.1257678890516005,3.6231940054592404,6.709211246363058
separable_pl_d4,PL 4D,broad,benefit: mean parental objective minus midpoint objective,77,3.0585421769988352,3.0585421769988352,0.0,0.96875,0.0,0.03125,0.21852275208935534,1.2748198145942278,2.418299030976804,4.309733704490112,7.60820846611275
separable_pl_d4,PL 4D,broad,benefit: mean parental objective minus midpoint objective,78,1.9228016337516523,1.9228016337516523,0.0,0.96875,0.0,0.03125,0.09811726843231305,0.8181508119857577,1.5814270167324675,2.7491325775437954,4.934279953219171
separable_pl_d4,PL 4D,broad,benefit: mean parental objective minus midpoint objective,79,3.1956289593220073,3.1956289593220073,0.0,0.96875,0.0,0.03125,0.2261430157961506,1.483478391601503,2.7803467229632144,4.518447466247405,7.845473773177282
separable_pl_d4,PL 4D,broad,benefit: mean parental objective minus midpoint objective,80,2.840906444273453,2.840906444273453,0.0,0.96875,0.0,0.03125,0.1066581069285224,1.108357341197305,2.284595244344696,4.054070791028497,6.912309893967066
separable_pl_d4,PL 4D,broad,benefit: mean parental objective minus midpoint objective,81,3.0492237477643265,3.0492237477643265,0.0,0.96875,0.0,0.03125,0.28068522652770245,1.5061392834630674,2.864911780261294,4.152447563713377,6.996746142039441
separable_pl_d4,PL 4D,broad,benefit: mean parental objective minus midpoint objective,82,3.280813706628091,3.280813706628091,0.0,0.96875,0.0,0.03125,0.22007585579655142,1.5737875729960003,2.9229527616628017,4.656139806337041,7.442884181035785
separable_pl_d4,PL 4D,broad,benefit: mean parental objective minus midpoint objective,83,2.6334998257619633,2.6334998257619633,0.0,0.96875,0.0,0.03125,0.17441948924848028,1.2403419097220088,2.3014445472128555,3.6181859590159657,6.324370788818711
separable_pl_d4,PL 4D,broad,benefit: mean parental objective minus midpoint objective,84,2.6422365172993505,2.6422365172993505,0.0,0.96875,0.0,0.03125,0.25916048382605084,1.1235887849950883,2.1944429854718424,3.750377777102049,6.8370334658836605
separable_pl_d4,PL 4D,broad,benefit: mean parental objective minus midpoint objective,85,2.551415403529391,2.551415403529391,0.0,0.96875,0.0,0.03125,0.22382614041126736,1.1453571787410226,2.243900522919674,3.5204063310206966,6.227575236145185
separable_pl_d4,PL 4D,broad,benefit: mean parental objective minus midpoint objective,86,3.009235004113529,3.009235004113529,0.0,0.96875,0.0,0.03125,0.2690361469289435,1.276375016056372,2.3751013426373397,4.270937432737458,7.598123502161589
separable_pl_d4,PL 4D,broad,benefit: mean parental objective minus midpoint objective,87,2.712037758783503,2.712037758783503,0.0,0.96875,0.0,0.03125,0.21609442505299903,1.1873389682686177,2.296608900996712,3.7051612363713256,6.74941131585023
separable_pl_d4,PL 4D,broad,benefit: mean parental objective minus midpoint objective,88,2.5002113049087047,2.5002113049087047,0.0,0.96875,0.0,0.03125,0.1686514190192776,1.1271783698017814,2.1266945518414717,3.4512681518958406,6.06156518952857
separable_pl_d4,PL 4D,broad,benefit: mean parental objective minus midpoint objective,89,3.463494733919704,3.463494733919704,0.0,0.96875,0.0,0.03125,0.3109873356122752,1.7143887154870336,3.1494760682204945,4.803342219013993,7.714409414571188
separable_pl_d4,PL 4D,broad,benefit: mean parental objective minus midpoint objective,90,2.538931197173944,2.538931197173944,0.0,0.96875,0.0,0.03125,0.25415684966548824,1.1844180089701588,2.174249403512034,3.2815916791006035,5.889366950859895
separable_pl_d4,PL 4D,broad,benefit: mean parental objective minus midpoint objective,91,3.5046664906651657,3.5046664906651657,0.0,0.96875,0.0,0.03125,0.20805221961059495,1.5586756675670639,2.876278392400726,4.596333708332791,9.30825433902407
separable_pl_d4,PL 4D,broad,benefit: mean parental objective minus midpoint objective,92,2.527695298116857,2.527695298116857,0.0,0.96875,0.0,0.03125,0.19207120220251106,1.0942651542799258,2.1489192884358914,3.4363568609307693,6.427485962050935
separable_pl_d4,PL 4D,broad,benefit: mean parental objective minus midpoint objective,93,2.9834488612127448,2.9834488612127448,0.0,0.96875,0.0,0.03125,0.2068851161737273,1.3449624041596842,2.3290519193894923,4.117346685484812,7.533204764983274
separable_pl_d4,PL 4D,broad,benefit: mean parental objective minus midpoint objective,94,2.7415366615677144,2.7415366615677144,0.0,0.96875,0.0,0.03125,0.18657160610831092,1.217297171012686,2.3190381369142257,3.855483759843896,6.570718762067146
separable_pl_d4,PL 4D,broad,benefit: mean parental objective minus midpoint objective,95,2.948946679682618,2.948946679682618,0.0,0.96875,0.0,0.03125,0.19838662413940256,1.3250269241456447,2.5415525498026854,4.086348978159231,7.159960561889633
separable_pl_d4,PL 4D,broad,benefit: mean parental objective minus midpoint objective,96,2.9796467025738114,2.9796467025738114,0.0,0.96875,0.0,0.03125,0.2271206678564459,1.4610842038805703,2.538900194698046,4.050513861820235,7.46783224058628
separable_pl_d4,PL 4D,broad,benefit: mean parental objective minus midpoint objective,97,3.7432260344322796,3.7432260344322796,0.0,0.96875,0.0,0.03125,0.34529186579420745,1.7281643821071184,3.2800082267815087,5.253942585702772,8.696081346182584
separable_pl_d4,PL 4D,broad,benefit: mean parental objective minus midpoint objective,98,2.7631348023959825,2.7631348023959825,0.0,0.96875,0.0,0.03125,0.2528592546624697,1.1774501763620009,2.3710417555977035,3.862018509494865,6.747380064353941
separable_pl_d4,PL 4D,broad,benefit: mean parental objective minus midpoint objective,99,2.9718172634738984,2.9718172634738984,0.0,0.96875,0.0,0.03125,0.21326719002046346,1.2716757574713746,2.5112012996272233,4.20611522986448,7.268171427851539
separable_pl_d4,PL 4D,broad,benefit: mean parental objective minus midpoint objective,100,2.1945768857891217,2.1945768857891217,0.0,0.96875,0.0,0.03125,0.19078766430756033,0.8739256686796786,1.6647535689229973,2.967100034638227,6.3742493162817935
separable_pl_d4,PL 4D,broad,benefit: mean parental objective minus midpoint objective,101,3.092486255023588,3.092486255023588,0.0,0.96875,0.0,0.03125,0.2934794484697427,1.3056408341622339,2.6228234490719675,4.377196173679065,7.289094661775987
separable_pl_d4,PL 4D,broad,benefit: mean parental objective minus midpoint objective,102,3.094816944634364,3.094816944634364,0.0,0.96875,0.0,0.03125,0.17023408007186625,1.2024529919103828,2.4495601668140505,4.633356496288734,7.600184386863381
separable_pl_d4,PL 4D,broad,benefit: mean parental objective minus midpoint objective,103,3.0692892871514936,3.0692892871514936,0.0,0.96875,0.0,0.03125,0.30443113196774796,1.2200066028905603,2.4005095108330305,4.146651077662618,8.41588423313673
separable_pl_d4,PL 4D,broad,benefit: mean parental objective minus midpoint objective,104,3.0726278327309666,3.0726278327309666,0.0,0.96875,0.0,0.03125,0.3577421101207241,1.5044272455583823,2.6188715784720493,4.287001217818979,7.349697476241182
separable_pl_d4,PL 4D,broad,benefit: mean parental objective minus midpoint objective,105,3.2650286875633316,3.2650286875633316,0.0,0.96875,0.0,0.03125,0.1943234260084825,1.1929653409557814,2.3720446825825703,4.2485009286296,9.48149981881181
separable_pl_d4,PL 4D,broad,benefit: mean parental objective minus midpoint objective,106,2.3687530835438793,2.3687530835438793,0.0,0.96875,0.0,0.03125,0.18764890541594603,0.974246264418472,2.00075522921089,3.4162577934787706,5.502341853912091
separable_pl_d4,PL 4D,broad,benefit: mean parental objective minus midpoint objective,107,2.852583200401394,2.852583200401394,0.0,0.96875,0.0,0.03125,0.11359617328883598,1.1709494007302261,2.6251593559582,4.147178936102868,6.900281949885903
separable_pl_d4,PL 4D,broad,benefit: mean parental objective minus midpoint objective,108,2.8561320278500384,2.8561320278500384,0.0,0.96875,0.0,0.03125,0.2268770720262836,1.257604440574867,2.3672896762854663,3.957195357238062,7.086040797823747
separable_pl_d4,PL 4D,broad,benefit: mean parental objective minus midpoint objective,109,3.3160191420615894,3.3160191420615894,0.0,0.96875,0.0,0.03125,0.24310452513566894,1.4045866824115532,3.016275727231001,4.658026401150895,7.835550878774362
separable_pl_d4,PL 4D,broad,benefit: mean parental objective minus midpoint objective,110,3.398810866010545,3.398810866010545,0.0,0.96875,0.0,0.03125,0.21089663242537426,1.4230857272065247,2.874244581473762,4.907076086192851,8.617965636032126
separable_pl_d4,PL 4D,broad,benefit: mean parental objective minus midpoint objective,111,2.8623670137109416,2.8623670137109416,0.0,0.96875,0.0,0.03125,0.17671090181434312,1.1249419483840164,2.2612660771393616,3.932309633432137,7.630802156973569
separable_pl_d4,PL 4D,broad,benefit: mean parental objective minus midpoint objective,112,3.105800389822589,3.105800389822589,0.0,0.96875,0.0,0.03125,0.24441999812212445,1.274152683678576,2.457029389404939,4.151859736545388,8.4677800511647
separable_pl_d4,PL 4D,broad,benefit: mean parental objective minus midpoint objective,113,2.9037782822404825,2.9037782822404825,0.0,0.96875,0.0,0.03125,0.16741019175670502,1.2455309588938963,2.568721505328318,4.106194625991783,6.872469914512163
separable_pl_d4,PL 4D,broad,benefit: mean parental objective minus midpoint objective,114,2.7040369761712073,2.7040369761712073,0.0,0.96875,0.0,0.03125,0.21484916839041635,1.0904992685173909,2.237221444950901,3.8804904706904484,6.76939254073336
separable_pl_d4,PL 4D,broad,benefit: mean parental objective minus midpoint objective,115,2.3938479501902723,2.3938479501902723,0.0,0.96875,0.0,0.03125,0.18289116802016103,0.8908908460157345,1.7864922410113273,3.5130160303237306,6.251686607317254
separable_pl_d4,PL 4D,broad,benefit: mean parental objective minus midpoint objective,116,2.9088085701692963,2.9088085701692963,0.0,0.96875,0.0,0.03125,0.24550423058760407,1.1497551111363968,2.4825353807714468,4.252499611960396,7.090527871616461
separable_pl_d4,PL 4D,broad,benefit: mean parental objective minus midpoint objective,117,2.5953498437000535,2.5953498437000535,0.0,0.96875,0.0,0.03125,0.18684788188715906,0.9882590833852252,2.1458971132272904,3.836372711907349,6.800228475083354
separable_pl_d4,PL 4D,broad,benefit: mean parental objective minus midpoint objective,118,2.8946196072187256,2.8946196072187256,0.0,0.96875,0.0,0.03125,0.2047161621789524,1.2268691181397475,2.3941758965882016,4.213646785905484,7.151396138696475
separable_pl_d4,PL 4D,broad,benefit: mean parental objective minus midpoint objective,119,2.3126205799971298,2.3126205799971298,0.0,0.96875,0.0,0.03125,0.1565616476217251,0.9604089424001971,1.9290738779466334,3.1716454259858393,5.659974101029338
separable_pl_d4,PL 4D,broad,benefit: mean parental objective minus midpoint objective,120,3.2895205186745686,3.2895205186745686,0.0,0.96875,0.0,0.03125,0.253169854326627,1.383923294381896,2.6778950085015643,4.374163565491458,8.294353909847766
separable_pl_d4,PL 4D,broad,benefit: mean parental objective minus midpoint objective,121,2.3739589176818137,2.3739589176818137,0.0,0.96875,0.0,0.03125,0.1526056394506714,1.0975821865887738,1.9696148402139908,3.1652956721094103,5.989085187305667
separable_pl_d4,PL 4D,broad,benefit: mean parental objective minus midpoint objective,122,3.285044147000093,3.285044147000093,0.0,0.96875,0.0,0.03125,0.18307130500334878,1.5249115575160168,2.981701801284629,4.657640820794768,7.420124805957798
separable_pl_d4,PL 4D,broad,benefit: mean parental objective minus midpoint objective,123,3.411223203822779,3.411223203822779,0.0,0.96875,0.0,0.03125,0.4024206172932452,1.6195558208425407,2.9453307401228654,4.804093060615507,8.396359323205132
separable_pl_d4,PL 4D,broad,benefit: mean parental objective minus midpoint objective,124,3.094121737220628,3.094121737220628,0.0,0.96875,0.0,0.03125,0.208605000796676,1.2530347044203474,2.5104540782044564,4.484844410638736,7.713801756451792
separable_pl_d4,PL 4D,broad,benefit: mean parental objective minus midpoint objective,125,2.9755020233160563,2.9755020233160563,0.0,0.96875,0.0,0.03125,0.2908872459555649,1.3446750824555567,2.688379231752399,4.207771852854692,6.6935702202502565
separable_pl_d4,PL 4D,broad,benefit: mean parental objective minus midpoint objective,126,3.2793681237513654,3.2793681237513654,0.0,0.96875,0.0,0.03125,0.196656516139897,1.4895457454235093,2.8441181108783193,4.700588306881842,7.468238141529477
separable_pl_d4,PL 4D,broad,benefit: mean parental objective minus midpoint objective,127,3.2444539809068593,3.2444539809068593,0.0,0.96875,0.0,0.03125,0.336540104441724,1.5419051190009445,2.7739276232253607,4.471679497153721,7.906836847080272
separable_pl_d4,PL 4D,clustered,benefit: mean parental objective minus midpoint objective,0,2.963990243285026,2.963990243285026,0.0,0.96875,0.0,0.03125,0.0015705164622294987,0.009528279801685358,0.02545886265554298,6.785453184185086,7.4134078976467706
separable_pl_d4,PL 4D,clustered,benefit: mean parental objective minus midpoint objective,1,3.431479281579921,3.431479281579921,0.0,0.96875,0.0,0.03125,0.0013483421089492964,0.008195925618040611,0.041618360900461226,6.859239605000054,7.405121448276798
separable_pl_d4,PL 4D,clustered,benefit: mean parental objective minus midpoint objective,2,3.30974760542003,3.30974760542003,0.0,0.96875,0.0,0.03125,0.001293430088599834,0.009500078744002494,0.028778412913037066,6.7026333022277225,7.083033994025694
separable_pl_d4,PL 4D,clustered,benefit: mean parental objective minus midpoint objective,3,3.272316391924284,3.272316391924284,0.0,0.96875,0.0,0.03125,0.0013447825384051981,0.007808051561669416,0.026901513371913488,6.993934423771183,7.382894138127932
separable_pl_d4,PL 4D,clustered,benefit: mean parental objective minus midpoint objective,4,3.3952307788563854,3.3952307788563854,0.0,0.96875,0.0,0.03125,0.0016466806273509604,0.00821497509830138,0.04843120061880235,6.785655478724524,7.344710633593603
separable_pl_d4,PL 4D,clustered,benefit: mean parental objective minus midpoint objective,5,3.5227909470490797,3.5227909470490797,0.0,0.96875,0.0,0.03125,0.002201655476245179,0.009070657034450313,0.03624315307561865,7.039115471905137,7.652142918969667
separable_pl_d4,PL 4D,clustered,benefit: mean parental objective minus midpoint objective,6,3.483009487293395,3.483009487293395,0.0,0.96875,0.0,0.03125,0.001584123479813293,0.00936894638028729,0.04953139223623193,6.977484335800581,7.494214044873581
separable_pl_d4,PL 4D,clustered,benefit: mean parental objective minus midpoint objective,7,3.5266952882563607,3.5266952882563607,0.0,0.96875,0.0,0.03125,0.0016090147138090316,0.007709172202460479,0.02772557872298531,7.118388823109571,7.663307308456708
separable_pl_d4,PL 4D,clustered,benefit: mean parental objective minus midpoint objective,8,3.493065453835439,3.493065453835439,0.0,0.96875,0.0,0.03125,0.001434082682663096,0.008085591497499323,0.04317215334181412,6.971229562902869,7.571219866836756
separable_pl_d4,PL 4D,clustered,benefit: mean parental objective minus midpoint objective,9,3.3438501272739747,3.3438501272739747,0.0,0.96875,0.0,0.03125,0.0010648625101126186,0.008542572996931952,0.04391710358729206,6.703609557218775,7.101656557190061
separable_pl_d4,PL 4D,clustered,benefit: mean parental objective minus midpoint objective,10,3.388100251602646,3.388100251602646,0.0,0.96875,0.0,0.03125,0.001396305516014884,0.007513915282288508,0.03840964111392786,6.768963767453358,7.2014024952719495
separable_pl_d4,PL 4D,clustered,benefit: mean parental objective minus midpoint objective,11,3.1806118826999574,3.1806118826999574,0.0,0.96875,0.0,0.03125,0.001149151072585397,0.007165503438389287,0.015481674660138722,7.019496471641544,7.485812435774407
separable_pl_d4,PL 4D,clustered,benefit: mean parental objective minus midpoint objective,12,3.1435756291138715,3.1435756291138715,0.0,0.96875,0.0,0.03125,0.001598974801939157,0.006850377940008201,0.024635630963549815,6.968191132111561,7.429602138813866
separable_pl_d4,PL 4D,clustered,benefit: mean parental objective minus midpoint objective,13,3.432750101910682,3.432750101910682,0.0,0.96875,0.0,0.03125,0.002062770457701646,0.009362497220720911,0.0372950757825512,6.943677655345366,7.573466186263909
separable_pl_d4,PL 4D,clustered,benefit: mean parental objective minus midpoint objective,14,3.461941381495765,3.461941381495765,0.0,0.96875,0.0,0.03125,0.001779466408913244,0.008635305632225254,0.05042198857905511,6.955246561321697,7.413348035551198
separable_pl_d4,PL 4D,clustered,benefit: mean parental objective minus midpoint objective,15,3.263835908948507,3.263835908948507,0.0,0.96875,0.0,0.03125,0.001547004504677929,0.007114097746907966,0.021703165932356328,6.896130776054308,7.4918324019439195
separable_pl_d4,PL 4D,clustered,benefit: mean parental objective minus midpoint objective,16,3.5501615972775777,3.5501615972775777,0.0,0.96875,0.0,0.03125,0.0017834693416602931,0.00622726918057559,0.03556710495360793,7.151380243174339,7.821872839539649
separable_pl_d4,PL 4D,clustered,benefit: mean parental objective minus midpoint objective,17,3.551147525787907,3.551147525787907,0.0,0.96875,0.0,0.03125,0.001581165857913902,0.007655055725199311,0.04353806729455201,7.096459554791453,7.606804496407828
separable_pl_d4,PL 4D,clustered,benefit: mean parental objective minus midpoint objective,18,3.511502069664393,3.511502069664393,0.0,0.96875,0.0,0.03125,0.0010067982732779868,0.00816164551634646,0.05258037499805113,7.015082132392919,7.570884647214772
separable_pl_d4,PL 4D,clustered,benefit: mean parental objective minus midpoint objective,19,2.8342991668781017,2.8342991668781017,0.0,0.96875,0.0,0.03125,0.002148789791880823,0.009610436222613039,0.019993382187823094,6.861510069706837,7.409628511833394
separable_pl_d4,PL 4D,clustered,benefit: mean parental objective minus midpoint objective,20,3.541205322584835,3.541205322584835,0.0,0.96875,0.0,0.03125,0.001328365922955932,0.00764950995400504,0.03694637920883448,7.077603088207636,7.72302132967146
separable_pl_d4,PL 4D,clustered,benefit: mean parental objective minus midpoint objective,21,3.4271185719160417,3.4271185719160417,0.0,0.96875,0.0,0.03125,0.0017556648854899493,0.008540040573719487,0.038140846125838124,6.946476922190308,7.509497990982949
separable_pl_d4,PL 4D,clustered,benefit: mean parental objective minus midpoint objective,22,3.1977795605540495,3.1977795605540495,0.0,0.96875,0.0,0.03125,0.0032941464985034585,0.010745788796009847,0.03826317333244944,6.543694775371818,7.330869511120976
separable_pl_d4,PL 4D,clustered,benefit: mean parental objective minus midpoint objective,23,3.456173866491115,3.456173866491115,0.0,0.96875,0.0,0.03125,0.002424552653075729,0.011047620201715347,0.050574709688310904,6.906664583634539,7.478868227002485
separable_pl_d4,PL 4D,clustered,benefit: mean parental objective minus midpoint objective,24,3.134852724646854,3.134852724646854,0.0,0.96875,0.0,0.03125,0.0019491093562935546,0.008540448831533709,0.021391600602638228,6.884004014604427,7.4055208962693815
separable_pl_d4,PL 4D,clustered,benefit: mean parental objective minus midpoint objective,25,3.2380165717231115,3.2380165717231115,0.0,0.96875,0.0,0.03125,0.0011838031908597557,0.008124923221806135,0.026358555959880015,6.867519727639911,7.340802360237551
separable_pl_d4,PL 4D,clustered,benefit: mean parental objective minus midpoint objective,26,3.493714117656398,3.493714117656398,0.0,0.96875,0.0,0.03125,0.0012859602097430312,0.00782106021544049,0.03529441151488388,6.981130600913333,7.518444298942592
separable_pl_d4,PL 4D,clustered,benefit: mean parental objective minus midpoint objective,27,3.3689933583030576,3.3689933583030576,0.0,0.96875,0.0,0.03125,0.0016471698711324478,0.008420507822791024,0.030293632720034935,6.992797918374381,7.4675827015061325
separable_pl_d4,PL 4D,clustered,benefit: mean parental objective minus midpoint objective,28,3.492571754126411,3.492571754126411,0.0,0.96875,0.0,0.03125,0.001554471020553727,0.009400824846172107,0.04714033867762524,6.964494615063571,7.536739772764515
separable_pl_d4,PL 4D,clustered,benefit: mean parental objective minus midpoint objective,29,3.545291989305107,3.545291989305107,0.0,0.96875,0.0,0.03125,0.0024451164444423412,0.008824531010876768,0.031212560705574433,7.1136180478572,7.5043940165971215
separable_pl_d4,PL 4D,clustered,benefit: mean parental objective minus midpoint objective,30,3.33449157969317,3.33449157969317,0.0,0.96875,0.0,0.03125,0.002256340623373987,0.009284312846068232,0.029188085336985914,6.860899221480388,7.549653669145867
separable_pl_d4,PL 4D,clustered,benefit: mean parental objective minus midpoint objective,31,3.267282459607128,3.267282459607128,0.0,0.96875,0.0,0.03125,0.002120749899272134,0.008122987682865457,0.02282778020910836,6.879806563410465,7.542926524513867
separable_pl_d4,PL 4D,clustered,benefit: mean parental objective minus midpoint objective,32,3.537773345859637,3.537773345859637,0.0,0.96875,0.0,0.03125,0.0018811055421181777,0.008149443673183931,0.04132243475790709,7.068524901363264,7.607512531972338
separable_pl_d4,PL 4D,clustered,benefit: mean parental objective minus midpoint objective,33,3.3905576845392975,3.3905576845392975,0.0,0.96875,0.0,0.03125,0.0018601182920834347,0.009630667663723003,0.043935626863704336,6.7566316479847055,7.3289311088182725
separable_pl_d4,PL 4D,clustered,benefit: mean parental objective minus midpoint objective,34,3.2294839466485,3.2294839466485,0.0,0.96875,0.0,0.03125,0.001911244507168064,0.009349050629320566,0.024856416320915287,6.836474125838776,7.4441618639470475
separable_pl_d4,PL 4D,clustered,benefit: mean parental objective minus midpoint objective,35,3.4115636603596724,3.4115636603596724,0.0,0.96875,0.0,0.03125,0.0020666538197744444,0.008279106599842656,0.02676408309643108,7.05018476126435,7.50286938336325
separable_pl_d4,PL 4D,clustered,benefit: mean parental objective minus midpoint objective,36,3.5060009284856024,3.5060009284856024,0.0,0.96875,0.0,0.03125,0.0017005665974103579,0.0071002263285189215,0.039339735830211,7.018060862847435,7.484072426200645
separable_pl_d4,PL 4D,clustered,benefit: mean parental objective minus midpoint objective,37,3.103876841304105,3.103876841304105,0.0,0.96875,0.0,0.03125,0.0014572610770100525,0.007820905053332439,0.0234390933607731,6.814958617705288,7.365132721324888
separable_pl_d4,PL 4D,clustered,benefit: mean parental objective minus midpoint objective,38,3.290838960755053,3.290838960755053,0.0,0.96875,0.0,0.03125,0.0017032766506073216,0.007411302069522563,0.022119328887929335,6.9849625320503,7.497555946058549
separable_pl_d4,PL 4D,clustered,benefit: mean parental objective minus midpoint objective,39,3.4591618224733627,3.4591618224733627,0.0,0.96875,0.0,0.03125,0.0016897573704586222,0.01038199296750797,0.04529394279368759,6.918995204762567,7.548960155720129
separable_pl_d4,PL 4D,clustered,benefit: mean parental objective minus midpoint objective,40,3.4333071732092617,3.4333071732092617,0.0,0.96875,0.0,0.03125,0.0018673955767658512,0.007272081374717132,0.03250671218142198,7.114102536991611,7.658192483114593
separable_pl_d4,PL 4D,clustered,benefit: mean parental objective minus midpoint objective,41,3.458342916909464,3.458342916909464,0.0,0.96875,0.0,0.03125,0.0021767199813567117,0.009846491419335024,0.047031243246028254,6.971551822146376,7.593503950515872
separable_pl_d4,PL 4D,clustered,benefit: mean parental objective minus midpoint objective,42,3.4979534700988193,3.4979534700988193,0.0,0.96875,0.0,0.03125,0.0018991276492821285,0.008165733017449384,0.03511918643245693,6.999408346328055,7.592709881174923
separable_pl_d4,PL 4D,clustered,benefit: mean parental objective minus midpoint objective,43,3.493897553404935,3.493897553404935,0.0,0.96875,0.0,0.03125,0.0016328848073179358,0.008953128105760655,0.05691171445525356,7.024264552866904,7.513379816695413
separable_pl_d4,PL 4D,clustered,benefit: mean parental objective minus midpoint objective,44,3.4820598385161112,3.4820598385161112,0.0,0.96875,0.0,0.03125,0.0016415640909119844,0.00780868658973688,0.03172356480895289,6.939832534662684,7.48091679489945
separable_pl_d4,PL 4D,clustered,benefit: mean parental objective minus midpoint objective,45,3.3864707204957236,3.3864707204957236,0.0,0.96875,0.0,0.03125,0.0018350702165266242,0.009497167955647257,0.04480790615064123,6.767723595044167,7.254988500197211
separable_pl_d4,PL 4D,clustered,benefit: mean parental objective minus midpoint objective,46,3.4508066230186962,3.4508066230186962,0.0,0.96875,0.0,0.03125,0.001648553484556281,0.008339512544051075,0.033151645073251856,6.942266127536736,7.310824098456562
separable_pl_d4,PL 4D,clustered,benefit: mean parental objective minus midpoint objective,47,3.4698543426994695,3.4698543426994695,0.0,0.96875,0.0,0.03125,0.0021967458485665503,0.009870601578912286,0.04438880564190484,6.918667194925202,7.5599311307430925
separable_pl_d4,PL 4D,clustered,benefit: mean parental objective minus midpoint objective,48,3.4612677390706725,3.4612677390706725,0.0,0.96875,0.0,0.03125,0.0020245486132779433,0.0082520670758921,0.031402563716101284,6.943602418725885,7.471754128885853
separable_pl_d4,PL 4D,clustered,benefit: mean parental objective minus midpoint objective,49,3.517138264544057,3.517138264544057,0.0,0.96875,0.0,0.03125,0.0015738960012274816,0.007766374978988466,0.030494696907934937,7.1133562639566765,7.707771189109933
separable_pl_d4,PL 4D,clustered,benefit: mean parental objective minus midpoint objective,50,3.3957770319722838,3.3957770319722838,0.0,0.96875,0.0,0.03125,0.0020489226702444796,0.009608496780698417,0.03441327161761798,6.823884479047121,7.487172070108856
separable_pl_d4,PL 4D,clustered,benefit: mean parental objective minus midpoint objective,51,2.9406766316946036,2.9406766316946036,0.0,0.96875,0.0,0.03125,0.001588538882907109,0.008294570894515019,0.02142847062438591,6.738033614892434,7.3202871546380015
separable_pl_d4,PL 4D,clustered,benefit: mean parental objective minus midpoint objective,52,3.150709942324565,3.150709942324565,0.0,0.96875,0.0,0.03125,0.0016296651798244355,0.007956877860972433,0.023028130857636775,6.877692243036316,7.543513653769378
separable_pl_d4,PL 4D,clustered,benefit: mean parental objective minus midpoint objective,53,3.4408739895974665,3.4408739895974665,0.0,0.96875,0.0,0.03125,0.0029256351149546944,0.013011258779544121,0.06651025105569186,6.90376742536595,7.410712257549724
separable_pl_d4,PL 4D,clustered,benefit: mean parental objective minus midpoint objective,54,2.580957553380597,2.580957553380597,0.0,0.96875,0.0,0.03125,0.0017110991622031335,0.008319751720239132,0.017992618018902284,6.672769297808814,7.330334942092421
separable_pl_d4,PL 4D,clustered,benefit: mean parental objective minus midpoint objective,55,3.531601061303153,3.531601061303153,0.0,0.96875,0.0,0.03125,0.0016878526014192374,0.008037890364243516,0.03388769462893926,7.170480239591566,7.605268779110179
separable_pl_d4,PL 4D,clustered,benefit: mean parental objective minus midpoint objective,56,3.447266381093675,3.447266381093675,0.0,0.96875,0.0,0.03125,0.001574620320022646,0.008049102688449494,0.03142816772686796,6.97649466831784,7.481793911388359
separable_pl_d4,PL 4D,clustered,benefit: mean parental objective minus midpoint objective,57,3.4334444488562905,3.4334444488562905,0.0,0.96875,0.0,0.03125,0.0012998578118921245,0.0077254512698203825,0.025757125869155573,7.053738877166945,7.605519032012591
separable_pl_d4,PL 4D,clustered,benefit: mean parental objective minus midpoint objective,58,3.2198865045087266,3.2198865045087266,0.0,0.96875,0.0,0.03125,0.0014601704688006478,0.007363299092242315,0.022332801941633562,7.1132117316260715,7.568061594196113
separable_pl_d4,PL 4D,clustered,benefit: mean parental objective minus midpoint objective,59,3.490312215068817,3.490312215068817,0.0,0.96875,0.0,0.03125,0.0010658949011457253,0.007368857062441947,0.04018796273613923,7.066073981261387,7.587209353971235
separable_pl_d4,PL 4D,clustered,benefit: mean parental objective minus midpoint objective,60,3.3871865464953927,3.3871865464953927,0.0,0.96875,0.0,0.03125,0.0015623353821805352,0.00853223987767926,0.03512839129113665,6.868082957565633,7.326233662278603
separable_pl_d4,PL 4D,clustered,benefit: mean parental objective minus midpoint objective,61,3.503848362899571,3.503848362899571,0.0,0.96875,0.0,0.03125,0.0012959468380149275,0.009164606364172379,0.05218125241130078,6.990343566944047,7.488468252953717
separable_pl_d4,PL 4D,clustered,benefit: mean parental objective minus midpoint objective,62,3.3842228560207293,3.3842228560207293,0.0,0.96875,0.0,0.03125,0.0021984445799958507,0.008344503708110018,0.03875267007656813,6.856972901828679,7.363135634722481
separable_pl_d4,PL 4D,clustered,benefit: mean parental objective minus midpoint objective,63,3.4570298779328033,3.4570298779328033,0.0,0.96875,0.0,0.03125,0.0020619809656752253,0.011101845282069256,0.0482147910487738,6.903817422308556,7.484718947308953
separable_pl_d4,PL 4D,clustered,benefit: mean parental objective minus midpoint objective,64,3.522457696465896,3.522457696465896,0.0,0.96875,0.0,0.03125,0.0022545677054006674,0.010218405109778672,0.03529051608937728,7.033360461721303,7.6858928083942
separable_pl_d4,PL 4D,clustered,benefit: mean parental objective minus midpoint objective,65,3.4265367319884987,3.4265367319884987,0.0,0.96875,0.0,0.03125,0.0016793689200707007,0.009529831026152458,0.03523742582561695,6.886245922923697,7.362029027561323
separable_pl_d4,PL 4D,clustered,benefit: mean parental objective minus midpoint objective,66,3.485674347473052,3.485674347473052,0.0,0.96875,0.0,0.03125,0.0013479110850500575,0.008715197400022134,0.04448289563866936,7.0269904923304045,7.447410900717729
separable_pl_d4,PL 4D,clustered,benefit: mean parental objective minus midpoint objective,67,3.2768261901351843,3.2768261901351843,0.0,0.96875,0.0,0.03125,0.001694983711914233,0.006413318288842618,0.024227394496143084,6.935777283369658,7.421585517872828
separable_pl_d4,PL 4D,clustered,benefit: mean parental objective minus midpoint objective,68,3.471885369226362,3.471885369226362,0.0,0.96875,0.0,0.03125,0.0017730711816428268,0.007626662675824569,0.02992131261550668,6.951328426548834,7.468584970811977
separable_pl_d4,PL 4D,clustered,benefit: mean parental objective minus midpoint objective,69,3.4574318581894383,3.4574318581894383,0.0,0.96875,0.0,0.03125,0.0023533346437814018,0.010596342641421508,0.04246554809977354,7.021026567941562,7.550717847176253
separable_pl_d4,PL 4D,clustered,benefit: mean parental objective minus midpoint objective,70,3.4867336774177384,3.4867336774177384,0.0,0.96875,0.0,0.03125,0.0009587142738460841,0.007574551353211945,0.029612587844684235,6.983595965453909,7.4944997836267895
separable_pl_d4,PL 4D,clustered,benefit: mean parental objective minus midpoint objective,71,3.4137763883958865,3.4137763883958865,0.0,0.96875,0.0,0.03125,0.002129734032329189,0.007785792344801479,0.035183202368600064,6.913537376157589,7.440423386791977
separable_pl_d4,PL 4D,clustered,benefit: mean parental objective minus midpoint objective,72,3.4917368673569618,3.4917368673569618,0.0,0.96875,0.0,0.03125,0.0014048395022987492,0.008988386376206137,0.03817196159991454,7.00201452314275,7.562673259495962
separable_pl_d4,PL 4D,clustered,benefit: mean parental objective minus midpoint objective,73,3.448224830228523,3.448224830228523,0.0,0.96875,0.0,0.03125,0.0028281109231578228,0.010876425868774575,0.04883048769142295,6.8661451479934845,7.473201652576518
separable_pl_d4,PL 4D,clustered,benefit: mean parental objective minus midpoint objective,74,3.4325814978632696,3.4325814978632696,0.0,0.96875,0.0,0.03125,0.001304409233963355,0.010987574697806757,0.044336922064056594,6.875627432023343,7.343672196644315
separable_pl_d4,PL 4D,clustered,benefit: mean parental objective minus midpoint objective,75,3.460282973191976,3.460282973191976,0.0,0.96875,0.0,0.03125,0.0025828292782934525,0.009979955549530573,0.045078812458127615,6.9297770335325835,7.41177776287908
separable_pl_d4,PL 4D,clustered,benefit: mean parental objective minus midpoint objective,76,2.8739088189000714,2.8739088189000714,0.0,0.96875,0.0,0.03125,0.0015886633222486068,0.008520911393474329,0.0201296161243274,6.964685982441573,7.520147825814402
separable_pl_d4,PL 4D,clustered,benefit: mean parental objective minus midpoint objective,77,3.3746834590413535,3.3746834590413535,0.0,0.96875,0.0,0.03125,0.0021622172138506812,0.008362214010579905,0.024132641604968086,6.941979626638973,7.506583766296041
separable_pl_d4,PL 4D,clustered,benefit: mean parental objective minus midpoint objective,78,3.179667324378636,3.179667324378636,0.0,0.96875,0.0,0.03125,0.0019307938574701922,0.00838586881747716,0.021751125712950348,6.965242482212885,7.670472101709791
separable_pl_d4,PL 4D,clustered,benefit: mean parental objective minus midpoint objective,79,3.4373630010855685,3.4373630010855685,0.0,0.96875,0.0,0.03125,0.0018085496157036474,0.010241248934255154,0.055236562022711766,6.909107650045848,7.355033414266261
separable_pl_d4,PL 4D,clustered,benefit: mean parental objective minus midpoint objective,80,3.481534882434292,3.481534882434292,0.0,0.96875,0.0,0.03125,0.0013510481530927265,0.00889553089108297,0.03901196184697042,6.98997806036837,7.458718505907431
separable_pl_d4,PL 4D,clustered,benefit: mean parental objective minus midpoint objective,81,3.4377008739423953,3.4377008739423953,0.0,0.96875,0.0,0.03125,0.0015326180806276568,0.0076097320999277684,0.05760085988164043,6.873840687127447,7.512053626394409
separable_pl_d4,PL 4D,clustered,benefit: mean parental objective minus midpoint objective,82,3.5395136082274234,3.5395136082274234,0.0,0.96875,0.0,0.03125,0.0022692389817304814,0.009846177203042927,0.05654506996554787,7.053457047258669,7.604177941744216
separable_pl_d4,PL 4D,clustered,benefit: mean parental objective minus midpoint objective,83,3.2697822805824632,3.2697822805824632,0.0,0.96875,0.0,0.03125,0.0010710609666535476,0.005873253756205621,0.01965200654387722,6.922581900588344,7.435406173710128
separable_pl_d4,PL 4D,clustered,benefit: mean parental objective minus midpoint objective,84,3.2410226789835743,3.2410226789835743,0.0,0.96875,0.0,0.03125,0.0016293694468316744,0.008739470814097317,0.023314805539848216,6.836300378693805,7.371048361474076
separable_pl_d4,PL 4D,clustered,benefit: mean parental objective minus midpoint objective,85,3.382845695132897,3.382845695132897,0.0,0.96875,0.0,0.03125,0.0020270455796858045,0.009632393783909343,0.03543881039720542,7.009423204623898,7.613649313699143
separable_pl_d4,PL 4D,clustered,benefit: mean parental objective minus midpoint objective,86,3.468255590301011,3.468255590301011,0.0,0.96875,0.0,0.03125,0.0020432323750680936,0.008862034943289743,0.04163466953682082,6.9438150822206515,7.522253161846299
separable_pl_d4,PL 4D,clustered,benefit: mean parental objective minus midpoint objective,87,3.452077157505212,3.452077157505212,0.0,0.96875,0.0,0.03125,0.002716857776801973,0.009698972093279856,0.034950506898309364,6.971062649626483,7.5720299377800515
separable_pl_d4,PL 4D,clustered,benefit: mean parental objective minus midpoint objective,88,3.461742381193874,3.461742381193874,0.0,0.96875,0.0,0.03125,0.0018802654586700385,0.008232833429253184,0.03420087689955409,6.943431859665728,7.329903404922451
separable_pl_d4,PL 4D,clustered,benefit: mean parental objective minus midpoint objective,89,3.3232650741248486,3.3232650741248486,0.0,0.96875,0.0,0.03125,0.0018969807740640832,0.008501157843498142,0.027299065561332547,7.025560489716097,7.583448279863986
separable_pl_d4,PL 4D,clustered,benefit: mean parental objective minus midpoint objective,90,3.546754163174306,3.546754163174306,0.0,0.96875,0.0,0.03125,0.0025245230556762976,0.01095854702893373,0.04866899116715118,7.053187002519016,7.691833917026668
separable_pl_d4,PL 4D,clustered,benefit: mean parental objective minus midpoint objective,91,2.8560355665345494,2.8560355665345494,0.0,0.96875,0.0,0.03125,0.0016384191472980092,0.010966667714288114,0.025771524432586013,6.921831358762145,7.585551669385701
separable_pl_d4,PL 4D,clustered,benefit: mean parental objective minus midpoint objective,92,3.5626348712620257,3.5626348712620257,0.0,0.96875,0.0,0.03125,0.0019056478419567924,0.009411187635644858,0.044788136587681215,7.0943424263433235,7.6297723914272275
separable_pl_d4,PL 4D,clustered,benefit: mean parental objective minus midpoint objective,93,3.5589903081531373,3.5589903081531373,0.0,0.96875,0.0,0.03125,0.0011132875077537463,0.008062131461590738,0.03752325982682336,7.132790455280234,7.513088479340748
separable_pl_d4,PL 4D,clustered,benefit: mean parental objective minus midpoint objective,94,3.239762745824922,3.239762745824922,0.0,0.96875,0.0,0.03125,0.002116496241027832,0.007813358676307836,0.02169759345565936,6.867049875066719,7.34875688486931
separable_pl_d4,PL 4D,clustered,benefit: mean parental objective minus midpoint objective,95,3.4737866613678547,3.4737866613678547,0.0,0.96875,0.0,0.03125,0.001602124823291362,0.009141322210968639,0.04116612477583104,6.9365531226592285,7.530818019919089
separable_pl_d4,PL 4D,clustered,benefit: mean parental objective minus midpoint objective,96,3.387307987190887,3.387307987190887,0.0,0.96875,0.0,0.03125,0.0014284596643596714,0.008270678094768336,0.023990564034203743,6.981938865886249,7.466924612578626
separable_pl_d4,PL 4D,clustered,benefit: mean parental objective minus midpoint objective,97,3.343173270225935,3.343173270225935,0.0,0.96875,0.0,0.03125,0.0022089696828420102,0.009878884377581443,0.03754173114788095,6.747130390502658,7.371652562574072
separable_pl_d4,PL 4D,clustered,benefit: mean parental objective minus midpoint objective,98,3.425851646704091,3.425851646704091,0.0,0.96875,0.0,0.03125,0.0016843116474296593,0.008367407332823262,0.027752137964332846,6.917500125929811,7.553091792588381
separable_pl_d4,PL 4D,clustered,benefit: mean parental objective minus midpoint objective,99,3.4770610468528864,3.4770610468528864,0.0,0.96875,0.0,0.03125,0.0018146162947276778,0.00851936934503783,0.02771762838389158,6.950251231802029,7.55500217075552
separable_pl_d4,PL 4D,clustered,benefit: mean parental objective minus midpoint objective,100,3.164817689110145,3.164817689110145,0.0,0.96875,0.0,0.03125,0.0015071757224545124,0.007388079911972767,0.028222755859729887,6.669544799448241,7.178913811365264
separable_pl_d4,PL 4D,clustered,benefit: mean parental objective minus midpoint objective,101,3.314653067415866,3.314653067415866,0.0,0.96875,0.0,0.03125,0.0016132484230295674,0.009112566306021641,0.024677555527508055,6.978068433505796,7.587624183962262
separable_pl_d4,PL 4D,clustered,benefit: mean parental objective minus midpoint objective,102,3.147994128759085,3.147994128759085,0.0,0.96875,0.0,0.03125,0.002179579881992133,0.0071926910861108695,0.01860258632050016,6.941928184651387,7.466910574320915
separable_pl_d4,PL 4D,clustered,benefit: mean parental objective minus midpoint objective,103,3.477066137812524,3.477066137812524,0.0,0.96875,0.0,0.03125,0.0017216447817691716,0.01092066650188972,0.04026412659494216,7.005584427614686,7.759514315339476
separable_pl_d4,PL 4D,clustered,benefit: mean parental objective minus midpoint objective,104,3.4754793194761904,3.4754793194761904,0.0,0.96875,0.0,0.03125,0.0011121804942817448,0.007979931784840133,0.029824712847105417,7.039842737054314,7.547257744077793
separable_pl_d4,PL 4D,clustered,benefit: mean parental objective minus midpoint objective,105,3.409759807110695,3.409759807110695,0.0,0.96875,0.0,0.03125,0.0017639418686226094,0.009353881591972701,0.040117960083603244,6.823624841361864,7.322094010325603
separable_pl_d4,PL 4D,clustered,benefit: mean parental objective minus midpoint objective,106,3.464321972729257,3.464321972729257,0.0,0.96875,0.0,0.03125,0.0015360052582860106,0.007966819023700111,0.035659778407468146,7.030682133844043,7.473892981299033
separable_pl_d4,PL 4D,clustered,benefit: mean parental objective minus midpoint objective,107,3.12871925605855,3.12871925605855,0.0,0.96875,0.0,0.03125,0.0016175295395521871,0.008850152526193256,0.02259237113923085,6.831861350595277,7.350769272672607
separable_pl_d4,PL 4D,clustered,benefit: mean parental objective minus midpoint objective,108,3.291028842482007,3.291028842482007,0.0,0.96875,0.0,0.03125,0.0018330323228727963,0.00933407619225779,0.04029185625274767,6.768523633890451,7.359462872809013
separable_pl_d4,PL 4D,clustered,benefit: mean parental objective minus midpoint objective,109,3.3517709089150935,3.3517709089150935,0.0,0.96875,0.0,0.03125,0.002370151989409486,0.00859066527636454,0.03173133781739601,6.9149182358899575,7.39337045282589
separable_pl_d4,PL 4D,clustered,benefit: mean parental objective minus midpoint objective,110,3.3851612112541027,3.3851612112541027,0.0,0.96875,0.0,0.03125,0.0012011415728343522,0.007109727300549373,0.029317921049425877,6.958262168280771,7.449460448920701
separable_pl_d4,PL 4D,clustered,benefit: mean parental objective minus midpoint objective,111,3.481841154234531,3.481841154234531,0.0,0.96875,0.0,0.03125,0.001662552460847344,0.010600712528531453,0.04319757030044258,6.9122672490150565,7.577303153596946
separable_pl_d4,PL 4D,clustered,benefit: mean parental objective minus midpoint objective,112,3.517528561175573,3.517528561175573,0.0,0.96875,0.0,0.03125,0.001938250505941319,0.009444814214057295,0.0585840875923731,7.081129499875747,7.517389746267895
separable_pl_d4,PL 4D,clustered,benefit: mean parental objective minus midpoint objective,113,3.4601669896383394,3.4601669896383394,0.0,0.96875,0.0,0.03125,0.0015251743841684373,0.009526932743548322,0.031048441892453482,7.003786516096303,7.582307002700397
separable_pl_d4,PL 4D,clustered,benefit: mean parental objective minus midpoint objective,114,3.1474197649204645,3.1474197649204645,0.0,0.96875,0.0,0.03125,0.0011291430944488923,0.005970034489306997,0.0175818685214999,6.932590787893926,7.374809322618917
separable_pl_d4,PL 4D,clustered,benefit: mean parental objective minus midpoint objective,115,3.511582195282678,3.511582195282678,0.0,0.96875,0.0,0.03125,0.001926121117159063,0.008146196519200899,0.041840699890626,7.044003882114401,7.516441463031433
separable_pl_d4,PL 4D,clustered,benefit: mean parental objective minus midpoint objective,116,2.985545511572461,2.985545511572461,0.0,0.96875,0.0,0.03125,0.0016697283643569705,0.00929168142833614,0.022486320522745906,6.880613824271197,7.295068287896533
separable_pl_d4,PL 4D,clustered,benefit: mean parental objective minus midpoint objective,117,3.4071791026005975,3.4071791026005975,0.0,0.96875,0.0,0.03125,0.000982551733591741,0.006547293454114644,0.035898378679820375,6.887517491760474,7.389256842508723
separable_pl_d4,PL 4D,clustered,benefit: mean parental objective minus midpoint objective,118,3.4248900018248403,3.4248900018248403,0.0,0.96875,0.0,0.03125,0.0020606725879828147,0.009638911625653002,0.03912118160983091,6.845585007607039,7.389967466617269
separable_pl_d4,PL 4D,clustered,benefit: mean parental objective minus midpoint objective,119,3.2953293162183126,3.2953293162183126,0.0,0.96875,0.0,0.03125,0.00194358473442513,0.010437829232379237,0.02899587213001542,6.950975207657786,7.586344845537032
separable_pl_d4,PL 4D,clustered,benefit: mean parental objective minus midpoint objective,120,3.4640894445752473,3.4640894445752473,0.0,0.96875,0.0,0.03125,0.0015686847854432528,0.008463459314492994,0.03697097026374774,7.002075148001117,7.629552582390634
separable_pl_d4,PL 4D,clustered,benefit: mean parental objective minus midpoint objective,121,3.229845100354088,3.229845100354088,0.0,0.96875,0.0,0.03125,0.0010189439710064363,0.005463063418910785,0.019711425057353793,6.849708212129125,7.345371321688653
separable_pl_d4,PL 4D,clustered,benefit: mean parental objective minus midpoint objective,122,3.312408729667938,3.312408729667938,0.0,0.96875,0.0,0.03125,0.0016724083850716553,0.008833944449113673,0.02493169209880719,7.001366376184305,7.668002414128715
separable_pl_d4,PL 4D,clustered,benefit: mean parental objective minus midpoint objective,123,3.2104845397417905,3.2104845397417905,0.0,0.96875,0.0,0.03125,0.0015883513208088118,0.007521057072391812,0.02258789983857845,6.812542546368228,7.239460749879853
separable_pl_d4,PL 4D,clustered,benefit: mean parental objective minus midpoint objective,124,3.293113106918234,3.293113106918234,0.0,0.96875,0.0,0.03125,0.0016774043431819763,0.009231796486698585,0.043973521565938256,6.8011079203420435,7.4029066601299105
separable_pl_d4,PL 4D,clustered,benefit: mean parental objective minus midpoint objective,125,3.4054219074561285,3.4054219074561285,0.0,0.96875,0.0,0.03125,0.001673528220682563,0.010423238100484511,0.03712035314170414,6.890144716125031,7.428184901860265
separable_pl_d4,PL 4D,clustered,benefit: mean parental objective minus midpoint objective,126,3.508226728249456,3.508226728249456,0.0,0.96875,0.0,0.03125,0.0018053212665307683,0.008008158773645135,0.038979553803486056,6.995342581934081,7.5708808511407915
separable_pl_d4,PL 4D,clustered,benefit: mean parental objective minus midpoint objective,127,3.366139752032044,3.366139752032044,0.0,0.96875,0.0,0.03125,0.0017135167722575062,0.0076692270774101345,0.022629613968070394,6.78524650519814,7.321418334713049
separable_pl_d8,PL 8D,broad,benefit: mean parental objective minus midpoint objective,0,5.517047678365011,5.517047678365011,0.0,0.96875,0.0,0.03125,1.2024558770377318,3.0737584744009094,4.939361196613987,7.41273148693816,11.49992472619638
separable_pl_d8,PL 8D,broad,benefit: mean parental objective minus midpoint objective,1,5.355390051233801,5.355390051233801,0.0,0.96875,0.0,0.03125,1.273079818832482,3.247667961472157,5.084374788181583,7.289628649228828,10.3241631557113
separable_pl_d8,PL 8D,broad,benefit: mean parental objective minus midpoint objective,2,5.782171112509495,5.782171112509495,0.0,0.96875,0.0,0.03125,1.2226440158883243,3.482431717711325,5.147738245495345,7.696845975105017,12.842226225552585
separable_pl_d8,PL 8D,broad,benefit: mean parental objective minus midpoint objective,3,5.865613604260205,5.865613604260205,0.0,0.96875,0.0,0.03125,1.1260847093968422,3.476287845163178,5.341024232139855,7.673227741876094,12.079901785404324
separable_pl_d8,PL 8D,broad,benefit: mean parental objective minus midpoint objective,4,6.121136373137278,6.121136373137278,0.0,0.96875,0.0,0.03125,1.2663007178326815,3.785733973860623,5.715923390513369,8.007500063133406,12.059149405804304
separable_pl_d8,PL 8D,broad,benefit: mean parental objective minus midpoint objective,5,5.410689329815893,5.410689329815893,0.0,0.96875,0.0,0.03125,1.1119323696450767,2.9730629913571818,4.981239253135717,7.392762081530884,11.651280139188835
separable_pl_d8,PL 8D,broad,benefit: mean parental objective minus midpoint objective,6,6.1549109735832275,6.1549109735832275,0.0,0.96875,0.0,0.03125,1.4222234453207374,3.8090985922156904,5.84812080014559,8.184913466656111,12.157953452347476
separable_pl_d8,PL 8D,broad,benefit: mean parental objective minus midpoint objective,7,6.184287049141458,6.184287049141458,0.0,0.96875,0.0,0.03125,1.3472815866160346,3.6824537749434896,5.674678309861715,8.249512745327854,12.865987600905468
separable_pl_d8,PL 8D,broad,benefit: mean parental objective minus midpoint objective,8,5.940843058096011,5.940843058096011,0.0,0.96875,0.0,0.03125,1.4128603638841577,3.8305938380164335,5.721058589246407,7.707985276861996,11.248591237476335
separable_pl_d8,PL 8D,broad,benefit: mean parental objective minus midpoint objective,9,5.889234670573391,5.889234670573391,0.0,0.96875,0.0,0.03125,1.2956168769590004,3.5450010706664523,5.400825701349401,7.7773707569467145,12.230469137718647
separable_pl_d8,PL 8D,broad,benefit: mean parental objective minus midpoint objective,10,6.689960708148924,6.689960708148924,0.0,0.96875,0.0,0.03125,1.6259801118075359,4.298146275704599,6.165252048050549,8.509071938678744,13.283447677208787
separable_pl_d8,PL 8D,broad,benefit: mean parental objective minus midpoint objective,11,7.169369967405718,7.169369967405718,0.0,0.96875,0.0,0.03125,1.385708306164691,4.209986346411453,6.792555872276951,9.838334360231332,14.23437815892273
separable_pl_d8,PL 8D,broad,benefit: mean parental objective minus midpoint objective,12,5.373074020301569,5.373074020301569,0.0,0.96875,0.0,0.03125,1.3090925816981276,3.454443775168457,5.043584849028397,7.07354165702713,10.256359797409713
separable_pl_d8,PL 8D,broad,benefit: mean parental objective minus midpoint objective,13,6.042643249696273,6.042643249696273,0.0,0.96875,0.0,0.03125,1.0519419532693952,3.851700291932552,5.815848343673505,7.9974142321949415,11.608827006211449
separable_pl_d8,PL 8D,broad,benefit: mean parental objective minus midpoint objective,14,5.927030064436843,5.927030064436843,0.0,0.96875,0.0,0.03125,1.6012937411794397,3.550803033142575,5.400030829775218,7.647992580982546,12.558082131984634
separable_pl_d8,PL 8D,broad,benefit: mean parental objective minus midpoint objective,15,6.451394523872053,6.451394523872053,0.0,0.96875,0.0,0.03125,1.4059934144898385,4.2168767406880185,5.820750502870819,8.116713834681182,13.998356711339358
separable_pl_d8,PL 8D,broad,benefit: mean parental objective minus midpoint objective,16,6.12141461453135,6.12141461453135,0.0,0.96875,0.0,0.03125,1.4529832699008889,3.7317978565026664,5.7931185381038155,8.017362043876464,12.399082804760404
separable_pl_d8,PL 8D,broad,benefit: mean parental objective minus midpoint objective,17,7.556741578171986,7.556741578171986,0.0,0.96875,0.0,0.03125,1.541822781826653,4.563827508129872,6.940058373212091,10.062643384970375,15.832244575668224
separable_pl_d8,PL 8D,broad,benefit: mean parental objective minus midpoint objective,18,5.6760323777662,5.6760323777662,0.0,0.96875,0.0,0.03125,1.2797767512226716,3.5336663377627273,5.199475170486906,7.526955331257428,11.527241806802753
separable_pl_d8,PL 8D,broad,benefit: mean parental objective minus midpoint objective,19,5.013604255429495,5.013604255429495,0.0,0.96875,0.0,0.03125,1.1246162041479604,2.7840368283338126,4.509931247892736,6.549508333233042,10.95201174763173
separable_pl_d8,PL 8D,broad,benefit: mean parental objective minus midpoint objective,20,6.165872557157833,6.165872557157833,0.0,0.96875,0.0,0.03125,1.3986322055966127,4.246915526065131,5.92759395194598,7.889928892847232,11.661338767118675
separable_pl_d8,PL 8D,broad,benefit: mean parental objective minus midpoint objective,21,6.543251558845789,6.543251558845789,0.0,0.96875,0.0,0.03125,1.2230633325184446,3.8528617017604,6.317252197816565,8.426573382266604,12.67047713714835
separable_pl_d8,PL 8D,broad,benefit: mean parental objective minus midpoint objective,22,5.411472221322437,5.411472221322437,0.0,0.96875,0.0,0.03125,1.263874005377284,3.203027482385175,4.920765545519615,7.192571217214926,11.393452437003985
separable_pl_d8,PL 8D,broad,benefit: mean parental objective minus midpoint objective,23,6.380629412418666,6.380629412418666,0.0,0.96875,0.0,0.03125,1.5253314350207106,4.032501340810406,5.858442906701086,8.460179215777659,12.560310306646931
separable_pl_d8,PL 8D,broad,benefit: mean parental objective minus midpoint objective,24,5.887466769545716,5.887466769545716,0.0,0.96875,0.0,0.03125,1.3439632697264408,3.559457961120735,5.531536056972838,7.747889077211276,11.78406224823065
separable_pl_d8,PL 8D,broad,benefit: mean parental objective minus midpoint objective,25,6.559544583001388,6.559544583001388,0.0,0.96875,0.0,0.03125,1.39964088604399,3.858440017028144,5.99654371477288,8.671647849494788,13.96416892764502
separable_pl_d8,PL 8D,broad,benefit: mean parental objective minus midpoint objective,26,5.728037790731015,5.728037790731015,0.0,0.96875,0.0,0.03125,1.3882671435998173,3.6435016762969425,5.558632633580229,7.497641100697837,11.203716888548167
separable_pl_d8,PL 8D,broad,benefit: mean parental objective minus midpoint objective,27,5.828669178870413,5.828669178870413,0.0,0.96875,0.0,0.03125,1.5506285917932594,3.5335328508964707,5.449139983403356,7.580092587970865,12.148366754228801
separable_pl_d8,PL 8D,broad,benefit: mean parental objective minus midpoint objective,28,5.907066111903712,5.907066111903712,0.0,0.96875,0.0,0.03125,1.4310950457362868,3.303824104286173,5.442836094223548,7.881604973085544,12.31126214705546
separable_pl_d8,PL 8D,broad,benefit: mean parental objective minus midpoint objective,29,6.449092026401237,6.449092026401237,0.0,0.96875,0.0,0.03125,1.331275935383804,3.4358145852254616,5.765942873176508,8.821698725853977,13.541367233008817
separable_pl_d8,PL 8D,broad,benefit: mean parental objective minus midpoint objective,30,5.149543256328343,5.149543256328343,0.0,0.96875,0.0,0.03125,1.2697337920481075,2.98159745971034,4.732951067610145,6.725298057120922,10.534698345018413
separable_pl_d8,PL 8D,broad,benefit: mean parental objective minus midpoint objective,31,5.30966616610549,5.30966616610549,0.0,0.96875,0.0,0.03125,1.1648354404308243,3.3322281213259917,4.880945967949543,6.964842609741771,10.610462856659257
separable_pl_d8,PL 8D,broad,benefit: mean parental objective minus midpoint objective,32,6.482530166947885,6.482530166947885,0.0,0.96875,0.0,0.03125,1.5169597924617086,4.075570065479454,6.525604335653707,8.643822741794667,12.092729964333582
separable_pl_d8,PL 8D,broad,benefit: mean parental objective minus midpoint objective,33,6.6065011890695375,6.6065011890695375,0.0,0.96875,0.0,0.03125,1.219905919352371,4.2342599104817396,6.251247041879871,8.677690651778162,13.011752117270433
separable_pl_d8,PL 8D,broad,benefit: mean parental objective minus midpoint objective,34,5.7615698460226294,5.7615698460226294,0.0,0.96875,0.0,0.03125,1.21720711051218,3.4086717656426915,5.2330996611676674,7.3214752466570605,12.20046030418579
separable_pl_d8,PL 8D,broad,benefit: mean parental objective minus midpoint objective,35,6.536188025119694,6.536188025119694,0.0,0.96875,0.0,0.03125,1.4930313526814256,4.0473004307364295,5.971449280018065,8.518991079614771,13.196477972494908
separable_pl_d8,PL 8D,broad,benefit: mean parental objective minus midpoint objective,36,6.840066173977821,6.840066173977821,0.0,0.96875,0.0,0.03125,1.595155124579236,4.4396982145302,6.780367479688383,8.797341111662163,12.669943103920332
separable_pl_d8,PL 8D,broad,benefit: mean parental objective minus midpoint objective,37,5.421155812225935,5.421155812225935,0.0,0.96875,0.0,0.03125,0.9794837728586785,2.9969262562840555,4.71400084906448,7.150778567922867,12.735810085395451
separable_pl_d8,PL 8D,broad,benefit: mean parental objective minus midpoint objective,38,5.742186438742225,5.742186438742225,0.0,0.96875,0.0,0.03125,1.349643336909569,3.518758386729477,5.489062328697978,7.638414698911895,11.15880713714424
separable_pl_d8,PL 8D,broad,benefit: mean parental objective minus midpoint objective,39,5.056066563685015,5.056066563685015,0.0,0.96875,0.0,0.03125,1.1959128057220667,2.919043325228742,4.528575360048604,6.855221753778951,10.55677035477552
separable_pl_d8,PL 8D,broad,benefit: mean parental objective minus midpoint objective,40,6.217713931338348,6.217713931338348,0.0,0.96875,0.0,0.03125,1.2324256700914527,3.6374412132567153,5.764996959541708,8.06737510852814,12.947069413361511
separable_pl_d8,PL 8D,broad,benefit: mean parental objective minus midpoint objective,41,6.234390607991186,6.234390607991186,0.0,0.96875,0.0,0.03125,1.1389854822316998,3.7414552713049254,6.04901387902674,8.483342756524301,12.308291549938302
separable_pl_d8,PL 8D,broad,benefit: mean parental objective minus midpoint objective,42,5.791521286239872,5.791521286239872,0.0,0.96875,0.0,0.03125,1.2364597183506696,3.4453517327244967,5.333942627599299,7.815547596500178,11.689933108218874
separable_pl_d8,PL 8D,broad,benefit: mean parental objective minus midpoint objective,43,6.784189128044282,6.784189128044282,0.0,0.96875,0.0,0.03125,1.5979063172536208,4.261162166560062,6.425497065382608,8.91242770433022,13.100646204119661
separable_pl_d8,PL 8D,broad,benefit: mean parental objective minus midpoint objective,44,5.0637843965194875,5.0637843965194875,0.0,0.96875,0.0,0.03125,1.1553725040568992,3.1760773783578475,4.792110749737644,6.632420410930668,10.031006041136658
separable_pl_d8,PL 8D,broad,benefit: mean parental objective minus midpoint objective,45,5.751891149808575,5.751891149808575,0.0,0.96875,0.0,0.03125,1.173859360842684,3.7431967912124886,5.504433908226573,7.61159754995022,10.829725795068555
separable_pl_d8,PL 8D,broad,benefit: mean parental objective minus midpoint objective,46,5.745237873776693,5.745237873776693,0.0,0.96875,0.0,0.03125,1.529509559283854,3.540698019696519,5.291841370503009,7.40094183479065,11.672188368129149
separable_pl_d8,PL 8D,broad,benefit: mean parental objective minus midpoint objective,47,6.347292137848999,6.347292137848999,0.0,0.96875,0.0,0.03125,1.4686953064473487,4.005976363751886,6.008194295984639,8.49075318840805,12.06808773955632
separable_pl_d8,PL 8D,broad,benefit: mean parental objective minus midpoint objective,48,5.673947077958525,5.673947077958525,0.0,0.96875,0.0,0.03125,1.409285697712324,3.270903725349653,5.187031296286996,7.566932242842977,11.314443804242138
separable_pl_d8,PL 8D,broad,benefit: mean parental objective minus midpoint objective,49,6.077738246874814,6.077738246874814,0.0,0.96875,0.0,0.03125,1.3845952933186059,3.9747590351793107,5.793117814935766,8.061989225688874,11.39500657125825
separable_pl_d8,PL 8D,broad,benefit: mean parental objective minus midpoint objective,50,5.755270167515206,5.755270167515206,0.0,0.96875,0.0,0.03125,1.201319775960151,3.349440238630926,5.479342793954647,7.858685800958938,11.755589647294762
separable_pl_d8,PL 8D,broad,benefit: mean parental objective minus midpoint objective,51,5.031192251027594,5.031192251027594,0.0,0.96875,0.0,0.03125,1.009113329416806,3.0890798673160784,4.635896264848018,6.869388190550363,10.505105335644444
separable_pl_d8,PL 8D,broad,benefit: mean parental objective minus midpoint objective,52,6.518859064721506,6.518859064721506,0.0,0.96875,0.0,0.03125,1.8273047661161357,4.270441211463865,6.251278680758212,8.563588590166397,12.583688032939776
separable_pl_d8,PL 8D,broad,benefit: mean parental objective minus midpoint objective,53,6.115393749857718,6.115393749857718,0.0,0.96875,0.0,0.03125,1.171121444103509,3.5119892718583685,5.745762416622696,8.224855950510516,12.155506591261794
separable_pl_d8,PL 8D,broad,benefit: mean parental objective minus midpoint objective,54,6.237015463186345,6.237015463186345,0.0,0.96875,0.0,0.03125,1.6966526946936114,4.000987953168959,5.795207736052758,8.030275759340695,11.843129151360593
separable_pl_d8,PL 8D,broad,benefit: mean parental objective minus midpoint objective,55,5.432605966328932,5.432605966328932,0.0,0.96875,0.0,0.03125,1.082989109321808,3.2115678359835176,5.055209681729553,7.225957484932005,10.879636077372059
separable_pl_d8,PL 8D,broad,benefit: mean parental objective minus midpoint objective,56,5.800000571386226,5.800000571386226,0.0,0.96875,0.0,0.03125,1.4911990020835493,3.979105555838693,5.472774223461258,7.459902152091008,11.092026987748731
separable_pl_d8,PL 8D,broad,benefit: mean parental objective minus midpoint objective,57,5.824227913687428,5.824227913687428,0.0,0.96875,0.0,0.03125,1.4379398820002542,3.648279536370312,5.404319876223179,7.8534095108941955,11.283152332524946
separable_pl_d8,PL 8D,broad,benefit: mean parental objective minus midpoint objective,58,5.805419773394791,5.805419773394791,0.0,0.96875,0.0,0.03125,1.1569042785105221,3.614092630196108,5.564654082314767,7.656265722050824,11.443082062619357
separable_pl_d8,PL 8D,broad,benefit: mean parental objective minus midpoint objective,59,6.178366070565788,6.178366070565788,0.0,0.96875,0.0,0.03125,1.2431381253789553,3.358507394764299,5.475572024987425,8.156477244284513,14.105836960241426
separable_pl_d8,PL 8D,broad,benefit: mean parental objective minus midpoint objective,60,4.849580294445915,4.849580294445915,0.0,0.96875,0.0,0.03125,1.104998838558883,2.916095836340382,4.561304923236511,6.384719872642467,9.594931155990137
separable_pl_d8,PL 8D,broad,benefit: mean parental objective minus midpoint objective,61,5.8005048700331,5.8005048700331,0.0,0.96875,0.0,0.03125,1.1751210253448399,3.3183287624700526,5.0919481309461165,7.5948996900526495,13.026718192185767
separable_pl_d8,PL 8D,broad,benefit: mean parental objective minus midpoint objective,62,5.1022647712865385,5.1022647712865385,0.0,0.96875,0.0,0.03125,1.329389398214154,3.1977005521440027,4.802081027085654,6.760930571930239,9.667057466165797
separable_pl_d8,PL 8D,broad,benefit: mean parental objective minus midpoint objective,63,5.984556335198175,5.984556335198175,0.0,0.96875,0.0,0.03125,0.9175323766980474,3.690644718718959,5.806836197688472,7.827150761266553,12.377575665505365
separable_pl_d8,PL 8D,broad,benefit: mean parental objective minus midpoint objective,64,5.875871307923692,5.875871307923692,0.0,0.96875,0.0,0.03125,1.243883107518414,3.374851407911784,5.470505634779737,7.974503433471483,12.342781493257053
separable_pl_d8,PL 8D,broad,benefit: mean parental objective minus midpoint objective,65,5.99282296209708,5.99282296209708,0.0,0.96875,0.0,0.03125,1.6361584313821496,3.7399548194232697,5.688355402381152,7.9387237891897335,11.651623091300598
separable_pl_d8,PL 8D,broad,benefit: mean parental objective minus midpoint objective,66,5.657501953847866,5.657501953847866,0.0,0.96875,0.0,0.03125,1.2530078308914039,3.283804498688098,5.140551042988951,7.622403829277591,11.740815116385502
separable_pl_d8,PL 8D,broad,benefit: mean parental objective minus midpoint objective,67,5.041703122014161,5.041703122014161,0.0,0.96875,0.0,0.03125,1.1393499859552954,3.016655421119804,4.695610673766129,6.694824323893073,10.132785691085992
separable_pl_d8,PL 8D,broad,benefit: mean parental objective minus midpoint objective,68,5.133282845347766,5.133282845347766,0.0,0.96875,0.0,0.03125,1.2418394007937081,3.200839389775428,4.881248762226626,6.526904055426488,10.419749459656352
separable_pl_d8,PL 8D,broad,benefit: mean parental objective minus midpoint objective,69,5.6070773204757405,5.6070773204757405,0.0,0.96875,0.0,0.03125,1.0896148045443628,3.511493998536128,5.541837744057508,7.57321009117755,10.426577593938267
separable_pl_d8,PL 8D,broad,benefit: mean parental objective minus midpoint objective,70,6.394983192188484,6.394983192188484,0.0,0.96875,0.0,0.03125,1.2637353512807916,3.8324462100327334,6.099689064852647,8.420553244447667,13.096864418462701
separable_pl_d8,PL 8D,broad,benefit: mean parental objective minus midpoint objective,71,6.046116239435816,6.046116239435816,0.0,0.96875,0.0,0.03125,1.5048482578713092,3.850813328286618,5.522179247411492,7.955755641917529,11.924559035949672
separable_pl_d8,PL 8D,broad,benefit: mean parental objective minus midpoint objective,72,6.139762233641187,6.139762233641187,0.0,0.96875,0.0,0.03125,1.0130151441936306,3.695448725581093,5.849466606756273,7.927320346887779,12.6195862728816
separable_pl_d8,PL 8D,broad,benefit: mean parental objective minus midpoint objective,73,5.291109178466094,5.291109178466094,0.0,0.96875,0.0,0.03125,1.3250303456098766,3.2571778118224053,4.772552334433139,6.876170057297063,10.569558669074485
separable_pl_d8,PL 8D,broad,benefit: mean parental objective minus midpoint objective,74,5.647825689932654,5.647825689932654,0.0,0.96875,0.0,0.03125,1.3654749578215277,3.318402240395418,5.153909265283426,7.403873647911668,12.097740040293145
separable_pl_d8,PL 8D,broad,benefit: mean parental objective minus midpoint objective,75,5.58910931440559,5.58910931440559,0.0,0.96875,0.0,0.03125,1.095173286229727,3.268221053211793,4.970809263396973,7.453312872639312,12.022265707178526
separable_pl_d8,PL 8D,broad,benefit: mean parental objective minus midpoint objective,76,5.670650372727097,5.670650372727097,0.0,0.96875,0.0,0.03125,1.0626813159792299,3.397345796889958,5.202460125777101,7.775356849691313,11.289277653661351
separable_pl_d8,PL 8D,broad,benefit: mean parental objective minus midpoint objective,77,6.112201916816069,6.112201916816069,0.0,0.96875,0.0,0.03125,1.5880169318940265,3.9272315776106677,5.8808617512708725,7.942876940896664,12.048259725485234
separable_pl_d8,PL 8D,broad,benefit: mean parental objective minus midpoint objective,78,6.37697027424056,6.37697027424056,0.0,0.96875,0.0,0.03125,1.2874045170003043,3.8997624258531776,5.773038021118098,8.633898573240224,13.028143988896279
separable_pl_d8,PL 8D,broad,benefit: mean parental objective minus midpoint objective,79,5.716294309005397,5.716294309005397,0.0,0.96875,0.0,0.03125,1.2414818081085173,3.758030613558258,5.698990527710556,7.51172750675182,10.876090005648809
separable_pl_d8,PL 8D,broad,benefit: mean parental objective minus midpoint objective,80,5.451708829779653,5.451708829779653,0.0,0.96875,0.0,0.03125,1.2630184814531944,3.3580594846245635,5.123396279664913,7.2554076599978075,10.692992668217865
separable_pl_d8,PL 8D,broad,benefit: mean parental objective minus midpoint objective,81,4.973156217682714,4.973156217682714,0.0,0.96875,0.0,0.03125,1.0315253167832523,2.9571395949227472,4.65847235363041,6.673500105591177,9.870939082296818
separable_pl_d8,PL 8D,broad,benefit: mean parental objective minus midpoint objective,82,6.423679774926668,6.423679774926668,0.0,0.96875,0.0,0.03125,1.0452612692746328,4.060412128382527,6.200701954799291,8.44973074802187,12.429547681095528
separable_pl_d8,PL 8D,broad,benefit: mean parental objective minus midpoint objective,83,6.6450065180040685,6.6450065180040685,0.0,0.96875,0.0,0.03125,1.6267945680730023,4.347620700453133,6.220326949236789,8.580086632339018,12.285002411537505
separable_pl_d8,PL 8D,broad,benefit: mean parental objective minus midpoint objective,84,5.255633621586783,5.255633621586783,0.0,0.96875,0.0,0.03125,1.070328966509413,3.081196346366294,4.951461330602273,6.909201704054345,10.412440093809455
separable_pl_d8,PL 8D,broad,benefit: mean parental objective minus midpoint objective,85,5.916633872474916,5.916633872474916,0.0,0.96875,0.0,0.03125,1.3253289237879642,3.8852555292567246,5.975290567505528,7.730987861719047,10.594833175811306
separable_pl_d8,PL 8D,broad,benefit: mean parental objective minus midpoint objective,86,6.271590970037529,6.271590970037529,0.0,0.96875,0.0,0.03125,1.672684924109669,3.846323008117473,6.067102629275709,8.05135651094405,12.405319029726023
separable_pl_d8,PL 8D,broad,benefit: mean parental objective minus midpoint objective,87,5.544439609576839,5.544439609576839,0.0,0.96875,0.0,0.03125,1.297593203020707,3.4124137050537016,5.093778369391883,7.222535325636752,10.902871883659847
separable_pl_d8,PL 8D,broad,benefit: mean parental objective minus midpoint objective,88,6.616795554370744,6.616795554370744,0.0,0.96875,0.0,0.03125,1.9471944583625955,4.248440284175258,6.20842451248221,8.739129594219706,12.494845284029013
separable_pl_d8,PL 8D,broad,benefit: mean parental objective minus midpoint objective,89,5.422976422175099,5.422976422175099,0.0,0.96875,0.0,0.03125,0.9465044738113271,3.607594680413552,5.167695403222659,7.165629565113072,10.049341632347208
separable_pl_d8,PL 8D,broad,benefit: mean parental objective minus midpoint objective,90,6.405280079644892,6.405280079644892,0.0,0.96875,0.0,0.03125,1.5595578775075793,3.9512759234498773,6.051204231448596,8.378994768929207,13.471691836853404
separable_pl_d8,PL 8D,broad,benefit: mean parental objective minus midpoint objective,91,5.808499122449289,5.808499122449289,0.0,0.96875,0.0,0.03125,1.0264674333351245,3.5496853074828536,5.55176127836285,7.752517479849157,11.444782245232215
separable_pl_d8,PL 8D,broad,benefit: mean parental objective minus midpoint objective,92,5.2568905468693945,5.2568905468693945,0.0,0.96875,0.0,0.03125,1.3609704121601478,3.353943232579379,4.750764269634423,6.734749103330696,10.789525834564063
separable_pl_d8,PL 8D,broad,benefit: mean parental objective minus midpoint objective,93,5.9156661803519075,5.9156661803519075,0.0,0.96875,0.0,0.03125,1.3784453132347139,3.53550079140763,5.438244569479808,7.801295155602968,11.816775986367105
separable_pl_d8,PL 8D,broad,benefit: mean parental objective minus midpoint objective,94,5.440473213320305,5.440473213320305,0.0,0.96875,0.0,0.03125,1.1075336256602544,3.3226744819944667,4.996944416658717,7.260937332440728,11.091804983416935
separable_pl_d8,PL 8D,broad,benefit: mean parental objective minus midpoint objective,95,5.8396261918171,5.8396261918171,0.0,0.96875,0.0,0.03125,0.9937650280681751,3.299714798381565,5.182113086303918,7.796674881169231,12.452630169785419
separable_pl_d8,PL 8D,broad,benefit: mean parental objective minus midpoint objective,96,5.272984802018657,5.272984802018657,0.0,0.96875,0.0,0.03125,1.3922228869151994,3.352083088921294,5.032929704724662,6.880348877310272,10.529495193937569
separable_pl_d8,PL 8D,broad,benefit: mean parental objective minus midpoint objective,97,6.876441963883539,6.876441963883539,0.0,0.96875,0.0,0.03125,1.4824257087224844,3.979338180643907,6.456087438088566,9.079766269645864,13.877965628746635
separable_pl_d8,PL 8D,broad,benefit: mean parental objective minus midpoint objective,98,5.820404373879796,5.820404373879796,0.0,0.96875,0.0,0.03125,1.2582948649057109,3.542300351846496,5.440170809902822,7.523244988011573,12.254519437209732
separable_pl_d8,PL 8D,broad,benefit: mean parental objective minus midpoint objective,99,5.512669543326566,5.512669543326566,0.0,0.96875,0.0,0.03125,1.364535214081819,3.1811177482190605,5.280506724692845,7.346562227741364,11.10414412102238
separable_pl_d8,PL 8D,broad,benefit: mean parental objective minus midpoint objective,100,5.614927489861684,5.614927489861684,0.0,0.96875,0.0,0.03125,1.2592922869574217,3.4902636766400406,5.274384308244095,7.700606573564292,11.085902262461893
separable_pl_d8,PL 8D,broad,benefit: mean parental objective minus midpoint objective,101,5.640749781167016,5.640749781167016,0.0,0.96875,0.0,0.03125,1.2364101886757926,3.3841696913350265,5.378835032903762,7.2687739197625,11.280598724700983
separable_pl_d8,PL 8D,broad,benefit: mean parental objective minus midpoint objective,102,5.852852950236236,5.852852950236236,0.0,0.96875,0.0,0.03125,1.428887720896224,3.6986614473573347,5.6121708178977645,7.905847965273654,11.080931070448692
separable_pl_d8,PL 8D,broad,benefit: mean parental objective minus midpoint objective,103,5.920928035550007,5.920928035550007,0.0,0.96875,0.0,0.03125,1.5754964663867916,3.7962555939854106,5.6514231032200755,7.647273150975899,11.038241180243404
separable_pl_d8,PL 8D,broad,benefit: mean parental objective minus midpoint objective,104,6.8527088759903965,6.8527088759903965,0.0,0.96875,0.0,0.03125,1.9080253026933995,4.299171706399157,6.430839446214115,9.038774159694848,13.07738536930285
separable_pl_d8,PL 8D,broad,benefit: mean parental objective minus midpoint objective,105,6.626974176581447,6.626974176581447,0.0,0.96875,0.0,0.03125,1.2554875820485272,3.978814687964366,6.232200434041989,8.766910620282214,13.41274154343644
separable_pl_d8,PL 8D,broad,benefit: mean parental objective minus midpoint objective,106,6.4064594073715995,6.4064594073715995,0.0,0.96875,0.0,0.03125,1.3020182809740888,3.9276517679485607,5.8726147529200645,8.437830439816867,13.32698561545956
separable_pl_d8,PL 8D,broad,benefit: mean parental objective minus midpoint objective,107,6.125941300613549,6.125941300613549,0.0,0.96875,0.0,0.03125,1.2991796237743998,3.438891966990777,5.598864504443634,8.425054604972742,13.252959718913743
separable_pl_d8,PL 8D,broad,benefit: mean parental objective minus midpoint objective,108,5.59316242648622,5.59316242648622,0.0,0.96875,0.0,0.03125,1.3055402129034341,3.4535779342179707,5.414917398565425,7.318366638331755,11.003272770142921
separable_pl_d8,PL 8D,broad,benefit: mean parental objective minus midpoint objective,109,5.717096685439216,5.717096685439216,0.0,0.96875,0.0,0.03125,1.3039292001655713,3.498608339632442,5.118011189505292,7.583711537849986,11.818289802046127
separable_pl_d8,PL 8D,broad,benefit: mean parental objective minus midpoint objective,110,6.801240607277812,6.801240607277812,0.0,0.96875,0.0,0.03125,1.7934031941059878,4.23868149128476,6.474562730624589,9.020325743355452,13.194385453066266
separable_pl_d8,PL 8D,broad,benefit: mean parental objective minus midpoint objective,111,5.914982842952258,5.914982842952258,0.0,0.96875,0.0,0.03125,1.5035940821624436,3.717353730067064,5.689944986275666,7.613359066880642,11.556815486453107
separable_pl_d8,PL 8D,broad,benefit: mean parental objective minus midpoint objective,112,5.84780938740283,5.84780938740283,0.0,0.96875,0.0,0.03125,0.9925270018017827,3.295128789067167,5.188192695308375,7.543838823755015,13.564764108835565
separable_pl_d8,PL 8D,broad,benefit: mean parental objective minus midpoint objective,113,5.9234499262240865,5.9234499262240865,0.0,0.96875,0.0,0.03125,1.3680896103124596,3.4997830805247396,5.702628782045949,7.975209987264867,11.325272190972932
separable_pl_d8,PL 8D,broad,benefit: mean parental objective minus midpoint objective,114,5.850491847791681,5.850491847791681,0.0,0.96875,0.0,0.03125,1.3349548121480055,3.4308721820620427,5.2593665228031234,7.711068557133213,11.502001171860469
separable_pl_d8,PL 8D,broad,benefit: mean parental objective minus midpoint objective,115,6.303840497244801,6.303840497244801,0.0,0.96875,0.0,0.03125,1.373050868333907,3.8537034050055716,5.848342540686286,8.521142190350016,12.987043192303009
separable_pl_d8,PL 8D,broad,benefit: mean parental objective minus midpoint objective,116,5.403077429523304,5.403077429523304,0.0,0.96875,0.0,0.03125,1.0770371490893176,3.223281641108029,5.157846996937069,7.083084982071512,10.744030375236521
separable_pl_d8,PL 8D,broad,benefit: mean parental objective minus midpoint objective,117,6.2140803689634,6.2140803689634,0.0,0.96875,0.0,0.03125,1.5525202302641112,4.1768510575026125,6.0683980794622165,8.176328179128708,11.844633939069364
separable_pl_d8,PL 8D,broad,benefit: mean parental objective minus midpoint objective,118,5.544527249287175,5.544527249287175,0.0,0.96875,0.0,0.03125,1.007676590639793,3.4612472019641167,5.200787354131403,7.4362499964315365,10.747188591035679
separable_pl_d8,PL 8D,broad,benefit: mean parental objective minus midpoint objective,119,5.788654729775598,5.788654729775598,0.0,0.96875,0.0,0.03125,1.5541947592744698,3.3451485393598617,5.157580073087669,7.730952262898025,11.875244277851099
separable_pl_d8,PL 8D,broad,benefit: mean parental objective minus midpoint objective,120,5.840215990714899,5.840215990714899,0.0,0.96875,0.0,0.03125,1.0053380054127832,3.4087959082909585,5.341339155854726,7.711902037916044,11.775794269883875
separable_pl_d8,PL 8D,broad,benefit: mean parental objective minus midpoint objective,121,5.446529423789465,5.446529423789465,0.0,0.96875,0.0,0.03125,1.0353964814612677,2.9226546068713013,4.8926521645146295,7.514207476143767,11.230397338381177
separable_pl_d8,PL 8D,broad,benefit: mean parental objective minus midpoint objective,122,5.517879970810414,5.517879970810414,0.0,0.96875,0.0,0.03125,1.3177268016316823,3.2617037253509693,4.994259490420385,7.409349798999436,10.715259945089006
separable_pl_d8,PL 8D,broad,benefit: mean parental objective minus midpoint objective,123,6.220470986376942,6.220470986376942,0.0,0.96875,0.0,0.03125,1.3105459697138677,3.4463692198758302,5.3983607715577335,8.041118807155033,13.948234490516663
separable_pl_d8,PL 8D,broad,benefit: mean parental objective minus midpoint objective,124,5.378374848141501,5.378374848141501,0.0,0.96875,0.0,0.03125,0.973510102714787,3.062407976335125,4.901873684896318,7.294474754083476,11.237091874953023
separable_pl_d8,PL 8D,broad,benefit: mean parental objective minus midpoint objective,125,5.771500318165215,5.771500318165215,0.0,0.96875,0.0,0.03125,1.236463499476109,3.307656516612264,5.295478494687131,7.654126772325425,11.985867105959972
separable_pl_d8,PL 8D,broad,benefit: mean parental objective minus midpoint objective,126,5.715388677768129,5.715388677768129,0.0,0.96875,0.0,0.03125,1.209492174435697,3.50033614592064,5.22168679066159,7.654925001515924,11.320719131027033
separable_pl_d8,PL 8D,broad,benefit: mean parental objective minus midpoint objective,127,5.654396699994676,5.654396699994676,0.0,0.96875,0.0,0.03125,1.2460985760214065,3.406501134966339,5.0323258774444675,7.416610990094551,11.62455980857963
separable_pl_d8,PL 8D,clustered,benefit: mean parental objective minus midpoint objective,0,6.535953263435546,6.535953263435546,0.0,0.96875,0.0,0.03125,0.006606624185177878,0.017664805336019995,0.040706179171634105,13.899911848071758,14.678063533866734
separable_pl_d8,PL 8D,clustered,benefit: mean parental objective minus midpoint objective,1,6.932258338075255,6.932258338075255,0.0,0.96875,0.0,0.03125,0.007532277051977232,0.019750960624566716,0.06824289351354196,13.866985765613181,14.44650571165899
separable_pl_d8,PL 8D,clustered,benefit: mean parental objective minus midpoint objective,2,6.860083061741144,6.860083061741144,0.0,0.96875,0.0,0.03125,0.004705530937503255,0.017966456943302234,0.04797311349024547,13.866455111676611,14.620162867738816
separable_pl_d8,PL 8D,clustered,benefit: mean parental objective minus midpoint objective,3,6.910066992057763,6.910066992057763,0.0,0.96875,0.0,0.03125,0.007343864282953305,0.020189888898107355,0.08248393946401755,13.742109517943435,14.572721520658474
separable_pl_d8,PL 8D,clustered,benefit: mean parental objective minus midpoint objective,4,6.949372432466333,6.949372432466333,0.0,0.96875,0.0,0.03125,0.00719605118072586,0.020263244190635632,0.060047668174068036,13.862220528775568,14.583034449430198
separable_pl_d8,PL 8D,clustered,benefit: mean parental objective minus midpoint objective,5,6.908964561205673,6.908964561205673,0.0,0.96875,0.0,0.03125,0.0065333475590492185,0.01854532241776674,0.049507913602994336,13.937869089638529,14.671782283674988
separable_pl_d8,PL 8D,clustered,benefit: mean parental objective minus midpoint objective,6,6.747329261076905,6.747329261076905,0.0,0.96875,0.0,0.03125,0.008215793553446815,0.018484278194064174,0.045058342965257125,13.951792801821432,14.555920050199287
separable_pl_d8,PL 8D,clustered,benefit: mean parental objective minus midpoint objective,7,6.94561698685281,6.94561698685281,0.0,0.96875,0.0,0.03125,0.005490688083545692,0.01644332778636226,0.07363824975523059,13.856738279474099,14.594825685859448
separable_pl_d8,PL 8D,clustered,benefit: mean parental objective minus midpoint objective,8,6.629249604873697,6.629249604873697,0.0,0.96875,0.0,0.03125,0.006022168827149343,0.017304415735569734,0.04187854711756245,13.61523324724312,14.612300502308875
separable_pl_d8,PL 8D,clustered,benefit: mean parental objective minus midpoint objective,9,6.846044556205134,6.846044556205134,0.0,0.96875,0.0,0.03125,0.007647377795830579,0.020136726892854284,0.05443595061746187,13.853898169261745,14.510394796989267
separable_pl_d8,PL 8D,clustered,benefit: mean parental objective minus midpoint objective,10,6.824461558858293,6.824461558858293,0.0,0.96875,0.0,0.03125,0.008092575369811783,0.019618848568473624,0.045262718871551755,13.839237937170262,14.560227825395874
separable_pl_d8,PL 8D,clustered,benefit: mean parental objective minus midpoint objective,11,6.742140962725022,6.742140962725022,0.0,0.96875,0.0,0.03125,0.006796426993760818,0.018675031052236335,0.0495292358290893,13.910140717762818,14.82808141575514
separable_pl_d8,PL 8D,clustered,benefit: mean parental objective minus midpoint objective,12,6.520215935455867,6.520215935455867,0.0,0.96875,0.0,0.03125,0.008742925622236442,0.020095305758514925,0.044401094808335984,13.823427438838134,14.62273419714959
separable_pl_d8,PL 8D,clustered,benefit: mean parental objective minus midpoint objective,13,6.778343980882406,6.778343980882406,0.0,0.96875,0.0,0.03125,0.0054488177268208204,0.0161517484706728,0.044055982189085796,13.981233195179795,14.774266147586468
separable_pl_d8,PL 8D,clustered,benefit: mean parental objective minus midpoint objective,14,6.892728427100058,6.892728427100058,0.0,0.96875,0.0,0.03125,0.00890735451454816,0.02078589993461577,0.06268670256065789,13.797151214457617,14.672650769011259
separable_pl_d8,PL 8D,clustered,benefit: mean parental objective minus midpoint objective,15,6.567084314226731,6.567084314226731,0.0,0.96875,0.0,0.03125,0.009059302186340545,0.02126876832967106,0.04319432851084315,13.846781115057112,14.821265283967083
separable_pl_d8,PL 8D,clustered,benefit: mean parental objective minus midpoint objective,16,6.946190772695308,6.946190772695308,0.0,0.96875,0.0,0.03125,0.006403503665991295,0.018535708737394074,0.06290837817846295,14.065756593927299,14.779001405824992
separable_pl_d8,PL 8D,clustered,benefit: mean parental objective minus midpoint objective,17,6.286489392090853,6.286489392090853,0.0,0.96875,0.0,0.03125,0.006931606064711104,0.01797425625470872,0.05131994298084841,13.922635459156448,14.49064006490922
separable_pl_d8,PL 8D,clustered,benefit: mean parental objective minus midpoint objective,18,7.003381186161308,7.003381186161308,0.0,0.96875,0.0,0.03125,0.006439593566168966,0.01900165905809459,0.0640255966812564,13.984402948767286,14.669777475729811
separable_pl_d8,PL 8D,clustered,benefit: mean parental objective minus midpoint objective,19,7.088986523316686,7.088986523316686,0.0,0.96875,0.0,0.03125,0.0073863886923195565,0.021367781333960778,0.07456195598555126,14.138157200038789,15.056278094893923
separable_pl_d8,PL 8D,clustered,benefit: mean parental objective minus midpoint objective,20,6.885674490036443,6.885674490036443,0.0,0.96875,0.0,0.03125,0.00850007663595953,0.01831987851873329,0.052677870848972574,13.890250970246582,14.745814028043222
separable_pl_d8,PL 8D,clustered,benefit: mean parental objective minus midpoint objective,21,6.796351097385607,6.796351097385607,0.0,0.96875,0.0,0.03125,0.007264015669026236,0.0181949959884129,0.0570980132328156,13.607885866876924,14.577430950821803
separable_pl_d8,PL 8D,clustered,benefit: mean parental objective minus midpoint objective,22,6.982601447043951,6.982601447043951,0.0,0.96875,0.0,0.03125,0.007644407376384166,0.0187982018698154,0.05257513743038622,14.00160836193196,14.557480679251743
separable_pl_d8,PL 8D,clustered,benefit: mean parental objective minus midpoint objective,23,6.831793551290586,6.831793551290586,0.0,0.96875,0.0,0.03125,0.008053885871696309,0.02190080954611595,0.06139980449094651,13.886154140357975,14.61975762509913
separable_pl_d8,PL 8D,clustered,benefit: mean parental objective minus midpoint objective,24,6.759385827297631,6.759385827297631,0.0,0.96875,0.0,0.03125,0.0060094782043904615,0.019365291924588135,0.047857510580293194,13.980793338815165,14.670340346771928
separable_pl_d8,PL 8D,clustered,benefit: mean parental objective minus midpoint objective,25,6.795006853924093,6.795006853924093,0.0,0.96875,0.0,0.03125,0.005804365207621842,0.017044436960953036,0.04219627316621555,13.76239399550801,14.425449664787818
separable_pl_d8,PL 8D,clustered,benefit: mean parental objective minus midpoint objective,26,6.6770747414080125,6.6770747414080125,0.0,0.96875,0.0,0.03125,0.008223400321485386,0.021624776369812082,0.05384819766113402,13.74652663745254,14.493716056677501
separable_pl_d8,PL 8D,clustered,benefit: mean parental objective minus midpoint objective,27,6.036066205555952,6.036066205555952,0.0,0.96875,0.0,0.03125,0.004755219801866772,0.0151947191762698,0.031231686705819328,13.857308843291259,14.674365884261674
separable_pl_d8,PL 8D,clustered,benefit: mean parental objective minus midpoint objective,28,6.7908271712057156,6.7908271712057156,0.0,0.96875,0.0,0.03125,0.006938683620910879,0.02021856492072871,0.06430606373318426,13.762473400527433,14.70787305667747
separable_pl_d8,PL 8D,clustered,benefit: mean parental objective minus midpoint objective,29,6.475966705428478,6.475966705428478,0.0,0.96875,0.0,0.03125,0.0075227462006193235,0.017669026585167558,0.041318022088589146,13.757132340975781,14.481053088270192
separable_pl_d8,PL 8D,clustered,benefit: mean parental objective minus midpoint objective,30,6.759440718586168,6.759440718586168,0.0,0.96875,0.0,0.03125,0.006557748201561964,0.021658694449483207,0.05936487811790769,13.566198596872818,14.097833016597233
separable_pl_d8,PL 8D,clustered,benefit: mean parental objective minus midpoint objective,31,6.372587951420485,6.372587951420485,0.0,0.96875,0.0,0.03125,0.005581772271021634,0.016557841606640977,0.03399640956182637,14.05352917285947,14.881617715542202
separable_pl_d8,PL 8D,clustered,benefit: mean parental objective minus midpoint objective,32,6.879846102121988,6.879846102121988,0.0,0.96875,0.0,0.03125,0.007771386193461183,0.024259832137785153,0.06596890850658355,13.938219635668123,14.655827927017286
separable_pl_d8,PL 8D,clustered,benefit: mean parental objective minus midpoint objective,33,6.567302798023397,6.567302798023397,0.0,0.96875,0.0,0.03125,0.0077833349246958505,0.019985285913827866,0.04900402824280192,13.880422963680813,14.609600142176904
separable_pl_d8,PL 8D,clustered,benefit: mean parental objective minus midpoint objective,34,6.237308269879133,6.237308269879133,0.0,0.96875,0.0,0.03125,0.007720742117758306,0.019675763758820963,0.045025182408087616,13.713204052035284,14.549350867890482
separable_pl_d8,PL 8D,clustered,benefit: mean parental objective minus midpoint objective,35,6.749398514861913,6.749398514861913,0.0,0.96875,0.0,0.03125,0.005804214749742798,0.022046265223231387,0.050685702331829674,13.974559512872544,14.732751390025829
separable_pl_d8,PL 8D,clustered,benefit: mean parental objective minus midpoint objective,36,6.944118358142974,6.944118358142974,0.0,0.96875,0.0,0.03125,0.006745306169127829,0.02077324712136175,0.07721630871263585,13.894195789379015,14.672018092745398
separable_pl_d8,PL 8D,clustered,benefit: mean parental objective minus midpoint objective,37,6.968568349644407,6.968568349644407,0.0,0.96875,0.0,0.03125,0.006034472826605963,0.018266375437836047,0.10850580893620965,13.924973183762075,14.673665476271207
separable_pl_d8,PL 8D,clustered,benefit: mean parental objective minus midpoint objective,38,6.826090259110046,6.826090259110046,0.0,0.96875,0.0,0.03125,0.007033621279504132,0.02068793498484567,0.05135362456180914,13.919941452541108,14.489893681744418
separable_pl_d8,PL 8D,clustered,benefit: mean parental objective minus midpoint objective,39,7.0304484157719696,7.0304484157719696,0.0,0.96875,0.0,0.03125,0.006709618335309031,0.016265380335260815,0.056758392118997136,14.03990799189874,14.765933985167615
separable_pl_d8,PL 8D,clustered,benefit: mean parental objective minus midpoint objective,40,6.9680050124469854,6.9680050124469854,0.0,0.96875,0.0,0.03125,0.007638276088508533,0.02448730314803882,0.12347741314443539,13.84881849884097,14.565516691361504
separable_pl_d8,PL 8D,clustered,benefit: mean parental objective minus midpoint objective,41,7.027594465922656,7.027594465922656,0.0,0.96875,0.0,0.03125,0.005605494930883026,0.017111983319342272,0.053807520265761966,14.109504168884172,14.789224664294114
separable_pl_d8,PL 8D,clustered,benefit: mean parental objective minus midpoint objective,42,6.8632117730000015,6.8632117730000015,0.0,0.96875,0.0,0.03125,0.006474707284350956,0.019123493412797288,0.05699992540964516,13.761699306683477,14.470550406278663
separable_pl_d8,PL 8D,clustered,benefit: mean parental objective minus midpoint objective,43,6.917567946175376,6.917567946175376,0.0,0.96875,0.0,0.03125,0.007853467797252378,0.021391743616574033,0.054309826740716716,14.148783290123145,14.818818875083531
separable_pl_d8,PL 8D,clustered,benefit: mean parental objective minus midpoint objective,44,6.954751193223693,6.954751193223693,0.0,0.96875,0.0,0.03125,0.008073475029561905,0.020871908239978865,0.0662818570407584,13.869254526794029,14.561081653108689
separable_pl_d8,PL 8D,clustered,benefit: mean parental objective minus midpoint objective,45,6.609336586458857,6.609336586458857,0.0,0.96875,0.0,0.03125,0.007585791425119837,0.021511445304781773,0.05021213874787556,13.654633967952236,14.41121858824709
separable_pl_d8,PL 8D,clustered,benefit: mean parental objective minus midpoint objective,46,6.57186461198815,6.57186461198815,0.0,0.96875,0.0,0.03125,0.0072098683398369445,0.018975251144189187,0.03853624751159046,13.985421360072301,14.655298885444589
separable_pl_d8,PL 8D,clustered,benefit: mean parental objective minus midpoint objective,47,6.921550894028749,6.921550894028749,0.0,0.96875,0.0,0.03125,0.00665777754877972,0.018049195465955847,0.06429172420405216,13.93802802027745,14.468347005263524
separable_pl_d8,PL 8D,clustered,benefit: mean parental objective minus midpoint objective,48,7.021556382517879,7.021556382517879,0.0,0.96875,0.0,0.03125,0.0071701891833804154,0.019755867922697234,0.060786202528920086,14.015023196585375,14.787003398100687
separable_pl_d8,PL 8D,clustered,benefit: mean parental objective minus midpoint objective,49,6.87338479921004,6.87338479921004,0.0,0.96875,0.0,0.03125,0.008214771144038124,0.02072006192569198,0.059450506004193215,13.914105040295567,14.847217061704692
separable_pl_d8,PL 8D,clustered,benefit: mean parental objective minus midpoint objective,50,6.721825383738427,6.721825383738427,0.0,0.96875,0.0,0.03125,0.006424872423497874,0.01974073583457958,0.04422041509975827,13.883206034640175,14.728474327149998
separable_pl_d8,PL 8D,clustered,benefit: mean parental objective minus midpoint objective,51,6.656727373049706,6.656727373049706,0.0,0.96875,0.0,0.03125,0.004918883650161021,0.017838787912697995,0.03736990350249769,13.747756168368966,14.43885217385439
separable_pl_d8,PL 8D,clustered,benefit: mean parental objective minus midpoint objective,52,6.9617946356279745,6.9617946356279745,0.0,0.96875,0.0,0.03125,0.008418612478125809,0.02239282505905038,0.08168028601827793,13.905568774788653,14.761176061567461
separable_pl_d8,PL 8D,clustered,benefit: mean parental objective minus midpoint objective,53,6.982696285668502,6.982696285668502,0.0,0.96875,0.0,0.03125,0.008303053031495367,0.02132657636149915,0.046168502975543646,14.157179218512226,15.020756343223045
separable_pl_d8,PL 8D,clustered,benefit: mean parental objective minus midpoint objective,54,6.706667700538874,6.706667700538874,0.0,0.96875,0.0,0.03125,0.007339021095411624,0.01957597372965303,0.04301972801372145,13.818475698152058,14.628611164608156
separable_pl_d8,PL 8D,clustered,benefit: mean parental objective minus midpoint objective,55,6.938388701647205,6.938388701647205,0.0,0.96875,0.0,0.03125,0.005444536958115975,0.023705743324693884,0.07382245457914571,13.911942519861805,14.770035302667235
separable_pl_d8,PL 8D,clustered,benefit: mean parental objective minus midpoint objective,56,6.938131735934973,6.938131735934973,0.0,0.96875,0.0,0.03125,0.00677042943537387,0.01996270266799094,0.059638429808281046,13.87387347852376,14.701406036068878
separable_pl_d8,PL 8D,clustered,benefit: mean parental objective minus midpoint objective,57,6.8693290064999335,6.8693290064999335,0.0,0.96875,0.0,0.03125,0.008779521567179316,0.02278240827122069,0.0762711033459027,13.77444281336458,14.46309823462218
separable_pl_d8,PL 8D,clustered,benefit: mean parental objective minus midpoint objective,58,6.9304286522722744,6.9304286522722744,0.0,0.96875,0.0,0.03125,0.007454762997355147,0.02172889787396315,0.06660850318525391,13.771740988412216,14.777496078502447
separable_pl_d8,PL 8D,clustered,benefit: mean parental objective minus midpoint objective,59,6.8695391238763515,6.8695391238763515,0.0,0.96875,0.0,0.03125,0.006581954092983011,0.01715649622328641,0.042977697334231735,13.890307213307958,14.670863355613184
separable_pl_d8,PL 8D,clustered,benefit: mean parental objective minus midpoint objective,60,6.894699412498541,6.894699412498541,0.0,0.96875,0.0,0.03125,0.008506699384900784,0.022270375887192273,0.056551268576225056,13.801084508439512,14.520710876397608
separable_pl_d8,PL 8D,clustered,benefit: mean parental objective minus midpoint objective,61,6.692608683110902,6.692608683110902,0.0,0.96875,0.0,0.03125,0.008485869670019852,0.02077688627781704,0.05012980049122717,13.836726235138515,14.581639749635807
separable_pl_d8,PL 8D,clustered,benefit: mean parental objective minus midpoint objective,62,6.784942833470545,6.784942833470545,0.0,0.96875,0.0,0.03125,0.007877222517908677,0.0233212134050671,0.0484581465031475,13.747416182181006,14.554254450012897
separable_pl_d8,PL 8D,clustered,benefit: mean parental objective minus midpoint objective,63,5.904693834858142,5.904693834858142,0.0,0.96875,0.0,0.03125,0.00668832260643093,0.018624026011650585,0.03551040838410735,13.539532245060398,14.43357271536867
separable_pl_d8,PL 8D,clustered,benefit: mean parental objective minus midpoint objective,64,6.599276852781804,6.599276852781804,0.0,0.96875,0.0,0.03125,0.006727755037376326,0.0192900402930416,0.05159048469956673,13.653811727624719,14.319789850912178
separable_pl_d8,PL 8D,clustered,benefit: mean parental objective minus midpoint objective,65,6.894033974659978,6.894033974659978,0.0,0.96875,0.0,0.03125,0.006930906032126316,0.021232024488391232,0.06757856642254012,13.832000680339236,14.514686725364125
separable_pl_d8,PL 8D,clustered,benefit: mean parental objective minus midpoint objective,66,7.031580568561388,7.031580568561388,0.0,0.96875,0.0,0.03125,0.006908767073342759,0.018211094324763977,0.05570983347729097,14.133763580143794,14.751165564001893
separable_pl_d8,PL 8D,clustered,benefit: mean parental objective minus midpoint objective,67,6.991493863565299,6.991493863565299,0.0,0.96875,0.0,0.03125,0.00676138956175798,0.019476978005272372,0.04937342956995039,14.178293353965847,14.865869613523344
separable_pl_d8,PL 8D,clustered,benefit: mean parental objective minus midpoint objective,68,6.835959195921465,6.835959195921465,0.0,0.96875,0.0,0.03125,0.005395825108347907,0.019961585144992355,0.0710762747200171,13.617140427486119,14.493554272701337
separable_pl_d8,PL 8D,clustered,benefit: mean parental objective minus midpoint objective,69,6.768614120820494,6.768614120820494,0.0,0.96875,0.0,0.03125,0.007215515727512667,0.02060230947276409,0.05632119432308791,13.716341859750333,14.468128081597323
separable_pl_d8,PL 8D,clustered,benefit: mean parental objective minus midpoint objective,70,6.874650564638081,6.874650564638081,0.0,0.96875,0.0,0.03125,0.006114694113820818,0.020991715261704513,0.05612240354591158,13.739226317423716,14.46218054268847
separable_pl_d8,PL 8D,clustered,benefit: mean parental objective minus midpoint objective,71,7.0358102009222,7.0358102009222,0.0,0.96875,0.0,0.03125,0.005211077211214388,0.014571266173589947,0.045705904972525246,14.114007832981192,14.90285368574075
separable_pl_d8,PL 8D,clustered,benefit: mean parental objective minus midpoint objective,72,6.986249241987137,6.986249241987137,0.0,0.96875,0.0,0.03125,0.006331223700538402,0.01926932733931075,0.04627946143322781,14.004958657634013,14.70679921509955
separable_pl_d8,PL 8D,clustered,benefit: mean parental objective minus midpoint objective,73,6.133228184864571,6.133228184864571,0.0,0.96875,0.0,0.03125,0.008068218815582284,0.020822772378039645,0.04103043731848999,13.486841369444555,14.232204914583725
separable_pl_d8,PL 8D,clustered,benefit: mean parental objective minus midpoint objective,74,6.856987550277197,6.856987550277197,0.0,0.96875,0.0,0.03125,0.006334806400458248,0.019025517306150874,0.04633067184354012,13.933673514183873,14.512769963197583
separable_pl_d8,PL 8D,clustered,benefit: mean parental objective minus midpoint objective,75,6.724186473609773,6.724186473609773,0.0,0.96875,0.0,0.03125,0.006567302694502786,0.018294118064224207,0.0461798536211262,13.853527149664428,14.522586663271992
separable_pl_d8,PL 8D,clustered,benefit: mean parental objective minus midpoint objective,76,6.321755071828952,6.321755071828952,0.0,0.96875,0.0,0.03125,0.007711609367140326,0.021935529264537124,0.04503767636795075,13.926704785402189,14.617731311837261
separable_pl_d8,PL 8D,clustered,benefit: mean parental objective minus midpoint objective,77,6.239612936352323,6.239612936352323,0.0,0.96875,0.0,0.03125,0.006521931776770629,0.020584365395709625,0.04217641257594451,13.698584423858602,14.727746629906118
separable_pl_d8,PL 8D,clustered,benefit: mean parental objective minus midpoint objective,78,6.741353949608743,6.741353949608743,0.0,0.96875,0.0,0.03125,0.00583218236885763,0.016686568760540865,0.04804524479320449,13.973147891384576,14.77223443143698
separable_pl_d8,PL 8D,clustered,benefit: mean parental objective minus midpoint objective,79,6.440710916057799,6.440710916057799,0.0,0.96875,0.0,0.03125,0.006860497692512624,0.019525231267669696,0.04389125853037079,13.630555810459219,14.64678974132423
separable_pl_d8,PL 8D,clustered,benefit: mean parental objective minus midpoint objective,80,6.7114204128039106,6.7114204128039106,0.0,0.96875,0.0,0.03125,0.007662787226967893,0.020645000516310574,0.048812119564267675,13.857758657290827,14.638437805809764
separable_pl_d8,PL 8D,clustered,benefit: mean parental objective minus midpoint objective,81,6.934168701028369,6.934168701028369,0.0,0.96875,0.0,0.03125,0.006838064454399273,0.01963454578760704,0.06007693298897365,14.115716185935511,14.96484887998621
separable_pl_d8,PL 8D,clustered,benefit: mean parental objective minus midpoint objective,82,6.805015162400539,6.805015162400539,0.0,0.96875,0.0,0.03125,0.005815350125622842,0.016698248869561283,0.07955935234114975,13.800730531870013,14.733641151131351
separable_pl_d8,PL 8D,clustered,benefit: mean parental objective minus midpoint objective,83,6.996302680361397,6.996302680361397,0.0,0.96875,0.0,0.03125,0.006136732156786451,0.018859709247555756,0.04994436833082716,14.131559600356708,14.81464563733872
separable_pl_d8,PL 8D,clustered,benefit: mean parental objective minus midpoint objective,84,7.033474230686407,7.033474230686407,0.0,0.96875,0.0,0.03125,0.006820135518362136,0.017787824281089826,0.054845348428916196,14.097861713188813,14.759011290824397
separable_pl_d8,PL 8D,clustered,benefit: mean parental objective minus midpoint objective,85,6.263139679907264,6.263139679907264,0.0,0.96875,0.0,0.03125,0.007236591382326907,0.022560876613365366,0.04640284901149627,13.725404506424876,14.832209460591047
separable_pl_d8,PL 8D,clustered,benefit: mean parental objective minus midpoint objective,86,5.755087197014641,5.755087197014641,0.0,0.96875,0.0,0.03125,0.006557709128362177,0.01688906058218187,0.03146765893586867,13.942781377543843,15.062442131394425
separable_pl_d8,PL 8D,clustered,benefit: mean parental objective minus midpoint objective,87,6.751866569663219,6.751866569663219,0.0,0.96875,0.0,0.03125,0.0067656090915697575,0.022316440638245894,0.06529942762610652,13.705675390771287,14.34065373834584
separable_pl_d8,PL 8D,clustered,benefit: mean parental objective minus midpoint objective,88,7.031995913369347,7.031995913369347,0.0,0.96875,0.0,0.03125,0.00751234841674453,0.020020307809760496,0.05533051984626525,14.052622360239406,14.672073456674287
separable_pl_d8,PL 8D,clustered,benefit: mean parental objective minus midpoint objective,89,6.607298779555494,6.607298779555494,0.0,0.96875,0.0,0.03125,0.0074924733936523324,0.020006157263878777,0.05039140358974947,13.99632849110331,14.870624969050258
separable_pl_d8,PL 8D,clustered,benefit: mean parental objective minus midpoint objective,90,6.197477284267066,6.197477284267066,0.0,0.96875,0.0,0.03125,0.005625446212039975,0.01858381134503162,0.04197324052588591,13.715441842961368,14.292717710586984
separable_pl_d8,PL 8D,clustered,benefit: mean parental objective minus midpoint objective,91,6.9766962692471095,6.9766962692471095,0.0,0.96875,0.0,0.03125,0.005235300677927768,0.016336113851497913,0.04960956245862391,13.997821670994565,14.490101263837852
separable_pl_d8,PL 8D,clustered,benefit: mean parental objective minus midpoint objective,92,5.979994514975321,5.979994514975321,0.0,0.96875,0.0,0.03125,0.004521574378555826,0.015268391564012163,0.031106658970054823,13.71987160157951,14.565349313985504
separable_pl_d8,PL 8D,clustered,benefit: mean parental objective minus midpoint objective,93,6.307232583096695,6.307232583096695,0.0,0.96875,0.0,0.03125,0.00671162700607475,0.015277677281410718,0.03196751120777108,13.89477300243683,14.62015928431182
separable_pl_d8,PL 8D,clustered,benefit: mean parental objective minus midpoint objective,94,5.977626745144759,5.977626745144759,0.0,0.96875,0.0,0.03125,0.005337582789692874,0.01529077870526585,0.03244230006110982,13.720778649895541,14.69495632257294
separable_pl_d8,PL 8D,clustered,benefit: mean parental objective minus midpoint objective,95,6.897230219438544,6.897230219438544,0.0,0.96875,0.0,0.03125,0.0071172943236703645,0.018226980278775784,0.057082420443380855,13.836769053164906,14.555727603604646
separable_pl_d8,PL 8D,clustered,benefit: mean parental objective minus midpoint objective,96,6.9678478864500555,6.9678478864500555,0.0,0.96875,0.0,0.03125,0.006961715811257818,0.017711576418406594,0.04378128576106732,14.142040960954773,14.772191492935526
separable_pl_d8,PL 8D,clustered,benefit: mean parental objective minus midpoint objective,97,6.8497255037657565,6.8497255037657565,0.0,0.96875,0.0,0.03125,0.005688462211491441,0.017840468572789092,0.0671627673829871,13.76891376832155,14.535800165953889
separable_pl_d8,PL 8D,clustered,benefit: mean parental objective minus midpoint objective,98,6.664571844608228,6.664571844608228,0.0,0.96875,0.0,0.03125,0.0075824725912667645,0.022478109720104555,0.05441505682698633,13.742414295997264,14.34752116720482
separable_pl_d8,PL 8D,clustered,benefit: mean parental objective minus midpoint objective,99,6.935847476044435,6.935847476044435,0.0,0.96875,0.0,0.03125,0.006198854666878972,0.017496904163875726,0.05788030683434009,13.945653464059607,14.409032503862873
separable_pl_d8,PL 8D,clustered,benefit: mean parental objective minus midpoint objective,100,6.9238400827165005,6.9238400827165005,0.0,0.96875,0.0,0.03125,0.009597693210945835,0.02407381800886199,0.08617985537290807,13.844341075662896,14.765425129405546
separable_pl_d8,PL 8D,clustered,benefit: mean parental objective minus midpoint objective,101,6.872990711921905,6.872990711921905,0.0,0.96875,0.0,0.03125,0.008309480478406073,0.01994454434374049,0.06660717397688387,13.734861002557956,14.577166583835973
separable_pl_d8,PL 8D,clustered,benefit: mean parental objective minus midpoint objective,102,6.512364203555725,6.512364203555725,0.0,0.96875,0.0,0.03125,0.0052902129591725355,0.01728381822544023,0.044276606880561786,13.85550285685529,14.692403941846797
separable_pl_d8,PL 8D,clustered,benefit: mean parental objective minus midpoint objective,103,6.963360957549052,6.963360957549052,0.0,0.96875,0.0,0.03125,0.005697441205924747,0.016170316126128625,0.04262410933899474,14.122717272413453,14.99269999291583
separable_pl_d8,PL 8D,clustered,benefit: mean parental objective minus midpoint objective,104,6.840208927682971,6.840208927682971,0.0,0.96875,0.0,0.03125,0.006752028803353127,0.021092454050041454,0.049134578668326157,13.881140911484366,14.65766783977751
separable_pl_d8,PL 8D,clustered,benefit: mean parental objective minus midpoint objective,105,6.959206507641515,6.959206507641515,0.0,0.96875,0.0,0.03125,0.006644800327691769,0.019874184616618606,0.051441682593795335,14.070796855402344,14.954783547936854
separable_pl_d8,PL 8D,clustered,benefit: mean parental objective minus midpoint objective,106,6.946557008415071,6.946557008415071,0.0,0.96875,0.0,0.03125,0.006979986834934948,0.020868681130128408,0.061613343751769634,14.098755164503151,14.733683016368321
separable_pl_d8,PL 8D,clustered,benefit: mean parental objective minus midpoint objective,107,6.5033294579211915,6.5033294579211915,0.0,0.96875,0.0,0.03125,0.007442500562145682,0.019464301562562625,0.043783044330107046,13.78175657478408,14.621550158600234
separable_pl_d8,PL 8D,clustered,benefit: mean parental objective minus midpoint objective,108,6.898370800303603,6.898370800303603,0.0,0.96875,0.0,0.03125,0.0067922811186011955,0.01694198217798082,0.04198285684938341,13.802150829384347,14.448792122603276
separable_pl_d8,PL 8D,clustered,benefit: mean parental objective minus midpoint objective,109,7.057796867460835,7.057796867460835,0.0,0.96875,0.0,0.03125,0.007211892414117571,0.018946469724571813,0.058196433538816095,14.10787559563095,14.864199318648488
separable_pl_d8,PL 8D,clustered,benefit: mean parental objective minus midpoint objective,110,7.091871525227693,7.091871525227693,0.0,0.96875,0.0,0.03125,0.0069750851677170544,0.01932103282278952,0.05770520307757643,14.188686964300203,14.995940065322076
separable_pl_d8,PL 8D,clustered,benefit: mean parental objective minus midpoint objective,111,7.010541949581686,7.010541949581686,0.0,0.96875,0.0,0.03125,0.00725077345778935,0.022144667211037472,0.05555663094965091,14.201580411371815,15.015463821538612
separable_pl_d8,PL 8D,clustered,benefit: mean parental objective minus midpoint objective,112,6.865679785102603,6.865679785102603,0.0,0.96875,0.0,0.03125,0.007502856775944977,0.020483731052062026,0.06483578987111294,13.900877644477191,14.54415747871502
separable_pl_d8,PL 8D,clustered,benefit: mean parental objective minus midpoint objective,113,6.263023515256685,6.263023515256685,0.0,0.96875,0.0,0.03125,0.0070450782581659155,0.018831876076166765,0.03678670403394868,13.74650389172356,14.624566732290353
separable_pl_d8,PL 8D,clustered,benefit: mean parental objective minus midpoint objective,114,6.9275344805116585,6.9275344805116585,0.0,0.96875,0.0,0.03125,0.006910304953914093,0.02034898615236358,0.058947430602948714,13.841984620833504,14.813651758223587
separable_pl_d8,PL 8D,clustered,benefit: mean parental objective minus midpoint objective,115,6.515512700173929,6.515512700173929,0.0,0.96875,0.0,0.03125,0.0076756260594326164,0.022780781415308482,0.049288528918076224,13.855409230370716,14.406469009647278
separable_pl_d8,PL 8D,clustered,benefit: mean parental objective minus midpoint objective,116,6.728345953609649,6.728345953609649,0.0,0.96875,0.0,0.03125,0.006823791485802033,0.01787888796419601,0.04243272628699657,13.935321621890509,14.726474830315384
separable_pl_d8,PL 8D,clustered,benefit: mean parental objective minus midpoint objective,117,6.8272013146618775,6.8272013146618775,0.0,0.96875,0.0,0.03125,0.008013097752115783,0.023721045061366297,0.06996345645545077,13.87160607615016,14.706298626187213
separable_pl_d8,PL 8D,clustered,benefit: mean parental objective minus midpoint objective,118,6.926256198261406,6.926256198261406,0.0,0.96875,0.0,0.03125,0.006915447486424142,0.018156948725380317,0.05913078221928103,14.037783475644744,14.886577973558103
separable_pl_d8,PL 8D,clustered,benefit: mean parental objective minus midpoint objective,119,7.050219885690071,7.050219885690071,0.0,0.96875,0.0,0.03125,0.006663456599843798,0.017516340912985484,0.05063026794285719,14.118709987265476,14.953953177754316
separable_pl_d8,PL 8D,clustered,benefit: mean parental objective minus midpoint objective,120,7.084815970485512,7.084815970485512,0.0,0.96875,0.0,0.03125,0.006926850578325983,0.0176749045411686,0.06284766354759341,14.059524877094852,14.918842821984674
separable_pl_d8,PL 8D,clustered,benefit: mean parental objective minus midpoint objective,121,5.956326919472686,5.956326919472686,0.0,0.96875,0.0,0.03125,0.006708441939411003,0.017209805625743257,0.036281653087126386,13.710776347017712,14.502393934508605
separable_pl_d8,PL 8D,clustered,benefit: mean parental objective minus midpoint objective,122,6.763253879897833,6.763253879897833,0.0,0.96875,0.0,0.03125,0.007972174353660932,0.019546959403038855,0.04513596036189327,13.913848261204148,14.697625317296717
separable_pl_d8,PL 8D,clustered,benefit: mean parental objective minus midpoint objective,123,6.462391756715594,6.462391756715594,0.0,0.96875,0.0,0.03125,0.006041136387642254,0.021039140940839474,0.045634298805996565,13.627167306959368,14.620732282122523
separable_pl_d8,PL 8D,clustered,benefit: mean parental objective minus midpoint objective,124,6.626684672424213,6.626684672424213,0.0,0.96875,0.0,0.03125,0.007784397553235678,0.02140826631084991,0.04965736308382773,13.6879439496753,14.395602032165767
separable_pl_d8,PL 8D,clustered,benefit: mean parental objective minus midpoint objective,125,6.903567797363258,6.903567797363258,0.0,0.96875,0.0,0.03125,0.00801998969772555,0.02069547532661531,0.06016740843246993,13.961897693116253,14.8980199936076
separable_pl_d8,PL 8D,clustered,benefit: mean parental objective minus midpoint objective,126,6.966936920712454,6.966936920712454,0.0,0.96875,0.0,0.03125,0.006174703047536312,0.01848159460073262,0.06820815410108061,13.909796193622798,14.556305755684727
separable_pl_d8,PL 8D,clustered,benefit: mean parental objective minus midpoint objective,127,6.549055182637385,6.549055182637385,0.0,0.96875,0.0,0.03125,0.00564717328962594,0.014711982009441016,0.035488585209179746,13.861176161633612,14.609489334535152
rotated_anisotropic_pl_d4,Rotated PL 4D,broad,benefit: mean parental objective minus midpoint objective,0,5.04121889295314,5.04121889295314,0.0,0.96875,0.0,0.03125,0.43249796742747115,2.058731724647365,4.1803845044380985,6.938711069674412,12.51653270966108
rotated_anisotropic_pl_d4,Rotated PL 4D,broad,benefit: mean parental objective minus midpoint objective,1,5.110733349250924,5.110733349250924,0.0,0.96875,0.0,0.03125,0.32300001192593797,2.174513147959818,4.240350160789573,7.121029458076434,12.568960925148222
rotated_anisotropic_pl_d4,Rotated PL 4D,broad,benefit: mean parental objective minus midpoint objective,2,4.309483766667691,4.309483766667691,0.0,0.96875,0.0,0.03125,0.2791853824507564,1.849875547044519,3.567851448246385,6.194597004564756,11.103053190843315
rotated_anisotropic_pl_d4,Rotated PL 4D,broad,benefit: mean parental objective minus midpoint objective,3,3.577730046856021,3.577730046856021,0.0,0.96875,0.0,0.03125,0.3220886703789212,1.4362058645513678,2.9110436401567323,4.976725646499061,9.182767689177266
rotated_anisotropic_pl_d4,Rotated PL 4D,broad,benefit: mean parental objective minus midpoint objective,4,4.623904052354954,4.623904052354954,0.0,0.96875,0.0,0.03125,0.3591941032577246,1.861925776600053,3.7955705157321,6.2381001580898925,11.818214483172365
rotated_anisotropic_pl_d4,Rotated PL 4D,broad,benefit: mean parental objective minus midpoint objective,5,4.980070382943282,4.9800756503183905,-5.267375108648775e-06,0.966796875,0.001953125,0.03125,0.2975555666204155,2.272570893109852,4.620359726451964,7.176005368150217,10.948853097647241
rotated_anisotropic_pl_d4,Rotated PL 4D,broad,benefit: mean parental objective minus midpoint objective,6,3.4643631335469927,3.4643631335469927,0.0,0.96875,0.0,0.03125,0.1809758994362909,1.3016558581132198,2.826290821924834,4.789993776934944,9.122203446945907
rotated_anisotropic_pl_d4,Rotated PL 4D,broad,benefit: mean parental objective minus midpoint objective,7,4.948419222953311,4.948419222953311,0.0,0.96875,0.0,0.03125,0.3733762352010501,1.9763947004349216,4.123684777948505,7.1570577310240076,12.390346927119726
rotated_anisotropic_pl_d4,Rotated PL 4D,broad,benefit: mean parental objective minus midpoint objective,8,4.753532239674666,4.753532239674666,0.0,0.96875,0.0,0.03125,0.37411373601510434,2.0279085806562946,4.054883170660791,6.652207544293665,11.783663317229298
rotated_anisotropic_pl_d4,Rotated PL 4D,broad,benefit: mean parental objective minus midpoint objective,9,3.789815163639049,3.789815163639049,0.0,0.96875,0.0,0.03125,0.3660881101062934,1.6859875744585633,3.113591118450728,5.22238348659587,9.538733060724285
rotated_anisotropic_pl_d4,Rotated PL 4D,broad,benefit: mean parental objective minus midpoint objective,10,5.007437889703229,5.007437889703229,0.0,0.96875,0.0,0.03125,0.2306478801397418,2.2211669918871166,4.41441395512158,7.173142798719117,12.08606977935373
rotated_anisotropic_pl_d4,Rotated PL 4D,broad,benefit: mean parental objective minus midpoint objective,11,4.277257487648011,4.277257487648011,0.0,0.96875,0.0,0.03125,0.294127503040178,2.018276783359643,3.8867660755914457,5.992560783840871,9.502486370107041
rotated_anisotropic_pl_d4,Rotated PL 4D,broad,benefit: mean parental objective minus midpoint objective,12,4.792745928101878,4.792745928101878,0.0,0.96875,0.0,0.03125,0.4669919886058249,2.3951395735854115,4.506565833816607,6.62199251518315,10.335189573915551
rotated_anisotropic_pl_d4,Rotated PL 4D,broad,benefit: mean parental objective minus midpoint objective,13,4.7088796839545495,4.7088796839545495,0.0,0.96875,0.0,0.03125,0.38862457525347516,2.067291020093897,4.075353159728376,6.7798409968017115,11.656735645539737
rotated_anisotropic_pl_d4,Rotated PL 4D,broad,benefit: mean parental objective minus midpoint objective,14,3.8449395061062863,3.8449395061062863,0.0,0.96875,0.0,0.03125,0.32753627669177376,1.8519104426565498,3.3801874155614016,5.364398022853635,8.789840810818847
rotated_anisotropic_pl_d4,Rotated PL 4D,broad,benefit: mean parental objective minus midpoint objective,15,5.286687332936924,5.286687332936924,0.0,0.96875,0.0,0.03125,0.33713999053125043,2.2717999833670994,4.556146666322455,7.322569385363494,12.7587068944526
rotated_anisotropic_pl_d4,Rotated PL 4D,broad,benefit: mean parental objective minus midpoint objective,16,4.943223160606155,4.943223160606155,0.0,0.96875,0.0,0.03125,0.31002587949243043,2.342250779607159,4.459490494722811,6.744393744875444,11.323302403660005
rotated_anisotropic_pl_d4,Rotated PL 4D,broad,benefit: mean parental objective minus midpoint objective,17,4.2705921909771245,4.2705921909771245,0.0,0.96875,0.0,0.03125,0.32993351326000386,1.8795865522070594,3.5525138149715634,6.084889855565002,10.694447078836458
rotated_anisotropic_pl_d4,Rotated PL 4D,broad,benefit: mean parental objective minus midpoint objective,18,3.655197987364026,3.655197987364026,0.0,0.96875,0.0,0.03125,0.30916413743350546,1.4213397394207412,2.7963851441034127,5.126501952048481,10.334092523526607
rotated_anisotropic_pl_d4,Rotated PL 4D,broad,benefit: mean parental objective minus midpoint objective,19,5.222917082079198,5.222917082079198,0.0,0.96875,0.0,0.03125,0.4865743788304986,2.536960287477979,4.536368885677659,7.231936501859604,11.93181437158846
rotated_anisotropic_pl_d4,Rotated PL 4D,broad,benefit: mean parental objective minus midpoint objective,20,5.908714844953778,5.908714844953778,0.0,0.96875,0.0,0.03125,0.5541455473960428,2.5758358225987283,5.032619102687157,8.219492658027324,14.658039382350506
rotated_anisotropic_pl_d4,Rotated PL 4D,broad,benefit: mean parental objective minus midpoint objective,21,5.238625510407181,5.238625510407181,0.0,0.96875,0.0,0.03125,0.2315166023159687,2.1049433368830393,4.044097086974535,7.316825774899706,13.124311151404715
rotated_anisotropic_pl_d4,Rotated PL 4D,broad,benefit: mean parental objective minus midpoint objective,22,4.112262909217084,4.112262909217084,0.0,0.96875,0.0,0.03125,0.3151864713842176,1.9165424280998504,3.460821564416376,5.727683540612045,9.986576098159498
rotated_anisotropic_pl_d4,Rotated PL 4D,broad,benefit: mean parental objective minus midpoint objective,23,4.586747114920971,4.586747114920971,0.0,0.96875,0.0,0.03125,0.3135084548557572,1.7920593573393475,3.8392418690637733,6.576751098684877,11.054250254263989
rotated_anisotropic_pl_d4,Rotated PL 4D,broad,benefit: mean parental objective minus midpoint objective,24,4.158163974804462,4.158163974804462,0.0,0.96875,0.0,0.03125,0.389421109799585,1.955790907879785,3.7436189070955024,5.85908003842307,9.156616916808963
rotated_anisotropic_pl_d4,Rotated PL 4D,broad,benefit: mean parental objective minus midpoint objective,25,3.548802031283963,3.548802031283963,0.0,0.96875,0.0,0.03125,0.3981995490956898,1.4710511070114816,3.029098146026074,4.897919021126745,8.879932318691138
rotated_anisotropic_pl_d4,Rotated PL 4D,broad,benefit: mean parental objective minus midpoint objective,26,4.342225678466469,4.342225678466469,0.0,0.96875,0.0,0.03125,0.23189296301918727,1.8721730750332668,3.490969266341793,5.7594571402764485,11.298962971056667
rotated_anisotropic_pl_d4,Rotated PL 4D,broad,benefit: mean parental objective minus midpoint objective,27,4.538342688092693,4.538342688092693,0.0,0.96875,0.0,0.03125,0.4257530645243257,2.0501616205788906,3.8875094595009996,6.456166517774612,10.506224745409607
rotated_anisotropic_pl_d4,Rotated PL 4D,broad,benefit: mean parental objective minus midpoint objective,28,4.953629596801955,4.953629596801955,0.0,0.96875,0.0,0.03125,0.40995062865760445,1.7703439399321743,3.902701356888058,6.84766811710898,12.486922272950498
rotated_anisotropic_pl_d4,Rotated PL 4D,broad,benefit: mean parental objective minus midpoint objective,29,5.6513277618249145,5.6513277618249145,0.0,0.96875,0.0,0.03125,0.4159557580604769,2.5312706515987156,5.024956203081793,7.8963451298958685,12.998927101420158
rotated_anisotropic_pl_d4,Rotated PL 4D,broad,benefit: mean parental objective minus midpoint objective,30,4.890904678844215,4.890904678844215,0.0,0.96875,0.0,0.03125,0.3965846177482959,2.062098926312701,4.121395286042468,6.7160558847710545,12.204859699354685
rotated_anisotropic_pl_d4,Rotated PL 4D,broad,benefit: mean parental objective minus midpoint objective,31,4.943778859410566,4.943778859410566,0.0,0.96875,0.0,0.03125,0.36959298479848357,2.525093951177544,4.447431202030643,6.721019938986446,11.683252646310159
rotated_anisotropic_pl_d4,Rotated PL 4D,broad,benefit: mean parental objective minus midpoint objective,32,4.317183456345143,4.317183456345143,0.0,0.96875,0.0,0.03125,0.2551972774393043,1.8846575733766144,3.593657942368143,6.032302267347522,10.87947573218801
rotated_anisotropic_pl_d4,Rotated PL 4D,broad,benefit: mean parental objective minus midpoint objective,33,4.25833177814686,4.25833177814686,0.0,0.96875,0.0,0.03125,0.3061006060111069,1.88141689815662,3.536482743845557,5.969697927083285,10.037314735300797
rotated_anisotropic_pl_d4,Rotated PL 4D,broad,benefit: mean parental objective minus midpoint objective,34,4.484710263094251,4.484710263094251,0.0,0.96875,0.0,0.03125,0.43002682952412385,1.8183666349292462,3.54868512983726,6.170327012003247,12.306965080670205
rotated_anisotropic_pl_d4,Rotated PL 4D,broad,benefit: mean parental objective minus midpoint objective,35,3.334532242044402,3.334532242044402,0.0,0.96875,0.0,0.03125,0.2766272566841099,1.503821576242676,2.8685474623923195,4.399154439439853,8.588834452002304
rotated_anisotropic_pl_d4,Rotated PL 4D,broad,benefit: mean parental objective minus midpoint objective,36,5.655634056684615,5.655634056684615,0.0,0.96875,0.0,0.03125,0.7460008221712968,2.524451115077948,4.5255347320493655,8.081338993896646,14.56484501971087
rotated_anisotropic_pl_d4,Rotated PL 4D,broad,benefit: mean parental objective minus midpoint objective,37,3.4629239262767024,3.4629239262767024,0.0,0.96875,0.0,0.03125,0.2810061310621301,1.3814395158823123,2.899642688608317,4.751808082256518,9.00505767355439
rotated_anisotropic_pl_d4,Rotated PL 4D,broad,benefit: mean parental objective minus midpoint objective,38,3.975372387450953,3.975372387450953,0.0,0.96875,0.0,0.03125,0.35128822971053,1.813126641416826,3.6149947428738196,5.680115980793177,9.303134922826844
rotated_anisotropic_pl_d4,Rotated PL 4D,broad,benefit: mean parental objective minus midpoint objective,39,4.453924732163142,4.453924732163142,0.0,0.96875,0.0,0.03125,0.3045358097068718,1.9822440456086685,4.098277278858591,6.246616662082751,10.257470760265896
rotated_anisotropic_pl_d4,Rotated PL 4D,broad,benefit: mean parental objective minus midpoint objective,40,4.3209381288925055,4.3209381288925055,0.0,0.96875,0.0,0.03125,0.3203212293051365,1.794784471938959,3.7553443305568166,6.036434992188639,10.618891484640528
rotated_anisotropic_pl_d4,Rotated PL 4D,broad,benefit: mean parental objective minus midpoint objective,41,4.20327187556247,4.20327187556247,0.0,0.96875,0.0,0.03125,0.21597924702336613,1.686150565526603,3.4677545839302226,5.657483730432757,10.814676504141929
rotated_anisotropic_pl_d4,Rotated PL 4D,broad,benefit: mean parental objective minus midpoint objective,42,4.921439909231106,4.921439909231106,0.0,0.96875,0.0,0.03125,0.25992615632421234,2.1710240390641644,4.274740750589892,6.947765625107229,11.31145894374633
rotated_anisotropic_pl_d4,Rotated PL 4D,broad,benefit: mean parental objective minus midpoint objective,43,3.45727377642567,3.45727377642567,0.0,0.96875,0.0,0.03125,0.23714622635461957,1.5626728652012485,2.837730984709462,4.562361990453317,8.200598877616317
rotated_anisotropic_pl_d4,Rotated PL 4D,broad,benefit: mean parental objective minus midpoint objective,44,5.6100108350704145,5.6100108350704145,0.0,0.96875,0.0,0.03125,0.4192204627478766,2.3517687177767037,4.60284301609296,7.9132206517131145,14.709280153522265
rotated_anisotropic_pl_d4,Rotated PL 4D,broad,benefit: mean parental objective minus midpoint objective,45,4.95284712194468,4.95284712194468,0.0,0.96875,0.0,0.03125,0.24597760109495326,2.16328828518067,4.143679519524339,7.1447600684159145,12.653915543405585
rotated_anisotropic_pl_d4,Rotated PL 4D,broad,benefit: mean parental objective minus midpoint objective,46,4.459680552064867,4.459680552064867,0.0,0.96875,0.0,0.03125,0.4621937901456432,1.729820612523417,3.3981773654260152,6.057706702013332,11.399082422490984
rotated_anisotropic_pl_d4,Rotated PL 4D,broad,benefit: mean parental objective minus midpoint objective,47,4.510228039303339,4.510228039303339,0.0,0.96875,0.0,0.03125,0.32618029748798527,2.070726127025683,4.021732299472765,6.412782378557356,10.094083618118702
rotated_anisotropic_pl_d4,Rotated PL 4D,broad,benefit: mean parental objective minus midpoint objective,48,4.419633253079073,4.419633253079073,0.0,0.96875,0.0,0.03125,0.3418936303850657,1.5995048952165796,3.491436992020157,6.452570061740781,11.134119826086387
rotated_anisotropic_pl_d4,Rotated PL 4D,broad,benefit: mean parental objective minus midpoint objective,49,5.391410298063218,5.391410298063218,0.0,0.96875,0.0,0.03125,0.48930616248059877,2.590803447126709,4.452964359996816,7.3143322188529645,13.266156737625955
rotated_anisotropic_pl_d4,Rotated PL 4D,broad,benefit: mean parental objective minus midpoint objective,50,4.809683377324992,4.809683377324992,0.0,0.96875,0.0,0.03125,0.26807266800114604,2.2330505537382326,4.190684488176881,6.7425679327116885,11.04556155310481
rotated_anisotropic_pl_d4,Rotated PL 4D,broad,benefit: mean parental objective minus midpoint objective,51,5.139066574861304,5.139066574861304,0.0,0.96875,0.0,0.03125,0.34746157857820137,2.272931508267824,4.3838788510939635,7.1861086073968075,11.45984689597468
rotated_anisotropic_pl_d4,Rotated PL 4D,broad,benefit: mean parental objective minus midpoint objective,52,4.478255016285425,4.478255016285425,0.0,0.96875,0.0,0.03125,0.27271615604053423,1.9483552478822936,3.867474081843783,6.163960116880706,10.462850096932076
rotated_anisotropic_pl_d4,Rotated PL 4D,broad,benefit: mean parental objective minus midpoint objective,53,4.226649666859305,4.226649666859305,0.0,0.96875,0.0,0.03125,0.3416466095566708,1.7799234386658993,3.4394927530120065,6.099454776066715,10.376295521510709
rotated_anisotropic_pl_d4,Rotated PL 4D,broad,benefit: mean parental objective minus midpoint objective,54,4.89484457825367,4.89484457825367,0.0,0.96875,0.0,0.03125,0.16865641203626858,2.190330623913511,4.3735814552687025,6.721513366488706,11.698973400007665
rotated_anisotropic_pl_d4,Rotated PL 4D,broad,benefit: mean parental objective minus midpoint objective,55,4.2363681576559875,4.2363681576559875,0.0,0.96875,0.0,0.03125,0.295241879182786,1.8146354480150428,3.5148174153827387,5.809139240324823,10.58975789307799
rotated_anisotropic_pl_d4,Rotated PL 4D,broad,benefit: mean parental objective minus midpoint objective,56,4.7121443331453134,4.7121443331453134,0.0,0.96875,0.0,0.03125,0.3814316300167544,1.8033319387993476,3.7060365008842693,6.5049651207484045,12.867913424672022
rotated_anisotropic_pl_d4,Rotated PL 4D,broad,benefit: mean parental objective minus midpoint objective,57,4.006672460350442,4.006672460350442,0.0,0.96875,0.0,0.03125,0.3690313368980931,1.6345153258669,3.268038493545367,5.475181800443876,10.753628672073795
rotated_anisotropic_pl_d4,Rotated PL 4D,broad,benefit: mean parental objective minus midpoint objective,58,4.554237518043294,4.554237518043294,0.0,0.96875,0.0,0.03125,0.5256688167157204,1.8949491137237118,3.7230807551247054,6.334979405199291,11.65322574989878
rotated_anisotropic_pl_d4,Rotated PL 4D,broad,benefit: mean parental objective minus midpoint objective,59,3.8195740356831305,3.8195740356831305,0.0,0.96875,0.0,0.03125,0.3354731091053722,1.6011750565481346,2.920805496881985,5.61878237982307,9.388694303435525
rotated_anisotropic_pl_d4,Rotated PL 4D,broad,benefit: mean parental objective minus midpoint objective,60,4.67321487701072,4.67321487701072,0.0,0.96875,0.0,0.03125,0.4306840704184083,1.9659965347964157,4.106958035336533,6.484811314008464,11.153589795510415
rotated_anisotropic_pl_d4,Rotated PL 4D,broad,benefit: mean parental objective minus midpoint objective,61,4.313555975868999,4.313555975868999,0.0,0.96875,0.0,0.03125,0.29432672518042224,1.7069364904035345,3.5776585649275408,6.179952048013073,10.574782363423278
rotated_anisotropic_pl_d4,Rotated PL 4D,broad,benefit: mean parental objective minus midpoint objective,62,4.8954480560182,4.8954480560182,0.0,0.96875,0.0,0.03125,0.35701790243922993,1.8246407755712157,3.832508921595146,6.867964111391506,12.755310929125958
rotated_anisotropic_pl_d4,Rotated PL 4D,broad,benefit: mean parental objective minus midpoint objective,63,4.198465386905206,4.198465386905206,0.0,0.96875,0.0,0.03125,0.28462768892765666,1.5293881695526306,3.3469793790193147,6.106390996167853,10.23881102226461
rotated_anisotropic_pl_d4,Rotated PL 4D,broad,benefit: mean parental objective minus midpoint objective,64,5.218126184282504,5.218126184282504,0.0,0.96875,0.0,0.03125,0.33909654689224134,1.8702410408626775,4.0998654089089595,7.5417046910526615,13.301464646333397
rotated_anisotropic_pl_d4,Rotated PL 4D,broad,benefit: mean parental objective minus midpoint objective,65,4.273244287840724,4.273244287840724,0.0,0.96875,0.0,0.03125,0.34844873991392333,1.8741482927374111,3.7280034193563414,6.038818377727743,10.013545443971264
rotated_anisotropic_pl_d4,Rotated PL 4D,broad,benefit: mean parental objective minus midpoint objective,66,4.5053273693598515,4.5053273693598515,0.0,0.96875,0.0,0.03125,0.48039435841423206,2.070762298767768,3.860312741898028,6.349439842638554,10.988360936655967
rotated_anisotropic_pl_d4,Rotated PL 4D,broad,benefit: mean parental objective minus midpoint objective,67,4.64037489578603,4.64037489578603,0.0,0.96875,0.0,0.03125,0.2714071050276665,1.579866252435334,3.8089845938632543,7.020307661585856,11.294057480353306
rotated_anisotropic_pl_d4,Rotated PL 4D,broad,benefit: mean parental objective minus midpoint objective,68,3.863266861646755,3.863266861646755,0.0,0.96875,0.0,0.03125,0.36941165654506136,1.6282392914627586,3.249010534698508,5.45646668058086,9.619049927503909
rotated_anisotropic_pl_d4,Rotated PL 4D,broad,benefit: mean parental objective minus midpoint objective,69,3.708058566211374,3.708058566211374,0.0,0.96875,0.0,0.03125,0.16215919999176265,1.1960535643862915,3.2439262853181745,5.650539813384878,9.000970212859913
rotated_anisotropic_pl_d4,Rotated PL 4D,broad,benefit: mean parental objective minus midpoint objective,70,3.7527113972768014,3.7527113972768014,0.0,0.96875,0.0,0.03125,0.3393123534475162,1.7128213108954355,3.024525705339091,5.092779465107341,8.956933418517885
rotated_anisotropic_pl_d4,Rotated PL 4D,broad,benefit: mean parental objective minus midpoint objective,71,4.3365932850206335,4.3365932850206335,0.0,0.96875,0.0,0.03125,0.24801156829430937,1.6105567039200217,3.646160853797456,6.054158882923514,11.33825106999613
rotated_anisotropic_pl_d4,Rotated PL 4D,broad,benefit: mean parental objective minus midpoint objective,72,4.615163629154769,4.615163629154769,0.0,0.96875,0.0,0.03125,0.4783086697649903,2.2068535356949948,3.866544559436215,6.378713287081773,11.158738513986204
rotated_anisotropic_pl_d4,Rotated PL 4D,broad,benefit: mean parental objective minus midpoint objective,73,4.987431698815218,4.987431698815218,0.0,0.96875,0.0,0.03125,0.4188265143517116,2.1223477693302,4.02837831427593,6.951689332106505,12.117761530352322
rotated_anisotropic_pl_d4,Rotated PL 4D,broad,benefit: mean parental objective minus midpoint objective,74,4.051123308688064,4.051123308688064,0.0,0.96875,0.0,0.03125,0.27142109454145036,1.66896344312741,3.1812835497074268,5.65217261409862,10.209276397645803
rotated_anisotropic_pl_d4,Rotated PL 4D,broad,benefit: mean parental objective minus midpoint objective,75,6.030316224868914,6.030316224868914,0.0,0.96875,0.0,0.03125,0.2970895050168245,2.5045080155174,4.8551642915461315,8.429592836459026,15.303124606397185
rotated_anisotropic_pl_d4,Rotated PL 4D,broad,benefit: mean parental objective minus midpoint objective,76,5.11519830140764,5.11519830140764,0.0,0.96875,0.0,0.03125,0.3595529333335694,2.2440238115950013,4.41851126741286,6.986655287450024,12.537280419084757
rotated_anisotropic_pl_d4,Rotated PL 4D,broad,benefit: mean parental objective minus midpoint objective,77,4.157804817989091,4.157804817989091,0.0,0.96875,0.0,0.03125,0.27049794235688474,1.8462489610460988,3.554578868684347,6.1741046301810965,9.55792041424353
rotated_anisotropic_pl_d4,Rotated PL 4D,broad,benefit: mean parental objective minus midpoint objective,78,4.279724222553729,4.279724222553729,0.0,0.96875,0.0,0.03125,0.28538282016136485,1.8033497623745625,3.9249614324016697,6.045553690659741,9.779761326355302
rotated_anisotropic_pl_d4,Rotated PL 4D,broad,benefit: mean parental objective minus midpoint objective,79,3.845374639826374,3.845374639826374,0.0,0.96875,0.0,0.03125,0.3956960875351214,1.7870972416268485,3.343764095677134,5.164675713266721,9.445983545351691
rotated_anisotropic_pl_d4,Rotated PL 4D,broad,benefit: mean parental objective minus midpoint objective,80,4.539195563499949,4.539195563499949,0.0,0.96875,0.0,0.03125,0.403868901848643,2.0305264364813063,3.87118926013067,6.199366460990186,11.473690562456781
rotated_anisotropic_pl_d4,Rotated PL 4D,broad,benefit: mean parental objective minus midpoint objective,81,4.440343582491343,4.440343582491343,0.0,0.96875,0.0,0.03125,0.3610142778362935,1.9344242451037879,3.7274171412215082,6.213376261968882,11.229162661235495
rotated_anisotropic_pl_d4,Rotated PL 4D,broad,benefit: mean parental objective minus midpoint objective,82,4.700829727453645,4.700829727453645,0.0,0.96875,0.0,0.03125,0.3822060890665693,2.2019308006228684,3.8246520680221767,6.507955749614721,10.943202320283124
rotated_anisotropic_pl_d4,Rotated PL 4D,broad,benefit: mean parental objective minus midpoint objective,83,4.649342017002877,4.649342017002877,0.0,0.96875,0.0,0.03125,0.5382881490814873,2.032905708603046,3.890964427553225,6.55704381690437,11.318360887456326
rotated_anisotropic_pl_d4,Rotated PL 4D,broad,benefit: mean parental objective minus midpoint objective,84,3.9826416997845,3.9826416997845,0.0,0.96875,0.0,0.03125,0.3331511636630857,1.6354214889101328,3.48362546993555,5.731550069376286,9.370961369814921
rotated_anisotropic_pl_d4,Rotated PL 4D,broad,benefit: mean parental objective minus midpoint objective,85,5.2816440068116695,5.2816440068116695,0.0,0.96875,0.0,0.03125,0.3587604820651604,1.7866282167801906,4.226345960468866,7.723521644850193,13.85861550379197
rotated_anisotropic_pl_d4,Rotated PL 4D,broad,benefit: mean parental objective minus midpoint objective,86,4.010849108302457,4.010849108302457,0.0,0.96875,0.0,0.03125,0.39290867245135885,1.7342171490189386,3.241493402862785,5.791552952846775,10.038926160413753
rotated_anisotropic_pl_d4,Rotated PL 4D,broad,benefit: mean parental objective minus midpoint objective,87,3.717322119751149,3.717322119751149,0.0,0.96875,0.0,0.03125,0.20860599505569688,1.404711959802592,2.831580045647523,5.22632962584826,10.308277709829971
rotated_anisotropic_pl_d4,Rotated PL 4D,broad,benefit: mean parental objective minus midpoint objective,88,3.1852660677992457,3.1852660677992457,0.0,0.96875,0.0,0.03125,0.2640921164510637,1.5186909056836893,2.822195637367521,4.355932948591992,7.763996921774837
rotated_anisotropic_pl_d4,Rotated PL 4D,broad,benefit: mean parental objective minus midpoint objective,89,4.2938699591648195,4.2938699591648195,0.0,0.96875,0.0,0.03125,0.2461280210799437,1.5347278054105056,3.6280643514373274,6.352882521355625,10.481016656789336
rotated_anisotropic_pl_d4,Rotated PL 4D,broad,benefit: mean parental objective minus midpoint objective,90,4.748192731789452,4.748192731789452,0.0,0.96875,0.0,0.03125,0.4768253302613452,1.866751954045335,3.8387379620347337,6.761731383899024,11.982471663747063
rotated_anisotropic_pl_d4,Rotated PL 4D,broad,benefit: mean parental objective minus midpoint objective,91,4.298620570707161,4.298620570707161,0.0,0.96875,0.0,0.03125,0.35549212231620686,1.8901923434697263,3.730045901509552,5.942121273225174,10.789379581148955
rotated_anisotropic_pl_d4,Rotated PL 4D,broad,benefit: mean parental objective minus midpoint objective,92,5.162130223479939,5.162130223479939,0.0,0.96875,0.0,0.03125,0.44643563101312367,2.2731164890253126,4.276539169978978,7.158314509003203,13.088961018187911
rotated_anisotropic_pl_d4,Rotated PL 4D,broad,benefit: mean parental objective minus midpoint objective,93,3.9712289468259656,3.9712289468259656,0.0,0.96875,0.0,0.03125,0.3816594350173137,1.661045912402014,3.066443849512442,5.548756588826063,10.367383144317333
rotated_anisotropic_pl_d4,Rotated PL 4D,broad,benefit: mean parental objective minus midpoint objective,94,3.9202395043504596,3.9202395043504596,0.0,0.96875,0.0,0.03125,0.28260055776617854,1.7837421363878718,3.127733455111729,5.500874353903036,10.31134247256217
rotated_anisotropic_pl_d4,Rotated PL 4D,broad,benefit: mean parental objective minus midpoint objective,95,4.522195861476464,4.522195861476464,0.0,0.96875,0.0,0.03125,0.22062747246587122,1.881431906958328,3.652496499067831,6.272386910275485,11.106556156803085
rotated_anisotropic_pl_d4,Rotated PL 4D,broad,benefit: mean parental objective minus midpoint objective,96,3.5569843236119216,3.5569843236119216,0.0,0.96875,0.0,0.03125,0.2371374008053202,1.425163060971208,3.0473140069216407,5.114917559134586,9.029961620166482
rotated_anisotropic_pl_d4,Rotated PL 4D,broad,benefit: mean parental objective minus midpoint objective,97,5.0584271884704854,5.0584271884704854,0.0,0.96875,0.0,0.03125,0.3163956776158212,2.210149135987649,4.480359635356253,7.152720770722063,11.699524311882877
rotated_anisotropic_pl_d4,Rotated PL 4D,broad,benefit: mean parental objective minus midpoint objective,98,4.647583693557762,4.647583693557762,0.0,0.96875,0.0,0.03125,0.35907679621765354,2.092590033673294,4.003040936778696,6.774140091916609,10.806851659376091
rotated_anisotropic_pl_d4,Rotated PL 4D,broad,benefit: mean parental objective minus midpoint objective,99,4.77617586024185,4.77617586024185,0.0,0.96875,0.0,0.03125,0.267548101809151,1.8146101518293936,3.8143453766319304,7.130335016315965,12.312677596436162
rotated_anisotropic_pl_d4,Rotated PL 4D,broad,benefit: mean parental objective minus midpoint objective,100,4.530165593319393,4.530165593319393,0.0,0.96875,0.0,0.03125,0.3895264814644239,2.0402352455665156,3.828701332931658,6.263728291099024,11.321661529754044
rotated_anisotropic_pl_d4,Rotated PL 4D,broad,benefit: mean parental objective minus midpoint objective,101,4.632204316082376,4.632204316082376,0.0,0.96875,0.0,0.03125,0.2118627607838377,1.7429053170091482,3.674212167512783,6.504568142092241,12.286954187552352
rotated_anisotropic_pl_d4,Rotated PL 4D,broad,benefit: mean parental objective minus midpoint objective,102,4.225653515118836,4.225653515118836,0.0,0.96875,0.0,0.03125,0.2915546321695768,1.7720482387007062,3.623538692053801,6.105189351869715,10.633952195738425
rotated_anisotropic_pl_d4,Rotated PL 4D,broad,benefit: mean parental objective minus midpoint objective,103,4.2933240763779885,4.2933240763779885,0.0,0.96875,0.0,0.03125,0.24078916262890893,1.9208055614887147,3.5158944062865665,6.045126860621977,10.54311995268233
rotated_anisotropic_pl_d4,Rotated PL 4D,broad,benefit: mean parental objective minus midpoint objective,104,3.9568523781424343,3.9568523781424343,0.0,0.96875,0.0,0.03125,0.2017569695613517,1.719271342607401,3.5488857326401515,5.996822936664495,8.766398526311978
rotated_anisotropic_pl_d4,Rotated PL 4D,broad,benefit: mean parental objective minus midpoint objective,105,5.698757306380118,5.698757306380118,0.0,0.96875,0.0,0.03125,0.30468844007216944,2.2096502462241823,4.858403197558271,7.949700063922826,14.201025071374293
rotated_anisotropic_pl_d4,Rotated PL 4D,broad,benefit: mean parental objective minus midpoint objective,106,4.33822612665748,4.33822612665748,0.0,0.96875,0.0,0.03125,0.3717551230363174,1.9416906994445178,3.891355551908921,6.178165026085351,9.852720212734818
rotated_anisotropic_pl_d4,Rotated PL 4D,broad,benefit: mean parental objective minus midpoint objective,107,4.438546075238742,4.438546075238742,0.0,0.96875,0.0,0.03125,0.45253177181551507,2.1252828066784684,3.7853817552117093,6.193911465839305,10.588799901073596
rotated_anisotropic_pl_d4,Rotated PL 4D,broad,benefit: mean parental objective minus midpoint objective,108,4.976096021907594,4.976096021907594,0.0,0.96875,0.0,0.03125,0.38038767078332825,2.0581655606310196,4.017275112892394,6.741631886681036,12.995736653191937
rotated_anisotropic_pl_d4,Rotated PL 4D,broad,benefit: mean parental objective minus midpoint objective,109,5.220895453717457,5.220895453717457,0.0,0.96875,0.0,0.03125,0.5665317527085163,2.2965141411220245,4.258075592379289,7.410523063288027,12.638186751793903
rotated_anisotropic_pl_d4,Rotated PL 4D,broad,benefit: mean parental objective minus midpoint objective,110,4.434201021694655,4.434201021694655,0.0,0.96875,0.0,0.03125,0.27073149272807484,1.707916685181461,3.518184695527669,6.7098386953316815,11.151795768120351
rotated_anisotropic_pl_d4,Rotated PL 4D,broad,benefit: mean parental objective minus midpoint objective,111,3.7555707551420072,3.7555707551420072,0.0,0.96875,0.0,0.03125,0.26800388044674506,1.7671184522064003,3.226740964958447,5.321279930211867,8.730910126376086
rotated_anisotropic_pl_d4,Rotated PL 4D,broad,benefit: mean parental objective minus midpoint objective,112,4.149724722772884,4.149724722772884,0.0,0.96875,0.0,0.03125,0.22914058609987187,1.9235755555009373,3.6098645505540023,5.702562869089981,9.851452510275122
rotated_anisotropic_pl_d4,Rotated PL 4D,broad,benefit: mean parental objective minus midpoint objective,113,3.585609864470112,3.585609864470112,0.0,0.96875,0.0,0.03125,0.23623611775424358,1.5183997293725415,3.0048587527858377,4.857150361292913,9.098953301574678
rotated_anisotropic_pl_d4,Rotated PL 4D,broad,benefit: mean parental objective minus midpoint objective,114,4.596363452954277,4.596363452954277,0.0,0.96875,0.0,0.03125,0.27896705401003175,2.130474240211803,4.105838629005934,6.4937754109345605,10.490481745367234
rotated_anisotropic_pl_d4,Rotated PL 4D,broad,benefit: mean parental objective minus midpoint objective,115,4.2583483867432586,4.2583483867432586,0.0,0.96875,0.0,0.03125,0.3646417754744231,1.810276042621652,3.6223281661792726,5.940827238002045,10.78252906514388
rotated_anisotropic_pl_d4,Rotated PL 4D,broad,benefit: mean parental objective minus midpoint objective,116,5.578451020410556,5.578451020410556,0.0,0.96875,0.0,0.03125,0.4612597883190048,2.3631144520172747,4.702299844631613,7.545746496280134,13.723651021629525
rotated_anisotropic_pl_d4,Rotated PL 4D,broad,benefit: mean parental objective minus midpoint objective,117,3.9367206060299944,3.9367206060299944,0.0,0.96875,0.0,0.03125,0.2721320459544323,1.4112578096774655,3.4674155251778718,5.576382569651492,9.550034345639924
rotated_anisotropic_pl_d4,Rotated PL 4D,broad,benefit: mean parental objective minus midpoint objective,118,4.6111077028556355,4.6111077028556355,0.0,0.96875,0.0,0.03125,0.24745102233511318,1.5426259814246581,3.4240151282962223,6.984462043791681,12.215512308673338
rotated_anisotropic_pl_d4,Rotated PL 4D,broad,benefit: mean parental objective minus midpoint objective,119,5.6690418702693455,5.6690418702693455,0.0,0.96875,0.0,0.03125,0.5079659466546431,2.2909232254274183,4.587444409872237,7.72366301780216,15.418004475614296
rotated_anisotropic_pl_d4,Rotated PL 4D,broad,benefit: mean parental objective minus midpoint objective,120,3.7935455882702094,3.7935455882702094,0.0,0.96875,0.0,0.03125,0.2760939832084812,1.397416006789003,2.9436947408199465,5.375794673707355,9.94824812875509
rotated_anisotropic_pl_d4,Rotated PL 4D,broad,benefit: mean parental objective minus midpoint objective,121,3.893825943701603,3.893825943701603,0.0,0.96875,0.0,0.03125,0.319794135320155,1.511952842174825,3.0421811699307195,5.444863261009509,10.589713572313418
rotated_anisotropic_pl_d4,Rotated PL 4D,broad,benefit: mean parental objective minus midpoint objective,122,3.7757844147130806,3.7757844147130806,0.0,0.96875,0.0,0.03125,0.28122944859765653,1.7848364728016115,3.142859168530004,5.130191048917213,9.799360359683028
rotated_anisotropic_pl_d4,Rotated PL 4D,broad,benefit: mean parental objective minus midpoint objective,123,4.787522696244006,4.787522696244006,0.0,0.96875,0.0,0.03125,0.29045611707407826,1.8007116826697889,3.9515171241200386,6.657428992005837,12.723115110095703
rotated_anisotropic_pl_d4,Rotated PL 4D,broad,benefit: mean parental objective minus midpoint objective,124,3.6872128941559756,3.6872128941559756,0.0,0.96875,0.0,0.03125,0.2702690002467971,1.4382393089085213,2.8436918538345264,5.0170734627827045,10.093057902827983
rotated_anisotropic_pl_d4,Rotated PL 4D,broad,benefit: mean parental objective minus midpoint objective,125,4.146813921895494,4.146813921895494,0.0,0.96875,0.0,0.03125,0.24758892289164436,1.1182732086754203,3.286408294479023,6.127505630431392,11.507385713931328
rotated_anisotropic_pl_d4,Rotated PL 4D,broad,benefit: mean parental objective minus midpoint objective,126,4.497993423343404,4.497993423343404,0.0,0.96875,0.0,0.03125,0.4371924424396365,1.9426150877872104,3.8288737121824736,6.3516539859245915,11.611070702112581
rotated_anisotropic_pl_d4,Rotated PL 4D,broad,benefit: mean parental objective minus midpoint objective,127,4.274943709774697,4.274943709774697,0.0,0.96875,0.0,0.03125,0.3626603148295784,1.6072014991261234,3.6595896696698764,6.171248436124248,10.512702275797205
rotated_anisotropic_pl_d4,Rotated PL 4D,clustered,benefit: mean parental objective minus midpoint objective,0,4.289849177816469,4.289849177816469,0.0,0.96875,0.0,0.03125,0.0023735207438946304,0.016154528397425594,0.059162493890271506,8.679129036401843,9.3783687298043
rotated_anisotropic_pl_d4,Rotated PL 4D,clustered,benefit: mean parental objective minus midpoint objective,1,3.997138805305796,3.997138805305796,0.0,0.96875,0.0,0.03125,0.0017923597533897606,0.021084901026894087,0.07798623578823083,8.709822845688553,9.581417632208888
rotated_anisotropic_pl_d4,Rotated PL 4D,clustered,benefit: mean parental objective minus midpoint objective,2,4.218709056356315,4.218709056356315,0.0,0.96875,0.0,0.03125,0.002045414715038163,0.016655478602786822,0.11320868278227092,8.496232225853008,9.087339318864393
rotated_anisotropic_pl_d4,Rotated PL 4D,clustered,benefit: mean parental objective minus midpoint objective,3,3.429811713058519,3.429811713058519,0.0,0.96875,0.0,0.03125,0.001534938032042632,0.012003566428054668,0.037438692277884655,8.305551028411124,8.89344437012316
rotated_anisotropic_pl_d4,Rotated PL 4D,clustered,benefit: mean parental objective minus midpoint objective,4,4.3649994291116325,4.3649994291116325,0.0,0.96875,0.0,0.03125,0.0020832025184631675,0.015447410147556795,0.06807077467587952,8.874708022474133,9.376395926108353
rotated_anisotropic_pl_d4,Rotated PL 4D,clustered,benefit: mean parental objective minus midpoint objective,5,4.234312113635416,4.234312113635416,0.0,0.96875,0.0,0.03125,0.001975863763661323,0.01338852359914533,0.13258642835334555,8.622158024585715,9.290765407700748
rotated_anisotropic_pl_d4,Rotated PL 4D,clustered,benefit: mean parental objective minus midpoint objective,6,4.397822290441656,4.397822290441656,0.0,0.96875,0.0,0.03125,0.002626686383817578,0.020088859721516528,0.08037332085923587,8.860602036833985,9.688966957983787
rotated_anisotropic_pl_d4,Rotated PL 4D,clustered,benefit: mean parental objective minus midpoint objective,7,4.318546477158176,4.318546477158176,0.0,0.96875,0.0,0.03125,0.0017871793588302154,0.019081270604068834,0.14718933480594565,8.60218444955276,9.480910456370747
rotated_anisotropic_pl_d4,Rotated PL 4D,clustered,benefit: mean parental objective minus midpoint objective,8,4.165322145432261,4.165322145432261,0.0,0.96875,0.0,0.03125,0.0021624141924885265,0.018899471589026717,0.06413636209030216,8.803245148948337,9.507850613665111
rotated_anisotropic_pl_d4,Rotated PL 4D,clustered,benefit: mean parental objective minus midpoint objective,9,3.8259232584847576,3.8259236431538053,-3.8466904751788267e-07,0.966796875,0.001953125,0.03125,0.003972213554668258,0.021660129355211666,0.06909080366517095,8.338717258525243,9.180426686957981
rotated_anisotropic_pl_d4,Rotated PL 4D,clustered,benefit: mean parental objective minus midpoint objective,10,4.343272103105287,4.343272103105287,0.0,0.96875,0.0,0.03125,0.0024137066001621577,0.01570355070218632,0.06737295557312528,8.782813811437219,9.462262333070097
rotated_anisotropic_pl_d4,Rotated PL 4D,clustered,benefit: mean parental objective minus midpoint objective,11,4.320113228753149,4.320113228753149,0.0,0.96875,0.0,0.03125,0.0026121420556250996,0.018369597343388833,0.10008589606806595,8.685793445253074,9.400730335132884
rotated_anisotropic_pl_d4,Rotated PL 4D,clustered,benefit: mean parental objective minus midpoint objective,12,4.200725658123848,4.200725658123848,0.0,0.96875,0.0,0.03125,0.0020052802348153875,0.020292227815550845,0.08411968894409405,8.479986221221317,9.159568821887238
rotated_anisotropic_pl_d4,Rotated PL 4D,clustered,benefit: mean parental objective minus midpoint objective,13,4.327022618621502,4.327022618621502,0.0,0.96875,0.0,0.03125,0.0016152300710174927,0.014452330241024214,0.11712075676936706,8.626195096737693,9.451568773835174
rotated_anisotropic_pl_d4,Rotated PL 4D,clustered,benefit: mean parental objective minus midpoint objective,14,3.906257195452338,3.906257195452338,0.0,0.96875,0.0,0.03125,0.0025629215571232322,0.018420578570498947,0.05496178195013002,8.536006520803788,9.325180045166634
rotated_anisotropic_pl_d4,Rotated PL 4D,clustered,benefit: mean parental objective minus midpoint objective,15,4.3294498944579765,4.3294498944579765,0.0,0.96875,0.0,0.03125,0.003292725644060468,0.01970770676391176,0.09411636843775106,8.799266324355047,9.571560834431326
rotated_anisotropic_pl_d4,Rotated PL 4D,clustered,benefit: mean parental objective minus midpoint objective,16,4.366246283419457,4.366246283419457,0.0,0.96875,0.0,0.03125,0.00212347708001559,0.014913878542637704,0.07909926687817226,8.852533908069983,9.445520498818311
rotated_anisotropic_pl_d4,Rotated PL 4D,clustered,benefit: mean parental objective minus midpoint objective,17,4.363428298750739,4.363428298750739,0.0,0.96875,0.0,0.03125,0.0029944316477932276,0.019097894482463573,0.13109082177231102,8.67906834378782,9.439710268835231
rotated_anisotropic_pl_d4,Rotated PL 4D,clustered,benefit: mean parental objective minus midpoint objective,18,3.936762796610081,3.936762796610081,0.0,0.96875,0.0,0.03125,0.0010794454188527425,0.016375739940102108,0.07714215938749902,8.403055032738726,9.148985496934777
rotated_anisotropic_pl_d4,Rotated PL 4D,clustered,benefit: mean parental objective minus midpoint objective,19,4.20298483648437,4.20298483648437,0.0,0.96875,0.0,0.03125,0.002929106438136486,0.02099051282822373,0.08376984894631612,8.448357430242504,9.052707456124796
rotated_anisotropic_pl_d4,Rotated PL 4D,clustered,benefit: mean parental objective minus midpoint objective,20,4.399826864798027,4.399827150348175,-2.855501477737332e-07,0.966796875,0.001953125,0.03125,0.0019631977721061844,0.01637302545986863,0.12686276873329128,8.98160547299074,9.468677905292047
rotated_anisotropic_pl_d4,Rotated PL 4D,clustered,benefit: mean parental objective minus midpoint objective,21,4.133245087338681,4.133245087338681,0.0,0.96875,0.0,0.03125,0.002559022751547957,0.018608584840579923,0.07798537134076433,8.503297568122978,9.196970419987915
rotated_anisotropic_pl_d4,Rotated PL 4D,clustered,benefit: mean parental objective minus midpoint objective,22,4.312872567340219,4.312872567340219,0.0,0.96875,0.0,0.03125,0.0019918584245282034,0.01889829610446725,0.14206210296727484,8.637067618325643,9.281308011410395
rotated_anisotropic_pl_d4,Rotated PL 4D,clustered,benefit: mean parental objective minus midpoint objective,23,3.6003603975282257,3.6003603975282257,0.0,0.96875,0.0,0.03125,0.00316058329145541,0.014861758842529937,0.0392746298026605,8.313804260238097,8.79548396218201
rotated_anisotropic_pl_d4,Rotated PL 4D,clustered,benefit: mean parental objective minus midpoint objective,24,4.304632179763088,4.304632179763088,0.0,0.96875,0.0,0.03125,0.0026094608140514453,0.01594573769864205,0.08895689858039368,8.693953754107605,9.343231392304114
rotated_anisotropic_pl_d4,Rotated PL 4D,clustered,benefit: mean parental objective minus midpoint objective,25,4.322327006391353,4.322327006391353,0.0,0.96875,0.0,0.03125,0.0033131078588972684,0.02125889123496627,0.12053648946221251,8.601118745415585,9.472456170052325
rotated_anisotropic_pl_d4,Rotated PL 4D,clustered,benefit: mean parental objective minus midpoint objective,26,4.3387065780562395,4.3387065780562395,0.0,0.96875,0.0,0.03125,0.002819653077812845,0.019793797311384864,0.0779514764653495,8.778729643293536,9.530649405117948
rotated_anisotropic_pl_d4,Rotated PL 4D,clustered,benefit: mean parental objective minus midpoint objective,27,4.240585858561577,4.240585858561577,0.0,0.96875,0.0,0.03125,0.0012337296064259817,0.014056138492135162,0.08482730358684343,8.472972148377348,9.06032219479488
rotated_anisotropic_pl_d4,Rotated PL 4D,clustered,benefit: mean parental objective minus midpoint objective,28,4.479699079809336,4.479699079809336,0.0,0.96875,0.0,0.03125,0.0017781239685312755,0.0177181768907424,0.09616467388388195,8.988665618416338,9.817566425314462
rotated_anisotropic_pl_d4,Rotated PL 4D,clustered,benefit: mean parental objective minus midpoint objective,29,4.321358517075032,4.321358517075032,0.0,0.96875,0.0,0.03125,0.002652837294125021,0.014643406482058197,0.08226476276092676,8.751290185544045,9.517842518735694
rotated_anisotropic_pl_d4,Rotated PL 4D,clustered,benefit: mean parental objective minus midpoint objective,30,4.046809454053554,4.046809454053554,0.0,0.96875,0.0,0.03125,0.0021255870721281767,0.014862921000383444,0.05457141833012891,8.326063990644979,8.959091904701523
rotated_anisotropic_pl_d4,Rotated PL 4D,clustered,benefit: mean parental objective minus midpoint objective,31,4.077859910802111,4.077859917392921,-6.5908106298973035e-09,0.966796875,0.001953125,0.03125,0.001075417138856949,0.014818161821684939,0.0484500889270123,8.615491565486774,9.298332219840871
rotated_anisotropic_pl_d4,Rotated PL 4D,clustered,benefit: mean parental objective minus midpoint objective,32,4.257531311423947,4.257531915736545,-6.043125981500252e-07,0.966796875,0.001953125,0.03125,0.00336750027176258,0.021483604616822305,0.09880017073621872,8.658866997798794,9.416214464073612
rotated_anisotropic_pl_d4,Rotated PL 4D,clustered,benefit: mean parental objective minus midpoint objective,33,4.060149920673762,4.060149920673762,0.0,0.96875,0.0,0.03125,0.002581032080426482,0.017577317587798902,0.06515223510116996,8.52412330359718,9.442279507903212
rotated_anisotropic_pl_d4,Rotated PL 4D,clustered,benefit: mean parental objective minus midpoint objective,34,4.306371098972784,4.306371098972784,0.0,0.96875,0.0,0.03125,0.0028189569774177414,0.016734253149583544,0.07934392392674994,8.57314196056898,9.327484148133848
rotated_anisotropic_pl_d4,Rotated PL 4D,clustered,benefit: mean parental objective minus midpoint objective,35,4.4322688117578455,4.4322688117578455,0.0,0.96875,0.0,0.03125,0.0022087941544342016,0.016814039192921015,0.1477582420201209,8.877636194794487,9.597845751572772
rotated_anisotropic_pl_d4,Rotated PL 4D,clustered,benefit: mean parental objective minus midpoint objective,36,4.3632636299098255,4.3632636299098255,0.0,0.96875,0.0,0.03125,0.0016841366294784166,0.017322254138816717,0.11133406159390091,8.718338152533905,9.369402581553706
rotated_anisotropic_pl_d4,Rotated PL 4D,clustered,benefit: mean parental objective minus midpoint objective,37,4.017203357042698,4.017203357042698,0.0,0.96875,0.0,0.03125,0.002290003982670541,0.021122147749576214,0.07577486243018505,8.472140591058059,9.43340314556628
rotated_anisotropic_pl_d4,Rotated PL 4D,clustered,benefit: mean parental objective minus midpoint objective,38,4.252174063915467,4.252174063915467,0.0,0.96875,0.0,0.03125,0.002613648842096694,0.021208986286051612,0.08864159806813099,8.532708797451491,9.380391309080336
rotated_anisotropic_pl_d4,Rotated PL 4D,clustered,benefit: mean parental objective minus midpoint objective,39,4.354807892540694,4.354807892540694,0.0,0.96875,0.0,0.03125,0.0016462328693354067,0.014816003755614204,0.1541694174377639,8.67684763861896,9.315159199437959
rotated_anisotropic_pl_d4,Rotated PL 4D,clustered,benefit: mean parental objective minus midpoint objective,40,4.333271278612036,4.333271278612036,0.0,0.96875,0.0,0.03125,0.003581652992572515,0.02173946692156825,0.08886106095280866,8.620531708932939,9.456284051066023
rotated_anisotropic_pl_d4,Rotated PL 4D,clustered,benefit: mean parental objective minus midpoint objective,41,4.356677774822451,4.356677774822451,0.0,0.96875,0.0,0.03125,0.002944072218356908,0.019141868409937146,0.10433681736659928,8.704271964576629,9.423830925630163
rotated_anisotropic_pl_d4,Rotated PL 4D,clustered,benefit: mean parental objective minus midpoint objective,42,4.162342163184396,4.162342163184396,0.0,0.96875,0.0,0.03125,0.001966469580061414,0.017014183468115007,0.07069258326734129,8.621786975965726,9.136073100744893
rotated_anisotropic_pl_d4,Rotated PL 4D,clustered,benefit: mean parental objective minus midpoint objective,43,4.233386229411169,4.233386229411169,0.0,0.96875,0.0,0.03125,0.0020878711462541943,0.015366031824431303,0.08572385691445739,8.459409285038856,9.152703970223074
rotated_anisotropic_pl_d4,Rotated PL 4D,clustered,benefit: mean parental objective minus midpoint objective,44,4.235703711329262,4.235703711329262,0.0,0.96875,0.0,0.03125,0.002460127394078526,0.017462939540001443,0.06733034157130469,8.559939341949923,9.308766685355872
rotated_anisotropic_pl_d4,Rotated PL 4D,clustered,benefit: mean parental objective minus midpoint objective,45,4.405408178078492,4.405408178078492,0.0,0.96875,0.0,0.03125,0.0027185290233830983,0.014667728252414136,0.10903942034466496,8.873438428222276,9.481172567305332
rotated_anisotropic_pl_d4,Rotated PL 4D,clustered,benefit: mean parental objective minus midpoint objective,46,4.247705882839925,4.247705882839925,0.0,0.96875,0.0,0.03125,0.00134193025851026,0.017334205569961902,0.12631717369296247,8.566432861707106,9.204361539270106
rotated_anisotropic_pl_d4,Rotated PL 4D,clustered,benefit: mean parental objective minus midpoint objective,47,4.361325117535172,4.361325487104659,-3.695694865205046e-07,0.96484375,0.00390625,0.03125,0.002851548180007768,0.01821437569292428,0.16237684662757346,8.674565525272989,9.418745649435904
rotated_anisotropic_pl_d4,Rotated PL 4D,clustered,benefit: mean parental objective minus midpoint objective,48,3.910953983063512,3.910953983063512,0.0,0.96875,0.0,0.03125,0.002375288329030667,0.015137448444262347,0.05213345433135075,8.518909178684456,9.393510637806887
rotated_anisotropic_pl_d4,Rotated PL 4D,clustered,benefit: mean parental objective minus midpoint objective,49,4.141553261843957,4.141553261843957,0.0,0.96875,0.0,0.03125,0.001358161380919043,0.01659476733391152,0.07288255307642189,8.541874724506227,9.240121410624205
rotated_anisotropic_pl_d4,Rotated PL 4D,clustered,benefit: mean parental objective minus midpoint objective,50,4.311334455606057,4.311334455606057,0.0,0.96875,0.0,0.03125,0.003106019948567962,0.016977148835970013,0.06499604225217404,8.759537085697428,9.438980201296731
rotated_anisotropic_pl_d4,Rotated PL 4D,clustered,benefit: mean parental objective minus midpoint objective,51,4.219612103509251,4.219612103509251,0.0,0.96875,0.0,0.03125,0.003402003010208432,0.017663419835614036,0.0606909278317147,8.674392861869222,9.505572161038007
rotated_anisotropic_pl_d4,Rotated PL 4D,clustered,benefit: mean parental objective minus midpoint objective,52,4.457994204893731,4.457994204893731,0.0,0.96875,0.0,0.03125,0.0025595391342392304,0.015299156397368563,0.07899412531976857,8.893604009280992,9.547817768136296
rotated_anisotropic_pl_d4,Rotated PL 4D,clustered,benefit: mean parental objective minus midpoint objective,53,4.383634567562266,4.383634567562266,0.0,0.96875,0.0,0.03125,0.002781326620395319,0.02063576916248877,0.09050194771258369,8.734641878644629,9.401273592644719
rotated_anisotropic_pl_d4,Rotated PL 4D,clustered,benefit: mean parental objective minus midpoint objective,54,4.23348779377571,4.23348779377571,0.0,0.96875,0.0,0.03125,0.003496279072143338,0.02362277635174337,0.10074048369301991,8.535215476714928,9.334535586033915
rotated_anisotropic_pl_d4,Rotated PL 4D,clustered,benefit: mean parental objective minus midpoint objective,55,4.270307630112182,4.270307630112182,0.0,0.96875,0.0,0.03125,0.0026784358780620465,0.02036105808673838,0.10736439293686573,8.566291202760102,9.433407808312596
rotated_anisotropic_pl_d4,Rotated PL 4D,clustered,benefit: mean parental objective minus midpoint objective,56,4.196069628779726,4.196069628779726,0.0,0.96875,0.0,0.03125,0.0020435955930224736,0.0160968080864059,0.06434219071098823,8.628047001015238,9.410326086297028
rotated_anisotropic_pl_d4,Rotated PL 4D,clustered,benefit: mean parental objective minus midpoint objective,57,4.19958102810703,4.19958102810703,0.0,0.96875,0.0,0.03125,0.0019090284043148387,0.017267900996433383,0.06801279365459223,8.627730629120526,9.361768276198216
rotated_anisotropic_pl_d4,Rotated PL 4D,clustered,benefit: mean parental objective minus midpoint objective,58,4.54347349503929,4.54347349503929,0.0,0.96875,0.0,0.03125,0.0022241831500888765,0.016296867684669536,0.0824632223195021,9.065755017656352,9.780494144140617
rotated_anisotropic_pl_d4,Rotated PL 4D,clustered,benefit: mean parental objective minus midpoint objective,59,4.274161077670254,4.274161077670254,0.0,0.96875,0.0,0.03125,0.002925176703788779,0.017750213169682283,0.10747298454741028,8.532316812785014,9.181101415277322
rotated_anisotropic_pl_d4,Rotated PL 4D,clustered,benefit: mean parental objective minus midpoint objective,60,4.160570217852904,4.160570217852904,0.0,0.96875,0.0,0.03125,0.0025413955214048656,0.018124098323333726,0.09863003206489473,8.276523232662724,9.047254634360133
rotated_anisotropic_pl_d4,Rotated PL 4D,clustered,benefit: mean parental objective minus midpoint objective,61,4.258699275116889,4.258699275116889,0.0,0.96875,0.0,0.03125,0.002951871699321984,0.023440487428517898,0.12368634155024694,8.59106392070466,9.62435730501437
rotated_anisotropic_pl_d4,Rotated PL 4D,clustered,benefit: mean parental objective minus midpoint objective,62,4.144750579287091,4.144750579287091,0.0,0.96875,0.0,0.03125,0.00366223526683207,0.02348722515109003,0.11327295509389934,8.266775326666085,9.071474639926972
rotated_anisotropic_pl_d4,Rotated PL 4D,clustered,benefit: mean parental objective minus midpoint objective,63,4.3680861504788115,4.3680861504788115,0.0,0.96875,0.0,0.03125,0.0018750810600778323,0.018317606424513855,0.11816345903335446,8.66623828613318,9.54258687724632
rotated_anisotropic_pl_d4,Rotated PL 4D,clustered,benefit: mean parental objective minus midpoint objective,64,4.364785950832593,4.364785950832593,0.0,0.96875,0.0,0.03125,0.0035253372215926504,0.025962731756169255,0.13550601553638053,8.712124059431885,9.38213921988992
rotated_anisotropic_pl_d4,Rotated PL 4D,clustered,benefit: mean parental objective minus midpoint objective,65,4.267487437254195,4.267487437254195,0.0,0.96875,0.0,0.03125,0.0026494979259155116,0.019852585624676067,0.08384305569189543,8.584158933807311,9.376202283739648
rotated_anisotropic_pl_d4,Rotated PL 4D,clustered,benefit: mean parental objective minus midpoint objective,66,4.169175069740985,4.169175069740985,0.0,0.96875,0.0,0.03125,0.0018478003970461288,0.01934342388836008,0.06849298278069327,8.525225824060104,9.48808528650725
rotated_anisotropic_pl_d4,Rotated PL 4D,clustered,benefit: mean parental objective minus midpoint objective,67,4.356596044803696,4.356596044803696,0.0,0.96875,0.0,0.03125,0.003998785386491122,0.020034454791499456,0.0915050688889103,8.693797118690862,9.314608122424884
rotated_anisotropic_pl_d4,Rotated PL 4D,clustered,benefit: mean parental objective minus midpoint objective,68,4.107464074280541,4.107464074280541,0.0,0.96875,0.0,0.03125,0.0010681473977438571,0.012573492082101012,0.052068542317043054,8.667037791511294,9.401701644465621
rotated_anisotropic_pl_d4,Rotated PL 4D,clustered,benefit: mean parental objective minus midpoint objective,69,4.014918492119783,4.014918492119783,0.0,0.96875,0.0,0.03125,0.0017411118456216457,0.015007060048652932,0.061208021033396065,8.506615784474365,9.164476035205658
rotated_anisotropic_pl_d4,Rotated PL 4D,clustered,benefit: mean parental objective minus midpoint objective,70,4.370407319510827,4.370407319510827,0.0,0.96875,0.0,0.03125,0.0014268651847064717,0.0166096329490113,0.09077588867538289,8.663284887939842,9.579157073375656
rotated_anisotropic_pl_d4,Rotated PL 4D,clustered,benefit: mean parental objective minus midpoint objective,71,4.24735664546739,4.24735664546739,0.0,0.96875,0.0,0.03125,0.0035265982441146093,0.017186365649836333,0.07886046109098999,8.587177649365728,9.331384622296177
rotated_anisotropic_pl_d4,Rotated PL 4D,clustered,benefit: mean parental objective minus midpoint objective,72,4.31912893925109,4.31912893925109,0.0,0.96875,0.0,0.03125,0.0026548585092633914,0.018318837921457387,0.09971359271193236,8.655099079701117,9.412570513838165
rotated_anisotropic_pl_d4,Rotated PL 4D,clustered,benefit: mean parental objective minus midpoint objective,73,4.59979549215818,4.599795507175218,-1.5017037620357332e-08,0.966796875,0.001953125,0.03125,0.0015054151341011845,0.01624644395431929,0.13057910893563296,9.146703901599082,9.94892741628576
rotated_anisotropic_pl_d4,Rotated PL 4D,clustered,benefit: mean parental objective minus midpoint objective,74,4.331014634906848,4.331014634906848,0.0,0.96875,0.0,0.03125,0.00204160171556822,0.018717508767222668,0.12970386408324686,8.652265302151763,9.12662381092424
rotated_anisotropic_pl_d4,Rotated PL 4D,clustered,benefit: mean parental objective minus midpoint objective,75,4.293470408662581,4.293470408662581,0.0,0.96875,0.0,0.03125,0.003068267296994165,0.015239345031728746,0.1286370375872412,8.575141014762329,9.141082849728484
rotated_anisotropic_pl_d4,Rotated PL 4D,clustered,benefit: mean parental objective minus midpoint objective,76,4.114601831566078,4.114601831566078,0.0,0.96875,0.0,0.03125,0.002405655183418176,0.01584972976811727,0.045387433393072385,8.74434585868767,9.390238161972647
rotated_anisotropic_pl_d4,Rotated PL 4D,clustered,benefit: mean parental objective minus midpoint objective,77,4.217829391717459,4.217829391717459,0.0,0.96875,0.0,0.03125,0.002242572624521877,0.014341022716420682,0.061675161758557806,8.54473580784194,9.156446694999369
rotated_anisotropic_pl_d4,Rotated PL 4D,clustered,benefit: mean parental objective minus midpoint objective,78,4.278301680726285,4.278301698656813,-1.793052774659576e-08,0.966796875,0.001953125,0.03125,0.001976382026082746,0.018692594376716443,0.06543916011065498,8.74402228952711,9.680578155407808
rotated_anisotropic_pl_d4,Rotated PL 4D,clustered,benefit: mean parental objective minus midpoint objective,79,4.316171067096418,4.316171067096418,0.0,0.96875,0.0,0.03125,0.003446797672596702,0.020425556616014973,0.12795626749154643,8.675713040602849,9.593881437798448
rotated_anisotropic_pl_d4,Rotated PL 4D,clustered,benefit: mean parental objective minus midpoint objective,80,4.123532044029985,4.123532044029985,0.0,0.96875,0.0,0.03125,0.0029284007789645017,0.02325815217158933,0.09286479278391724,8.666899088125874,9.613803348730226
rotated_anisotropic_pl_d4,Rotated PL 4D,clustered,benefit: mean parental objective minus midpoint objective,81,4.139768531522474,4.139768531522474,0.0,0.96875,0.0,0.03125,0.0044099741747505306,0.024140669533927905,0.09126448954954469,8.507937016872894,9.366439761697652
rotated_anisotropic_pl_d4,Rotated PL 4D,clustered,benefit: mean parental objective minus midpoint objective,82,4.248463751960939,4.248463751960939,0.0,0.96875,0.0,0.03125,0.0019648592171552792,0.019130998127527832,0.07508123570807967,8.609360298191355,9.421488837251191
rotated_anisotropic_pl_d4,Rotated PL 4D,clustered,benefit: mean parental objective minus midpoint objective,83,3.490418617640978,3.490418617640978,0.0,0.96875,0.0,0.03125,0.0028355762516332206,0.019476548498069235,0.06078477325664444,8.3874890954471,9.254653150829846
rotated_anisotropic_pl_d4,Rotated PL 4D,clustered,benefit: mean parental objective minus midpoint objective,84,4.136234487674329,4.136234579479774,-9.18054454627365e-08,0.966796875,0.001953125,0.03125,0.0019631712895602504,0.01476598938066509,0.05102714477902204,8.523340285640277,9.107291743091759
rotated_anisotropic_pl_d4,Rotated PL 4D,clustered,benefit: mean parental objective minus midpoint objective,85,4.343710002677282,4.343710002677282,0.0,0.96875,0.0,0.03125,0.0013426479539990765,0.01368582051754963,0.0790350022502544,8.69457649862352,9.33727227732252
rotated_anisotropic_pl_d4,Rotated PL 4D,clustered,benefit: mean parental objective minus midpoint objective,86,4.185560896251692,4.185560896251692,0.0,0.96875,0.0,0.03125,0.004666945897227492,0.020119322629565062,0.07442431936236815,8.633109366035221,9.45317042819437
rotated_anisotropic_pl_d4,Rotated PL 4D,clustered,benefit: mean parental objective minus midpoint objective,87,4.425694498384733,4.425694498384733,0.0,0.96875,0.0,0.03125,0.0021590721359157072,0.012547465925964119,0.07764551948255871,8.886087104019941,9.415300979371338
rotated_anisotropic_pl_d4,Rotated PL 4D,clustered,benefit: mean parental objective minus midpoint objective,88,4.289216826619654,4.2892172219235984,-3.9530394356154797e-07,0.966796875,0.001953125,0.03125,0.0036304897911456635,0.023214625001280353,0.07711690123047887,8.69236711510122,9.346238807649474
rotated_anisotropic_pl_d4,Rotated PL 4D,clustered,benefit: mean parental objective minus midpoint objective,89,3.4185917103790673,3.4185917103790673,0.0,0.96875,0.0,0.03125,0.0036196068613048027,0.01633158418653835,0.04590469442343448,8.24903494169735,8.99389585508151
rotated_anisotropic_pl_d4,Rotated PL 4D,clustered,benefit: mean parental objective minus midpoint objective,90,4.141920444944012,4.141920828492315,-3.8354830225392766e-07,0.96484375,0.00390625,0.03125,0.0037990994128094258,0.020252412841024636,0.07196219859289599,8.67878041420788,9.551144111907249
rotated_anisotropic_pl_d4,Rotated PL 4D,clustered,benefit: mean parental objective minus midpoint objective,91,4.352707099016413,4.352707099016413,0.0,0.96875,0.0,0.03125,0.002388378161864324,0.01951328708419453,0.1147548224367565,8.74002488421664,9.455279371842806
rotated_anisotropic_pl_d4,Rotated PL 4D,clustered,benefit: mean parental objective minus midpoint objective,92,4.334088358192181,4.334088600771053,-2.425788721126948e-07,0.966796875,0.001953125,0.03125,0.002266626246480996,0.017066528650763857,0.0975902251126648,8.690991868945597,9.319195637036561
rotated_anisotropic_pl_d4,Rotated PL 4D,clustered,benefit: mean parental objective minus midpoint objective,93,4.38150552247055,4.38150552247055,0.0,0.96875,0.0,0.03125,0.002979474550834027,0.02085977822546159,0.10905236798847184,8.721839481322965,9.535523414726065
rotated_anisotropic_pl_d4,Rotated PL 4D,clustered,benefit: mean parental objective minus midpoint objective,94,4.267292177786011,4.267292177786011,0.0,0.96875,0.0,0.03125,0.0033203155578869215,0.019816186511183886,0.11206101051875272,8.502698260503294,9.551090848381763
rotated_anisotropic_pl_d4,Rotated PL 4D,clustered,benefit: mean parental objective minus midpoint objective,95,4.0766323116574394,4.0766323116574394,0.0,0.96875,0.0,0.03125,0.002047249005450169,0.01895685666254643,0.06759091016168828,8.538288053958894,9.524439089092105
rotated_anisotropic_pl_d4,Rotated PL 4D,clustered,benefit: mean parental objective minus midpoint objective,96,4.28892285552099,4.28892285552099,0.0,0.96875,0.0,0.03125,0.0020739541791332528,0.015240962324275742,0.08371864972867016,8.660861377958918,9.273094881894275
rotated_anisotropic_pl_d4,Rotated PL 4D,clustered,benefit: mean parental objective minus midpoint objective,97,4.343840004363244,4.343840004363244,0.0,0.96875,0.0,0.03125,0.0022665019427261512,0.018335038195157694,0.1000858048428519,8.638599959078771,9.450301732183092
rotated_anisotropic_pl_d4,Rotated PL 4D,clustered,benefit: mean parental objective minus midpoint objective,98,3.905601991407924,3.905601991407924,0.0,0.96875,0.0,0.03125,0.0022710245691897057,0.018109211899851374,0.04375392497960284,8.927114641725796,9.907074783738114
rotated_anisotropic_pl_d4,Rotated PL 4D,clustered,benefit: mean parental objective minus midpoint objective,99,4.1320659002476825,4.1320659002476825,0.0,0.96875,0.0,0.03125,0.0019425308420517595,0.018514200668469982,0.09252395101458255,8.30414688458174,9.073430831088476
rotated_anisotropic_pl_d4,Rotated PL 4D,clustered,benefit: mean parental objective minus midpoint objective,100,4.253102524702437,4.253102524702437,0.0,0.96875,0.0,0.03125,0.002167301523416043,0.01611207886521271,0.11784759291682612,8.50410923503803,9.259618657828144
rotated_anisotropic_pl_d4,Rotated PL 4D,clustered,benefit: mean parental objective minus midpoint objective,101,4.414474460467005,4.4144768243717705,-2.3639047657328383e-06,0.966796875,0.001953125,0.03125,0.002149065933169325,0.020457208363330537,0.10244280998756139,8.745299991063149,9.601903563495446
rotated_anisotropic_pl_d4,Rotated PL 4D,clustered,benefit: mean parental objective minus midpoint objective,102,4.2311240945263435,4.2311240945263435,0.0,0.96875,0.0,0.03125,0.0023343277077536584,0.01872132119206693,0.09452378469705813,8.715609496404985,9.621313446068834
rotated_anisotropic_pl_d4,Rotated PL 4D,clustered,benefit: mean parental objective minus midpoint objective,103,4.067642160284985,4.067642559788904,-3.9950391861678924e-07,0.966796875,0.001953125,0.03125,0.0021028748254643403,0.01994638793521908,0.07934017602732091,8.604438507137813,9.300312545249103
rotated_anisotropic_pl_d4,Rotated PL 4D,clustered,benefit: mean parental objective minus midpoint objective,104,4.453940079181709,4.453940079181709,0.0,0.96875,0.0,0.03125,0.0019636104040205993,0.01847822049465364,0.14897501684305858,8.863287674617077,9.57255809550086
rotated_anisotropic_pl_d4,Rotated PL 4D,clustered,benefit: mean parental objective minus midpoint objective,105,4.350579614243111,4.350579614243111,0.0,0.96875,0.0,0.03125,0.0024524772564351593,0.020293703381884853,0.125034605685995,8.59519707676596,9.529467188064256
rotated_anisotropic_pl_d4,Rotated PL 4D,clustered,benefit: mean parental objective minus midpoint objective,106,4.171764457262971,4.171764457262971,0.0,0.96875,0.0,0.03125,0.0025647043527499136,0.019270143537148954,0.0733823903476587,8.550910830069062,9.338372311854474
rotated_anisotropic_pl_d4,Rotated PL 4D,clustered,benefit: mean parental objective minus midpoint objective,107,4.348415911843901,4.348415911843901,0.0,0.96875,0.0,0.03125,0.001973108069744711,0.0115517590831411,0.04731183319115573,8.805109964564295,9.361501065984513
rotated_anisotropic_pl_d4,Rotated PL 4D,clustered,benefit: mean parental objective minus midpoint objective,108,3.884882867693077,3.884882867693077,0.0,0.96875,0.0,0.03125,0.003179588153116697,0.020241949514256063,0.05655302030807974,8.464529650701138,9.385253170798494
rotated_anisotropic_pl_d4,Rotated PL 4D,clustered,benefit: mean parental objective minus midpoint objective,109,4.21978982058384,4.21978982058384,0.0,0.96875,0.0,0.03125,0.0022011250612514743,0.016153113645696493,0.06441327089045323,8.624178534941267,9.438452612849424
rotated_anisotropic_pl_d4,Rotated PL 4D,clustered,benefit: mean parental objective minus midpoint objective,110,4.256609943369032,4.256609943369032,0.0,0.96875,0.0,0.03125,0.0028201696247638353,0.02059511997493857,0.08174753177266503,8.730485081324078,9.542037313258923
rotated_anisotropic_pl_d4,Rotated PL 4D,clustered,benefit: mean parental objective minus midpoint objective,111,4.420013166428582,4.420013166428582,0.0,0.96875,0.0,0.03125,0.003921891192030458,0.0242141039865853,0.1325019487272785,8.814835937894042,9.482002747149417
rotated_anisotropic_pl_d4,Rotated PL 4D,clustered,benefit: mean parental objective minus midpoint objective,112,4.216277241833792,4.216277241833792,0.0,0.96875,0.0,0.03125,0.0029875975770394803,0.02193604894746315,0.11484057756613808,8.472083565305569,9.420839577915208
rotated_anisotropic_pl_d4,Rotated PL 4D,clustered,benefit: mean parental objective minus midpoint objective,113,4.304244964700007,4.304244964700007,0.0,0.96875,0.0,0.03125,0.002870651349820008,0.019145221375625354,0.08548458375670975,8.697518432229899,9.471439239268324
rotated_anisotropic_pl_d4,Rotated PL 4D,clustered,benefit: mean parental objective minus midpoint objective,114,4.279719295536145,4.279719295536145,0.0,0.96875,0.0,0.03125,0.0029538284030756756,0.017804261176220137,0.12863892881174444,8.542515114346502,9.22714147250397
rotated_anisotropic_pl_d4,Rotated PL 4D,clustered,benefit: mean parental objective minus midpoint objective,115,4.104705398610859,4.104705398610859,0.0,0.96875,0.0,0.03125,0.001770509045849522,0.02089968580466106,0.0605273528199195,8.652335830435966,9.283522729976596
rotated_anisotropic_pl_d4,Rotated PL 4D,clustered,benefit: mean parental objective minus midpoint objective,116,4.104999126584956,4.104999126584956,0.0,0.96875,0.0,0.03125,0.0029925087097844028,0.02151150904501442,0.09363074797959126,8.544636206726791,9.640629595851765
rotated_anisotropic_pl_d4,Rotated PL 4D,clustered,benefit: mean parental objective minus midpoint objective,117,4.132812450361582,4.132812450361582,0.0,0.96875,0.0,0.03125,0.002795141631676046,0.02229108295233395,0.06881221107943958,8.68800610857164,9.582551046509447
rotated_anisotropic_pl_d4,Rotated PL 4D,clustered,benefit: mean parental objective minus midpoint objective,118,4.381601097319027,4.381601097319027,0.0,0.96875,0.0,0.03125,0.003081649326324154,0.01794446096581659,0.08336531806710212,8.732770441218545,9.439133985154111
rotated_anisotropic_pl_d4,Rotated PL 4D,clustered,benefit: mean parental objective minus midpoint objective,119,4.211579604580903,4.211579604580903,0.0,0.96875,0.0,0.03125,0.002564289306697276,0.018440048132230658,0.06325366647082831,8.642792065489163,9.54169297781698
rotated_anisotropic_pl_d4,Rotated PL 4D,clustered,benefit: mean parental objective minus midpoint objective,120,4.264665452703195,4.264665452703195,0.0,0.96875,0.0,0.03125,0.002581804630491291,0.018952144032878593,0.09301878891059268,8.770585748744644,9.235473977414454
rotated_anisotropic_pl_d4,Rotated PL 4D,clustered,benefit: mean parental objective minus midpoint objective,121,4.441958396331608,4.441958479117811,-8.278620263271752e-08,0.966796875,0.001953125,0.03125,0.002650334117980435,0.0188060263382539,0.09655996203381889,8.872884418703489,9.638272853683846
rotated_anisotropic_pl_d4,Rotated PL 4D,clustered,benefit: mean parental objective minus midpoint objective,122,4.243886375054418,4.2438864264786424,-5.142422442733219e-08,0.966796875,0.001953125,0.03125,0.0015519259372993588,0.014440805549863711,0.11777957975197584,8.558312256182221,9.454827843884384
rotated_anisotropic_pl_d4,Rotated PL 4D,clustered,benefit: mean parental objective minus midpoint objective,123,3.764888206151789,3.764888206151789,0.0,0.96875,0.0,0.03125,0.0019174367277816629,0.017365144966952073,0.05699034367884792,8.569382151753306,9.402247484544187
rotated_anisotropic_pl_d4,Rotated PL 4D,clustered,benefit: mean parental objective minus midpoint objective,124,4.4364331475005745,4.4364331475005745,0.0,0.96875,0.0,0.03125,0.0028454109534692407,0.018896523340183435,0.09106099974693116,8.82768062115738,9.62493967250439
rotated_anisotropic_pl_d4,Rotated PL 4D,clustered,benefit: mean parental objective minus midpoint objective,125,4.310716714582037,4.310716714582037,0.0,0.96875,0.0,0.03125,0.002350967645142532,0.02018377642681557,0.07272204195061605,8.740729443732498,9.357885468856887
rotated_anisotropic_pl_d4,Rotated PL 4D,clustered,benefit: mean parental objective minus midpoint objective,126,4.409707077585035,4.409707077585035,0.0,0.96875,0.0,0.03125,0.002803190994807636,0.019498883812312684,0.09426418230754408,8.801993545209644,9.716264809238995
rotated_anisotropic_pl_d4,Rotated PL 4D,clustered,benefit: mean parental objective minus midpoint objective,127,4.183837092193215,4.183837092193215,0.0,0.96875,0.0,0.03125,0.0028384975621111863,0.020981143119028545,0.07732468949940419,8.569567102294485,9.37150813150309
rotated_anisotropic_pl_d8,Rotated PL 8D,broad,benefit: mean parental objective minus midpoint objective,0,9.4226545395219,9.4226545395219,0.0,0.96875,0.0,0.03125,2.0682260563123904,5.303896139852771,8.44683167706443,12.387209543102957,20.011703905351567
rotated_anisotropic_pl_d8,Rotated PL 8D,broad,benefit: mean parental objective minus midpoint objective,1,7.939943343701536,7.939943343701536,0.0,0.96875,0.0,0.03125,1.9762856387799168,5.273191185734319,7.422535492260515,10.244171363654564,15.42521462445525
rotated_anisotropic_pl_d8,Rotated PL 8D,broad,benefit: mean parental objective minus midpoint objective,2,8.96307936724212,8.96307936724212,0.0,0.96875,0.0,0.03125,2.1344322516545517,5.470491689904232,8.146057430854462,11.715509068220108,18.422023232292073
rotated_anisotropic_pl_d8,Rotated PL 8D,broad,benefit: mean parental objective minus midpoint objective,3,8.453013649828012,8.453013649828012,0.0,0.96875,0.0,0.03125,1.6560138747665185,5.293213665505526,7.772904415254004,11.311309654208713,17.31158399083232
rotated_anisotropic_pl_d8,Rotated PL 8D,broad,benefit: mean parental objective minus midpoint objective,4,9.352222222069319,9.352222222069319,0.0,0.96875,0.0,0.03125,2.1732113169357863,5.567473276892838,8.868493112319484,12.198846064246291,19.64269954047656
rotated_anisotropic_pl_d8,Rotated PL 8D,broad,benefit: mean parental objective minus midpoint objective,5,8.878178067092355,8.878178067092355,0.0,0.96875,0.0,0.03125,2.0233182153566425,5.152412440270673,8.137582565333897,11.948507016041585,18.272178485944355
rotated_anisotropic_pl_d8,Rotated PL 8D,broad,benefit: mean parental objective minus midpoint objective,6,9.520640647627781,9.520640647627781,0.0,0.96875,0.0,0.03125,2.061632409838378,5.511687880935291,8.517990379242551,12.953682399662055,19.66810523934259
rotated_anisotropic_pl_d8,Rotated PL 8D,broad,benefit: mean parental objective minus midpoint objective,7,9.565699884569682,9.565699884569682,0.0,0.96875,0.0,0.03125,1.938569001714857,5.88695317869913,8.645692381243204,12.601141692196858,19.22344415429322
rotated_anisotropic_pl_d8,Rotated PL 8D,broad,benefit: mean parental objective minus midpoint objective,8,8.062083643123763,8.062083643123763,0.0,0.96875,0.0,0.03125,1.8008419200360777,4.882123580239465,7.3495722210545935,10.582033308401154,17.048525267039736
rotated_anisotropic_pl_d8,Rotated PL 8D,broad,benefit: mean parental objective minus midpoint objective,9,9.573980607464861,9.573980607464861,0.0,0.96875,0.0,0.03125,1.4795522632591869,5.864934041367011,9.176622685135477,12.717161078446356,19.505715680045036
rotated_anisotropic_pl_d8,Rotated PL 8D,broad,benefit: mean parental objective minus midpoint objective,10,8.584182745138554,8.584182745138554,0.0,0.96875,0.0,0.03125,1.791028135744508,5.393269093151652,8.134937723290875,11.322992447869417,16.81366162717115
rotated_anisotropic_pl_d8,Rotated PL 8D,broad,benefit: mean parental objective minus midpoint objective,11,7.580940982564814,7.580940982564814,0.0,0.96875,0.0,0.03125,1.9492734649507426,4.368853543846853,6.796614011703024,10.022802428806319,16.482896722183682
rotated_anisotropic_pl_d8,Rotated PL 8D,broad,benefit: mean parental objective minus midpoint objective,12,9.814591066587038,9.814591066587038,0.0,0.96875,0.0,0.03125,1.9706720305718264,5.624431483058032,8.556310989229559,13.052175024944077,21.734912543509118
rotated_anisotropic_pl_d8,Rotated PL 8D,broad,benefit: mean parental objective minus midpoint objective,13,9.310124793447006,9.310124793447006,0.0,0.96875,0.0,0.03125,1.9109786105073425,5.593622736035552,8.771577030134186,12.142366342646902,18.235917351278857
rotated_anisotropic_pl_d8,Rotated PL 8D,broad,benefit: mean parental objective minus midpoint objective,14,10.713281443658385,10.713281443658385,0.0,0.96875,0.0,0.03125,2.073592413657103,6.49546607772177,10.187047167713828,14.488278612293776,21.3653842168046
rotated_anisotropic_pl_d8,Rotated PL 8D,broad,benefit: mean parental objective minus midpoint objective,15,9.154253331038841,9.154253331038841,0.0,0.96875,0.0,0.03125,1.2618283893621651,5.249489636807082,8.467211694742488,12.132447102237185,19.49404871953078
rotated_anisotropic_pl_d8,Rotated PL 8D,broad,benefit: mean parental objective minus midpoint objective,16,8.177977726902038,8.177977726902038,0.0,0.96875,0.0,0.03125,1.7219226847818128,4.968100716598231,8.214164249578726,10.874812071395223,15.477732921480353
rotated_anisotropic_pl_d8,Rotated PL 8D,broad,benefit: mean parental objective minus midpoint objective,17,9.770736560550144,9.770736560550144,0.0,0.96875,0.0,0.03125,2.5993402437304276,6.161640011120689,9.227764850546285,12.841809548064312,18.620178616721873
rotated_anisotropic_pl_d8,Rotated PL 8D,broad,benefit: mean parental objective minus midpoint objective,18,10.472301014506943,10.472301014506943,0.0,0.96875,0.0,0.03125,2.2964879740242985,6.261552931825836,9.818599269797652,13.398668670348535,21.277266467969717
rotated_anisotropic_pl_d8,Rotated PL 8D,broad,benefit: mean parental objective minus midpoint objective,19,9.782510595035252,9.782510595035252,0.0,0.96875,0.0,0.03125,2.497330190849553,5.903527966710531,8.869461364053684,12.804925914226864,20.524570638906393
rotated_anisotropic_pl_d8,Rotated PL 8D,broad,benefit: mean parental objective minus midpoint objective,20,8.906757300928634,8.906757300928634,0.0,0.96875,0.0,0.03125,1.6245236299922006,5.792717173185586,8.38436766631029,11.86150361794795,17.80814569763963
rotated_anisotropic_pl_d8,Rotated PL 8D,broad,benefit: mean parental objective minus midpoint objective,21,8.080943423703154,8.080943423703154,0.0,0.96875,0.0,0.03125,1.788977559546403,4.951049804195939,7.347454317987172,10.789344781103216,16.520047856077085
rotated_anisotropic_pl_d8,Rotated PL 8D,broad,benefit: mean parental objective minus midpoint objective,22,10.446810410402268,10.446810410402268,0.0,0.96875,0.0,0.03125,2.184624958265939,6.117607085684849,9.611461973974212,13.947992513196198,21.44048781406048
rotated_anisotropic_pl_d8,Rotated PL 8D,broad,benefit: mean parental objective minus midpoint objective,23,7.77251232131859,7.77251232131859,0.0,0.96875,0.0,0.03125,1.5031841928360912,5.027710211794531,7.4860165468876865,10.426623592591199,14.693532938020432
rotated_anisotropic_pl_d8,Rotated PL 8D,broad,benefit: mean parental objective minus midpoint objective,24,8.75449892864798,8.75449892864798,0.0,0.96875,0.0,0.03125,2.0600813530503572,4.986267825278645,7.736052140821965,11.42458185491175,18.72137307716951
rotated_anisotropic_pl_d8,Rotated PL 8D,broad,benefit: mean parental objective minus midpoint objective,25,9.088119445048381,9.088119445048381,0.0,0.96875,0.0,0.03125,1.4139870665510976,5.32813593276672,8.395792534396707,12.106998480227293,18.89436826747866
rotated_anisotropic_pl_d8,Rotated PL 8D,broad,benefit: mean parental objective minus midpoint objective,26,10.789605295389446,10.789605295389446,0.0,0.96875,0.0,0.03125,2.3941327542921513,6.122628080006848,9.79871062424354,14.557628479104364,21.875570810608195
rotated_anisotropic_pl_d8,Rotated PL 8D,broad,benefit: mean parental objective minus midpoint objective,27,10.937722877384054,10.937722877384054,0.0,0.96875,0.0,0.03125,2.3090494244645967,6.651293859671178,10.209137456985141,14.658007930988191,22.00893037971575
rotated_anisotropic_pl_d8,Rotated PL 8D,broad,benefit: mean parental objective minus midpoint objective,28,9.214199025203794,9.214199025203794,0.0,0.96875,0.0,0.03125,2.1895858102525416,5.680817666739728,8.462343887967862,12.01243044887758,19.440155849138144
rotated_anisotropic_pl_d8,Rotated PL 8D,broad,benefit: mean parental objective minus midpoint objective,29,9.013454024753305,9.013454024753305,0.0,0.96875,0.0,0.03125,1.8803845881294237,5.410988323840705,8.327651951568647,11.955305829826628,18.1767984648733
rotated_anisotropic_pl_d8,Rotated PL 8D,broad,benefit: mean parental objective minus midpoint objective,30,8.189910490034706,8.189910490034706,0.0,0.96875,0.0,0.03125,2.120547941621018,4.961204046948573,7.543182295996985,10.680562698702875,16.527559312659903
rotated_anisotropic_pl_d8,Rotated PL 8D,broad,benefit: mean parental objective minus midpoint objective,31,9.202525693147109,9.202525693147109,0.0,0.96875,0.0,0.03125,2.0635870538661756,5.43826021380521,8.543565245796335,11.989250274481446,19.265019039151717
rotated_anisotropic_pl_d8,Rotated PL 8D,broad,benefit: mean parental objective minus midpoint objective,32,7.983794647808021,7.983794647808021,0.0,0.96875,0.0,0.03125,1.7425239227137581,4.60530060179501,7.062952049216182,10.408987773185437,16.996704224846972
rotated_anisotropic_pl_d8,Rotated PL 8D,broad,benefit: mean parental objective minus midpoint objective,33,8.178406135472072,8.178406135472072,0.0,0.96875,0.0,0.03125,1.5992118523904857,5.000523532720795,7.665122376853844,10.79602076258639,16.444227577817344
rotated_anisotropic_pl_d8,Rotated PL 8D,broad,benefit: mean parental objective minus midpoint objective,34,9.109276454769489,9.109276454769489,0.0,0.96875,0.0,0.03125,1.9616125167625036,5.6373274099253905,8.293739291098934,11.679347035521111,18.278299416773507
rotated_anisotropic_pl_d8,Rotated PL 8D,broad,benefit: mean parental objective minus midpoint objective,35,8.303054193155333,8.303054193155333,0.0,0.96875,0.0,0.03125,1.4177871694351012,4.5872902328751834,7.396199286783002,10.976833904802863,17.95966884362206
rotated_anisotropic_pl_d8,Rotated PL 8D,broad,benefit: mean parental objective minus midpoint objective,36,9.419268353353376,9.419268353353376,0.0,0.96875,0.0,0.03125,2.4465173591479576,5.625582906323281,8.56538750264825,12.573234882143282,19.206000689402757
rotated_anisotropic_pl_d8,Rotated PL 8D,broad,benefit: mean parental objective minus midpoint objective,37,8.90356576148476,8.90356576148476,0.0,0.96875,0.0,0.03125,2.1419913927413674,5.180972218758528,8.002051494574415,11.72912003490702,18.174776545955
rotated_anisotropic_pl_d8,Rotated PL 8D,broad,benefit: mean parental objective minus midpoint objective,38,9.427591593171197,9.427591593171197,0.0,0.96875,0.0,0.03125,2.2573439587658726,5.9179306322230545,8.959593997847591,12.372567168487727,19.00107802709564
rotated_anisotropic_pl_d8,Rotated PL 8D,broad,benefit: mean parental objective minus midpoint objective,39,8.873774146012199,8.873774146012199,0.0,0.96875,0.0,0.03125,2.037810042219945,5.128052858819903,8.617681189662925,11.684956055358324,17.753971933670748
rotated_anisotropic_pl_d8,Rotated PL 8D,broad,benefit: mean parental objective minus midpoint objective,40,7.754461229422807,7.754461229422807,0.0,0.96875,0.0,0.03125,1.6179665064355149,4.634317356972982,7.029938134308265,10.228177378843586,16.178230845331374
rotated_anisotropic_pl_d8,Rotated PL 8D,broad,benefit: mean parental objective minus midpoint objective,41,10.987987172686745,10.987987172686745,0.0,0.96875,0.0,0.03125,2.4555071724009423,6.777899128374166,10.271493005898389,14.55680852584198,20.292060281760982
rotated_anisotropic_pl_d8,Rotated PL 8D,broad,benefit: mean parental objective minus midpoint objective,42,8.328430739793726,8.328430739793726,0.0,0.96875,0.0,0.03125,1.6423440035333172,4.948916054494536,7.7180573208915035,11.219954075413792,16.37165534426778
rotated_anisotropic_pl_d8,Rotated PL 8D,broad,benefit: mean parental objective minus midpoint objective,43,8.166707026168794,8.166707026168794,0.0,0.96875,0.0,0.03125,1.949544968629624,5.014992575925005,7.33268592367461,11.014122351694084,16.4710149834348
rotated_anisotropic_pl_d8,Rotated PL 8D,broad,benefit: mean parental objective minus midpoint objective,44,8.120471337272111,8.120471337272111,0.0,0.96875,0.0,0.03125,1.9930747351215317,4.926399478661452,7.641035788373561,10.619613333614895,17.06918282459967
rotated_anisotropic_pl_d8,Rotated PL 8D,broad,benefit: mean parental objective minus midpoint objective,45,7.964508275774806,7.964508275774806,0.0,0.96875,0.0,0.03125,1.8283438662083853,5.123021785990961,7.367477558433073,10.87309762178209,14.825826366125519
rotated_anisotropic_pl_d8,Rotated PL 8D,broad,benefit: mean parental objective minus midpoint objective,46,9.45870507850368,9.45870507850368,0.0,0.96875,0.0,0.03125,2.2195680355885123,5.193275829716139,8.519184193884325,12.516017881205098,19.81825278196902
rotated_anisotropic_pl_d8,Rotated PL 8D,broad,benefit: mean parental objective minus midpoint objective,47,10.107501307831757,10.107501307831757,0.0,0.96875,0.0,0.03125,2.054380947237604,5.769734044539913,9.228506405722452,13.254409569176614,20.473370816871885
rotated_anisotropic_pl_d8,Rotated PL 8D,broad,benefit: mean parental objective minus midpoint objective,48,7.836803739529019,7.836803739529019,0.0,0.96875,0.0,0.03125,2.086581903986911,4.638766433904827,7.252180419663469,10.53572724788252,15.472605085823911
rotated_anisotropic_pl_d8,Rotated PL 8D,broad,benefit: mean parental objective minus midpoint objective,49,8.926175633253658,8.926175633253658,0.0,0.96875,0.0,0.03125,1.8160962024490814,4.972493225700013,8.294474570479409,11.914761674841039,18.213584249832607
rotated_anisotropic_pl_d8,Rotated PL 8D,broad,benefit: mean parental objective minus midpoint objective,50,9.031291790314055,9.031291790314055,0.0,0.96875,0.0,0.03125,2.397147347954995,5.986392643551007,8.492420703244715,11.36437777300521,17.455542375727102
rotated_anisotropic_pl_d8,Rotated PL 8D,broad,benefit: mean parental objective minus midpoint objective,51,9.714542700640902,9.714542700640902,0.0,0.96875,0.0,0.03125,2.026701602406831,5.511299033301018,8.841994547407179,13.09342418407411,20.309619543285894
rotated_anisotropic_pl_d8,Rotated PL 8D,broad,benefit: mean parental objective minus midpoint objective,52,7.4016587733892365,7.4016587733892365,0.0,0.96875,0.0,0.03125,1.6614773060775043,4.164136496480356,6.891586948763347,10.211611887008111,14.527126377029882
rotated_anisotropic_pl_d8,Rotated PL 8D,broad,benefit: mean parental objective minus midpoint objective,53,8.706195607715017,8.706195607715017,0.0,0.96875,0.0,0.03125,2.114327539672768,5.195878248157143,8.3034751343226,11.513979816091595,17.56005242738385
rotated_anisotropic_pl_d8,Rotated PL 8D,broad,benefit: mean parental objective minus midpoint objective,54,8.986725671187209,8.986725671187209,0.0,0.96875,0.0,0.03125,1.6879990627732901,5.162862998008485,8.303117881783631,11.55420325665461,20.15647027820268
rotated_anisotropic_pl_d8,Rotated PL 8D,broad,benefit: mean parental objective minus midpoint objective,55,9.46293064108207,9.46293064108207,0.0,0.96875,0.0,0.03125,1.91733569619538,5.517265992418103,8.8187906505282,12.621659515828844,18.572508580726463
rotated_anisotropic_pl_d8,Rotated PL 8D,broad,benefit: mean parental objective minus midpoint objective,56,7.747966905799517,7.747966905799517,0.0,0.96875,0.0,0.03125,1.9908698930395943,4.9231625731152775,6.823995576031026,10.222695959475267,15.365245360747902
rotated_anisotropic_pl_d8,Rotated PL 8D,broad,benefit: mean parental objective minus midpoint objective,57,7.956823590814764,7.956823590814764,0.0,0.96875,0.0,0.03125,1.8185449401546911,4.777259870644629,7.400232020398569,10.648904822936448,16.220773425441738
rotated_anisotropic_pl_d8,Rotated PL 8D,broad,benefit: mean parental objective minus midpoint objective,58,8.306106727187563,8.306106727187563,0.0,0.96875,0.0,0.03125,1.6884913681845752,5.188690069675168,7.719715560174308,10.647910311424354,16.864803928080565
rotated_anisotropic_pl_d8,Rotated PL 8D,broad,benefit: mean parental objective minus midpoint objective,59,11.32144953347699,11.32144953347699,0.0,0.96875,0.0,0.03125,2.7523473616400835,6.759903139226832,10.477716940991577,15.055708652549304,22.24258987017582
rotated_anisotropic_pl_d8,Rotated PL 8D,broad,benefit: mean parental objective minus midpoint objective,60,8.894834798421492,8.894834798421492,0.0,0.96875,0.0,0.03125,2.446871582298577,5.439081445268016,8.439830937010747,12.230841239963787,17.038358128697098
rotated_anisotropic_pl_d8,Rotated PL 8D,broad,benefit: mean parental objective minus midpoint objective,61,8.354185480985734,8.354185480985734,0.0,0.96875,0.0,0.03125,1.7415996871108383,5.164980439879528,7.917382234779113,11.181700027776966,16.283013435133512
rotated_anisotropic_pl_d8,Rotated PL 8D,broad,benefit: mean parental objective minus midpoint objective,62,7.648054271496759,7.648054271496759,0.0,0.96875,0.0,0.03125,1.8990898146313704,5.046919361285269,7.368226736028305,9.967743169137545,14.199787529232704
rotated_anisotropic_pl_d8,Rotated PL 8D,broad,benefit: mean parental objective minus midpoint objective,63,8.40440663956526,8.40440663956526,0.0,0.96875,0.0,0.03125,1.7728770198127393,5.145602035034004,7.822179619132683,11.088599792905697,17.37575198132214
rotated_anisotropic_pl_d8,Rotated PL 8D,broad,benefit: mean parental objective minus midpoint objective,64,7.1619525142967575,7.1619525142967575,0.0,0.96875,0.0,0.03125,1.749575560806779,4.437079438006279,6.305758581321182,9.265177219500513,15.146640565312106
rotated_anisotropic_pl_d8,Rotated PL 8D,broad,benefit: mean parental objective minus midpoint objective,65,8.256456746722478,8.256456746722478,0.0,0.96875,0.0,0.03125,1.9730637081416802,5.055165239472643,7.374594874861259,11.077740461645604,16.4052693929504
rotated_anisotropic_pl_d8,Rotated PL 8D,broad,benefit: mean parental objective minus midpoint objective,66,7.916161583342788,7.916161583342788,0.0,0.96875,0.0,0.03125,1.797377426412229,4.8817671379928385,7.188175914164489,10.66228980273482,16.132625102316396
rotated_anisotropic_pl_d8,Rotated PL 8D,broad,benefit: mean parental objective minus midpoint objective,67,8.793085217922123,8.793085217922123,0.0,0.96875,0.0,0.03125,2.3265545441412776,5.609308672679852,8.386614502785672,11.582597515972584,17.30858658974885
rotated_anisotropic_pl_d8,Rotated PL 8D,broad,benefit: mean parental objective minus midpoint objective,68,10.176524705943097,10.176524705943097,0.0,0.96875,0.0,0.03125,1.990031532708592,5.526302513471558,9.202522255473497,13.48864658031945,22.297565332176394
rotated_anisotropic_pl_d8,Rotated PL 8D,broad,benefit: mean parental objective minus midpoint objective,69,8.908461047514251,8.908461047514251,0.0,0.96875,0.0,0.03125,2.062037707548452,5.27358895106862,8.002750465752662,11.783758662292279,18.327620262428827
rotated_anisotropic_pl_d8,Rotated PL 8D,broad,benefit: mean parental objective minus midpoint objective,70,9.288134081341004,9.288134081341004,0.0,0.96875,0.0,0.03125,1.2025017151087667,5.215422774632849,8.062196421159243,12.25254865626708,21.41806111013014
rotated_anisotropic_pl_d8,Rotated PL 8D,broad,benefit: mean parental objective minus midpoint objective,71,9.536663272749482,9.536663272749482,0.0,0.96875,0.0,0.03125,2.596199511774394,5.855964954085286,9.064792582689257,12.138095989405297,19.45715851457355
rotated_anisotropic_pl_d8,Rotated PL 8D,broad,benefit: mean parental objective minus midpoint objective,72,9.52913894596516,9.52913894596516,0.0,0.96875,0.0,0.03125,2.0567992882999597,5.639402056067215,9.056997500762812,12.374490289375228,19.47190516194094
rotated_anisotropic_pl_d8,Rotated PL 8D,broad,benefit: mean parental objective minus midpoint objective,73,8.563155926531415,8.563155926531415,0.0,0.96875,0.0,0.03125,1.9197070846901774,5.30696655720266,7.905279057825705,11.076021748702676,17.702117973748013
rotated_anisotropic_pl_d8,Rotated PL 8D,broad,benefit: mean parental objective minus midpoint objective,74,9.8111228186422,9.8111228186422,0.0,0.96875,0.0,0.03125,2.375695810557197,5.908215443398403,8.92110897827979,12.866157255089107,19.83267237214136
rotated_anisotropic_pl_d8,Rotated PL 8D,broad,benefit: mean parental objective minus midpoint objective,75,8.724304565319425,8.724304565319425,0.0,0.96875,0.0,0.03125,2.0471367391564854,4.953285680427271,7.892054806072467,11.74221014186438,18.862009562061104
rotated_anisotropic_pl_d8,Rotated PL 8D,broad,benefit: mean parental objective minus midpoint objective,76,9.15780832433029,9.15780832433029,0.0,0.96875,0.0,0.03125,1.90551331252464,5.876085948007852,8.929223863125227,12.084411980046255,16.95703182627144
rotated_anisotropic_pl_d8,Rotated PL 8D,broad,benefit: mean parental objective minus midpoint objective,77,8.147539146220991,8.147539146220991,0.0,0.96875,0.0,0.03125,1.6028688172658008,4.6804840405691195,7.286212003207403,11.008657149084726,17.768176414719566
rotated_anisotropic_pl_d8,Rotated PL 8D,broad,benefit: mean parental objective minus midpoint objective,78,7.3468107678169625,7.3468107678169625,0.0,0.96875,0.0,0.03125,1.512566245939011,4.840721233423944,6.9293747644430965,9.426324030930768,13.826033373021406
rotated_anisotropic_pl_d8,Rotated PL 8D,broad,benefit: mean parental objective minus midpoint objective,79,8.960404860540066,8.960404860540066,0.0,0.96875,0.0,0.03125,1.9202813899364024,5.156363031202581,8.505026678646887,11.921204023004634,18.14530655522812
rotated_anisotropic_pl_d8,Rotated PL 8D,broad,benefit: mean parental objective minus midpoint objective,80,8.323619716857369,8.323619716857369,0.0,0.96875,0.0,0.03125,1.5907194069327666,5.164848373119376,7.390723652078453,10.955844996876696,17.146728403336727
rotated_anisotropic_pl_d8,Rotated PL 8D,broad,benefit: mean parental objective minus midpoint objective,81,7.522812107834659,7.522812107834659,0.0,0.96875,0.0,0.03125,1.63477268695949,4.6842932808581725,6.917939940377394,9.638520502462057,15.404878767141405
rotated_anisotropic_pl_d8,Rotated PL 8D,broad,benefit: mean parental objective minus midpoint objective,82,10.18374988629179,10.18374988629179,0.0,0.96875,0.0,0.03125,2.245624019802875,5.787525073166256,9.311109559097673,13.226248635389382,22.351877509445735
rotated_anisotropic_pl_d8,Rotated PL 8D,broad,benefit: mean parental objective minus midpoint objective,83,9.642290775399665,9.642290775399665,0.0,0.96875,0.0,0.03125,2.0760848292833174,5.935913620885147,9.023561041187431,12.31430777854915,19.75530022399233
rotated_anisotropic_pl_d8,Rotated PL 8D,broad,benefit: mean parental objective minus midpoint objective,84,8.923703617287634,8.923703617287634,0.0,0.96875,0.0,0.03125,1.9008859490445786,5.299836601472229,7.9743848245937095,11.789406544985617,18.706216068379597
rotated_anisotropic_pl_d8,Rotated PL 8D,broad,benefit: mean parental objective minus midpoint objective,85,7.683373685634197,7.683373685634197,0.0,0.96875,0.0,0.03125,1.9239864623133727,4.828065024138521,7.116974586651846,9.701106540039593,15.376851963937561
rotated_anisotropic_pl_d8,Rotated PL 8D,broad,benefit: mean parental objective minus midpoint objective,86,7.59784314837381,7.59784314837381,0.0,0.96875,0.0,0.03125,1.7007790303931074,4.467238541988756,6.60232444376984,10.006430346553095,16.82866970250302
rotated_anisotropic_pl_d8,Rotated PL 8D,broad,benefit: mean parental objective minus midpoint objective,87,7.50940705010345,7.50940705010345,0.0,0.96875,0.0,0.03125,1.8718853302881904,4.621065536603368,7.084531150913708,9.754646572344651,14.725839192417347
rotated_anisotropic_pl_d8,Rotated PL 8D,broad,benefit: mean parental objective minus midpoint objective,88,9.72612788147115,9.72612788147115,0.0,0.96875,0.0,0.03125,2.0851552061108087,5.7339881401187895,9.125784720254515,13.017093932176863,19.460619354425788
rotated_anisotropic_pl_d8,Rotated PL 8D,broad,benefit: mean parental objective minus midpoint objective,89,7.627406096165785,7.627406096165785,0.0,0.96875,0.0,0.03125,1.9481210833104896,4.656427202632075,6.775346661196714,9.89849050440688,15.865379395286766
rotated_anisotropic_pl_d8,Rotated PL 8D,broad,benefit: mean parental objective minus midpoint objective,90,9.60896232493686,9.60896232493686,0.0,0.96875,0.0,0.03125,1.8716364415218116,6.0079716932275,8.762327429825056,12.497000821118888,20.222641508782417
rotated_anisotropic_pl_d8,Rotated PL 8D,broad,benefit: mean parental objective minus midpoint objective,91,9.024516415782827,9.024516415782827,0.0,0.96875,0.0,0.03125,2.6046239695556217,5.826230981991994,8.524085931660675,11.83502516508269,17.957514666009423
rotated_anisotropic_pl_d8,Rotated PL 8D,broad,benefit: mean parental objective minus midpoint objective,92,9.84526719199727,9.84526719199727,0.0,0.96875,0.0,0.03125,2.0334038053670938,6.257042887663449,9.431191843433801,13.154000495015982,18.690513963347883
rotated_anisotropic_pl_d8,Rotated PL 8D,broad,benefit: mean parental objective minus midpoint objective,93,8.59819913205373,8.59819913205373,0.0,0.96875,0.0,0.03125,1.741102881172921,5.265061554951796,7.772514777286254,11.30616210586843,17.875921405693198
rotated_anisotropic_pl_d8,Rotated PL 8D,broad,benefit: mean parental objective minus midpoint objective,94,10.661859861389658,10.661859861389658,0.0,0.96875,0.0,0.03125,2.413650363914371,6.704899644349489,10.334369023223708,13.906136031989462,20.38037671974223
rotated_anisotropic_pl_d8,Rotated PL 8D,broad,benefit: mean parental objective minus midpoint objective,95,9.223128782872951,9.223128782872951,0.0,0.96875,0.0,0.03125,1.817761601879127,5.6749876694619985,8.62122023473855,11.485436510195008,20.453428835956295
rotated_anisotropic_pl_d8,Rotated PL 8D,broad,benefit: mean parental objective minus midpoint objective,96,10.459759790152873,10.459759790152873,0.0,0.96875,0.0,0.03125,2.0258194782178336,6.580881723310483,9.765958717765038,14.05714611386864,19.929635703381678
rotated_anisotropic_pl_d8,Rotated PL 8D,broad,benefit: mean parental objective minus midpoint objective,97,9.727808257279758,9.727808257279758,0.0,0.96875,0.0,0.03125,2.128255497765114,6.204641513381013,9.190286402587247,12.709277890774555,18.568029357343498
rotated_anisotropic_pl_d8,Rotated PL 8D,broad,benefit: mean parental objective minus midpoint objective,98,9.446439424630162,9.446439424630162,0.0,0.96875,0.0,0.03125,2.1950906019155205,6.003872869813617,8.938728610148708,12.563201829203024,18.506690291067304
rotated_anisotropic_pl_d8,Rotated PL 8D,broad,benefit: mean parental objective minus midpoint objective,99,8.822715592531633,8.822715592531633,0.0,0.96875,0.0,0.03125,2.2351863808142696,5.5024247961706365,8.311054484043357,11.4564988467274,16.691969998817854
rotated_anisotropic_pl_d8,Rotated PL 8D,broad,benefit: mean parental objective minus midpoint objective,100,8.83562167789158,8.83562167789158,0.0,0.96875,0.0,0.03125,1.722623850041991,5.207081418097275,7.929241548229648,11.749707416724135,18.48211208537071
rotated_anisotropic_pl_d8,Rotated PL 8D,broad,benefit: mean parental objective minus midpoint objective,101,9.263287993591856,9.263287993591856,0.0,0.96875,0.0,0.03125,2.378680726679381,5.707848960171482,8.612472246542751,12.199459921790286,18.526352561739547
rotated_anisotropic_pl_d8,Rotated PL 8D,broad,benefit: mean parental objective minus midpoint objective,102,9.320608894800475,9.320608894800475,0.0,0.96875,0.0,0.03125,1.6991959996148793,5.5358770217782,8.803761526886507,12.174377181278327,18.570772656720084
rotated_anisotropic_pl_d8,Rotated PL 8D,broad,benefit: mean parental objective minus midpoint objective,103,8.491712148095697,8.491712148095697,0.0,0.96875,0.0,0.03125,1.560567745083965,5.064112741220914,7.796101731539199,11.409031229266777,17.381535014808232
rotated_anisotropic_pl_d8,Rotated PL 8D,broad,benefit: mean parental objective minus midpoint objective,104,9.341211476096802,9.341211476096802,0.0,0.96875,0.0,0.03125,1.9097386387712092,5.838060065131778,8.81255986636927,12.30197644330272,19.11136173228452
rotated_anisotropic_pl_d8,Rotated PL 8D,broad,benefit: mean parental objective minus midpoint objective,105,7.635614559526465,7.635614559526465,0.0,0.96875,0.0,0.03125,1.5138777347231223,3.9807428995159224,6.746520572284997,10.689881413657055,16.299819647825935
rotated_anisotropic_pl_d8,Rotated PL 8D,broad,benefit: mean parental objective minus midpoint objective,106,8.06529563570761,8.06529563570761,0.0,0.96875,0.0,0.03125,1.821592506247427,5.019209707980563,7.5995695086230235,10.673855887956405,15.783651456525838
rotated_anisotropic_pl_d8,Rotated PL 8D,broad,benefit: mean parental objective minus midpoint objective,107,8.55829341615978,8.55829341615978,0.0,0.96875,0.0,0.03125,2.1070813301922193,5.291710066361539,7.965007902374367,11.15567425081963,17.121554067344327
rotated_anisotropic_pl_d8,Rotated PL 8D,broad,benefit: mean parental objective minus midpoint objective,108,9.3114429232978,9.3114429232978,0.0,0.96875,0.0,0.03125,1.9087216495984052,5.232879884839328,8.679961631055178,12.411244703524595,19.205750682275024
rotated_anisotropic_pl_d8,Rotated PL 8D,broad,benefit: mean parental objective minus midpoint objective,109,8.609222683705418,8.609222683705418,0.0,0.96875,0.0,0.03125,1.7625644972430266,5.394396873750509,8.010237709471085,11.076138860480242,17.46801603931503
rotated_anisotropic_pl_d8,Rotated PL 8D,broad,benefit: mean parental objective minus midpoint objective,110,10.944471417804996,10.944471417804996,0.0,0.96875,0.0,0.03125,2.7964175829648994,6.41163344146668,9.86746498405273,14.518174439961424,23.199683208526043
rotated_anisotropic_pl_d8,Rotated PL 8D,broad,benefit: mean parental objective minus midpoint objective,111,7.339096692523402,7.339096692523402,0.0,0.96875,0.0,0.03125,1.429371129459561,4.19239317944675,6.909935937787825,9.594877712493837,15.604324203751567
rotated_anisotropic_pl_d8,Rotated PL 8D,broad,benefit: mean parental objective minus midpoint objective,112,8.755512640657688,8.755512640657688,0.0,0.96875,0.0,0.03125,1.800084446764501,5.344234062093523,8.296827013789315,11.823119066908614,15.952365732970023
rotated_anisotropic_pl_d8,Rotated PL 8D,broad,benefit: mean parental objective minus midpoint objective,113,8.847222919131799,8.847222919131799,0.0,0.96875,0.0,0.03125,1.7040063677391828,4.970807955242218,8.06575062171373,12.115478536053573,18.40983927184506
rotated_anisotropic_pl_d8,Rotated PL 8D,broad,benefit: mean parental objective minus midpoint objective,114,8.025604703770497,8.025604703770497,0.0,0.96875,0.0,0.03125,1.8844119189644815,5.01985973440285,7.6725978708862606,10.611510684013957,16.09263501599746
rotated_anisotropic_pl_d8,Rotated PL 8D,broad,benefit: mean parental objective minus midpoint objective,115,9.191083519815244,9.191083519815244,0.0,0.96875,0.0,0.03125,2.0244392096648056,5.84583548278953,8.3778175539974,11.795597452802447,19.208064981010015
rotated_anisotropic_pl_d8,Rotated PL 8D,broad,benefit: mean parental objective minus midpoint objective,116,9.150670498443073,9.150670498443073,0.0,0.96875,0.0,0.03125,1.362141998180622,5.536169804400107,8.416016326208847,12.549375869798123,18.504928407979804
rotated_anisotropic_pl_d8,Rotated PL 8D,broad,benefit: mean parental objective minus midpoint objective,117,9.606066466287627,9.606066466287627,0.0,0.96875,0.0,0.03125,2.1102766158686173,5.802375663408164,8.72532541821085,12.660818474113922,19.94204917955516
rotated_anisotropic_pl_d8,Rotated PL 8D,broad,benefit: mean parental objective minus midpoint objective,118,8.565722159900591,8.565722159900591,0.0,0.96875,0.0,0.03125,1.8813456992745614,4.817036901098778,7.541636002620411,11.205652840092093,18.792944149010886
rotated_anisotropic_pl_d8,Rotated PL 8D,broad,benefit: mean parental objective minus midpoint objective,119,8.12237106717042,8.12237106717042,0.0,0.96875,0.0,0.03125,1.7888862260065892,4.715610390955941,7.635869568430834,10.45507087133293,16.954457765810634
rotated_anisotropic_pl_d8,Rotated PL 8D,broad,benefit: mean parental objective minus midpoint objective,120,8.139874359753003,8.139874359753003,0.0,0.96875,0.0,0.03125,1.685162935823456,4.955657072091579,7.769690769598924,10.754757031262102,15.68050615784378
rotated_anisotropic_pl_d8,Rotated PL 8D,broad,benefit: mean parental objective minus midpoint objective,121,9.10200490518288,9.10200490518288,0.0,0.96875,0.0,0.03125,2.1346419281420523,5.507667169820513,8.308397917760072,11.905986405199467,19.087005101430147
rotated_anisotropic_pl_d8,Rotated PL 8D,broad,benefit: mean parental objective minus midpoint objective,122,7.83626547147669,7.83626547147669,0.0,0.96875,0.0,0.03125,1.8997842965143121,5.018679360401489,7.4154162748407195,9.995979363501338,14.745152098926411
rotated_anisotropic_pl_d8,Rotated PL 8D,broad,benefit: mean parental objective minus midpoint objective,123,8.858282053058556,8.858282053058556,0.0,0.96875,0.0,0.03125,2.021115626624301,5.266895839470184,8.14667595333626,11.86968074007683,18.387573323780238
rotated_anisotropic_pl_d8,Rotated PL 8D,broad,benefit: mean parental objective minus midpoint objective,124,8.890124271365751,8.890124271365751,0.0,0.96875,0.0,0.03125,1.7399682257172806,5.5005907315284155,8.50448199137432,11.710314299686154,17.335830450695468
rotated_anisotropic_pl_d8,Rotated PL 8D,broad,benefit: mean parental objective minus midpoint objective,125,10.410973109369975,10.410973109369975,0.0,0.96875,0.0,0.03125,2.689461728570631,6.840493219631771,10.20684448708171,13.628715701806499,19.94895258936624
rotated_anisotropic_pl_d8,Rotated PL 8D,broad,benefit: mean parental objective minus midpoint objective,126,8.586330112083598,8.586330112083598,0.0,0.96875,0.0,0.03125,1.4735144954137454,4.971745217694739,7.598439176215276,11.601795564590578,17.936476340496853
rotated_anisotropic_pl_d8,Rotated PL 8D,broad,benefit: mean parental objective minus midpoint objective,127,9.163659275320914,9.163659275320914,0.0,0.96875,0.0,0.03125,1.6987797531399984,5.267212625953796,8.32031236760455,12.249991290697004,19.437190340813054
rotated_anisotropic_pl_d8,Rotated PL 8D,clustered,benefit: mean parental objective minus midpoint objective,0,8.974627499328763,8.974627499328763,0.0,0.96875,0.0,0.03125,0.01175080700188147,0.04858769263866236,0.13903342377494354,19.03584767362733,19.737129020596818
rotated_anisotropic_pl_d8,Rotated PL 8D,clustered,benefit: mean parental objective minus midpoint objective,1,9.421248579577862,9.421248579577862,0.0,0.96875,0.0,0.03125,0.015608266529675063,0.054143114821123106,0.20239643668979213,19.001279024496355,19.991703904492585
rotated_anisotropic_pl_d8,Rotated PL 8D,clustered,benefit: mean parental objective minus midpoint objective,2,9.582003404748445,9.582003404748445,0.0,0.96875,0.0,0.03125,0.020046048455377274,0.05801664054170885,0.21633460802819826,19.19453360656739,20.006185114081752
rotated_anisotropic_pl_d8,Rotated PL 8D,clustered,benefit: mean parental objective minus midpoint objective,3,9.151820793134307,9.151820793134307,0.0,0.96875,0.0,0.03125,0.014818533785639687,0.04594057135093266,0.13195596828272826,19.304635625321026,20.416419350569743
rotated_anisotropic_pl_d8,Rotated PL 8D,clustered,benefit: mean parental objective minus midpoint objective,4,9.385329287866163,9.385329287866163,0.0,0.96875,0.0,0.03125,0.018909497683711862,0.05647239279239713,0.18802892936359328,19.005757855892078,20.046384875534446
rotated_anisotropic_pl_d8,Rotated PL 8D,clustered,benefit: mean parental objective minus midpoint objective,5,8.199160614267509,8.199160614267509,0.0,0.96875,0.0,0.03125,0.019384504291945603,0.052037975328747876,0.11335091027564559,18.801009822975697,20.140393201885583
rotated_anisotropic_pl_d8,Rotated PL 8D,clustered,benefit: mean parental objective minus midpoint objective,6,9.57071776642043,9.57071776642043,0.0,0.96875,0.0,0.03125,0.014073913714987896,0.0522668203208525,0.18800054567833158,19.188013540037055,20.051577699020818
rotated_anisotropic_pl_d8,Rotated PL 8D,clustered,benefit: mean parental objective minus midpoint objective,7,9.626599748523109,9.626599748523109,0.0,0.96875,0.0,0.03125,0.016282618826007678,0.05790999692411347,0.1935795683985404,19.280132956177507,20.208572583885655
rotated_anisotropic_pl_d8,Rotated PL 8D,clustered,benefit: mean parental objective minus midpoint objective,8,9.510979737641232,9.510979737641232,0.0,0.96875,0.0,0.03125,0.014273725951031935,0.050659526837669944,0.16531421549193226,19.230558139903756,20.158499372164684
rotated_anisotropic_pl_d8,Rotated PL 8D,clustered,benefit: mean parental objective minus midpoint objective,9,9.741125649155995,9.741125649155995,0.0,0.96875,0.0,0.03125,0.011707747146456171,0.045218160034181665,0.19774744811660838,19.433310611967162,20.4180189576339
rotated_anisotropic_pl_d8,Rotated PL 8D,clustered,benefit: mean parental objective minus midpoint objective,10,9.095182909728672,9.095182909728672,0.0,0.96875,0.0,0.03125,0.0167918113998482,0.047050192440469374,0.12264064300811839,19.34006183283165,20.001502925468337
rotated_anisotropic_pl_d8,Rotated PL 8D,clustered,benefit: mean parental objective minus midpoint objective,11,9.714236575439188,9.714236575439188,0.0,0.96875,0.0,0.03125,0.0141380430671596,0.05811572917445673,0.23150348525484432,19.31553620944851,20.297186682943774
rotated_anisotropic_pl_d8,Rotated PL 8D,clustered,benefit: mean parental objective minus midpoint objective,12,9.725872254475775,9.725872254475775,0.0,0.96875,0.0,0.03125,0.01596605088328218,0.048550801691732204,0.1702397374432394,19.454737721170364,20.5809552462649
rotated_anisotropic_pl_d8,Rotated PL 8D,clustered,benefit: mean parental objective minus midpoint objective,13,9.055878240015193,9.055878240015193,0.0,0.96875,0.0,0.03125,0.011861808726134626,0.055439837956583915,0.141408448093987,19.227429087408908,20.02677654687661
rotated_anisotropic_pl_d8,Rotated PL 8D,clustered,benefit: mean parental objective minus midpoint objective,14,9.603296515328669,9.603296515328669,0.0,0.96875,0.0,0.03125,0.013166819512559158,0.043471538825127,0.14799126546564878,19.48657622221313,20.35265614193458
rotated_anisotropic_pl_d8,Rotated PL 8D,clustered,benefit: mean parental objective minus midpoint objective,15,9.579184060775727,9.579184060775727,0.0,0.96875,0.0,0.03125,0.01618872171417962,0.05325620450274471,0.22864863633326138,19.123301053591764,19.84378848981168
rotated_anisotropic_pl_d8,Rotated PL 8D,clustered,benefit: mean parental objective minus midpoint objective,16,9.464115254161246,9.464115254161246,0.0,0.96875,0.0,0.03125,0.017850017703068488,0.05684945851223944,0.1841112068954729,19.072942969803144,20.2296815766997
rotated_anisotropic_pl_d8,Rotated PL 8D,clustered,benefit: mean parental objective minus midpoint objective,17,9.487804442558167,9.487804442558167,0.0,0.96875,0.0,0.03125,0.010665926279980198,0.044426732366620314,0.1768334758566361,19.159965072674442,20.05782424648989
rotated_anisotropic_pl_d8,Rotated PL 8D,clustered,benefit: mean parental objective minus midpoint objective,18,9.655177008240523,9.655177008240523,0.0,0.96875,0.0,0.03125,0.02362078653282751,0.0685692461979528,0.28934813555890315,19.21299896955601,20.167633310334978
rotated_anisotropic_pl_d8,Rotated PL 8D,clustered,benefit: mean parental objective minus midpoint objective,19,9.046339938952714,9.046339938952714,0.0,0.96875,0.0,0.03125,0.012109898124592178,0.057633323756924426,0.1480488576867387,19.15788650260323,20.138052262674925
rotated_anisotropic_pl_d8,Rotated PL 8D,clustered,benefit: mean parental objective minus midpoint objective,20,9.595917231725888,9.595917231725888,0.0,0.96875,0.0,0.03125,0.016617462156993668,0.05524408799881897,0.22196881499781895,19.170738576614852,19.868823010330274
rotated_anisotropic_pl_d8,Rotated PL 8D,clustered,benefit: mean parental objective minus midpoint objective,21,9.80859469363807,9.80859469363807,0.0,0.96875,0.0,0.03125,0.013276616931200635,0.051797628429266496,0.17481929254114092,19.926216795438396,20.645001340058887
rotated_anisotropic_pl_d8,Rotated PL 8D,clustered,benefit: mean parental objective minus midpoint objective,22,9.429730921285362,9.429730921285362,0.0,0.96875,0.0,0.03125,0.016778435744825515,0.06471171240663054,0.16221840686650424,19.0527099297459,19.847613564836568
rotated_anisotropic_pl_d8,Rotated PL 8D,clustered,benefit: mean parental objective minus midpoint objective,23,9.64217168708219,9.64217168708219,0.0,0.96875,0.0,0.03125,0.014943020330665746,0.05257377070100233,0.3010114846273595,19.242407726035704,20.30158505956627
rotated_anisotropic_pl_d8,Rotated PL 8D,clustered,benefit: mean parental objective minus midpoint objective,24,9.408803102062874,9.408803102062874,0.0,0.96875,0.0,0.03125,0.013823071742802284,0.04928807617228159,0.16154585841475821,19.05302175267321,20.057321455275105
rotated_anisotropic_pl_d8,Rotated PL 8D,clustered,benefit: mean parental objective minus midpoint objective,25,9.579986495263867,9.579986495263867,0.0,0.96875,0.0,0.03125,0.015208573873042752,0.051023549206483665,0.19843460446375616,19.183783408753303,20.03360416965596
rotated_anisotropic_pl_d8,Rotated PL 8D,clustered,benefit: mean parental objective minus midpoint objective,26,9.573157200470396,9.573157200470396,0.0,0.96875,0.0,0.03125,0.011324149844394782,0.04455680925274663,0.2512434064652247,19.092384809569445,20.038723502936097
rotated_anisotropic_pl_d8,Rotated PL 8D,clustered,benefit: mean parental objective minus midpoint objective,27,9.531459686212497,9.531459686212497,0.0,0.96875,0.0,0.03125,0.014086656804643383,0.046819949084149215,0.18535436995678722,19.06833675690352,20.005220895354
rotated_anisotropic_pl_d8,Rotated PL 8D,clustered,benefit: mean parental objective minus midpoint objective,28,9.459635136399854,9.459635136399854,0.0,0.96875,0.0,0.03125,0.016096420980666437,0.052204756983286416,0.1754571157536553,19.1174748430263,20.176973168875694
rotated_anisotropic_pl_d8,Rotated PL 8D,clustered,benefit: mean parental objective minus midpoint objective,29,9.33425619381769,9.33425619381769,0.0,0.96875,0.0,0.03125,0.010193888969180165,0.04769299489130674,0.1619969710005691,18.90982400391546,19.626708164353744
rotated_anisotropic_pl_d8,Rotated PL 8D,clustered,benefit: mean parental objective minus midpoint objective,30,9.555472375968531,9.555472375968531,0.0,0.96875,0.0,0.03125,0.011428284333113936,0.050439475954533464,0.1726845959154737,19.133376246133103,20.053830297277546
rotated_anisotropic_pl_d8,Rotated PL 8D,clustered,benefit: mean parental objective minus midpoint objective,31,9.437659379973638,9.437659379973638,0.0,0.96875,0.0,0.03125,0.01205308824908613,0.044689643593507355,0.1408568288966805,19.12981962213515,20.11640690668317
rotated_anisotropic_pl_d8,Rotated PL 8D,clustered,benefit: mean parental objective minus midpoint objective,32,9.525916323115105,9.525916323115105,0.0,0.96875,0.0,0.03125,0.02108316458251025,0.053439328763957405,0.19309833651359654,19.079053643292855,19.92973990671535
rotated_anisotropic_pl_d8,Rotated PL 8D,clustered,benefit: mean parental objective minus midpoint objective,33,9.185990097972281,9.185990097972281,0.0,0.96875,0.0,0.03125,0.020072272513083078,0.061705509379773815,0.14550350963510894,19.478139651263053,20.71794970424856
rotated_anisotropic_pl_d8,Rotated PL 8D,clustered,benefit: mean parental objective minus midpoint objective,34,9.597485179285705,9.597485179285705,0.0,0.96875,0.0,0.03125,0.011940266858829318,0.04789775343731861,0.1334307456738486,19.40299435403794,20.432527353005895
rotated_anisotropic_pl_d8,Rotated PL 8D,clustered,benefit: mean parental objective minus midpoint objective,35,9.621563269552947,9.621563269552947,0.0,0.96875,0.0,0.03125,0.014992484767134329,0.056143469949102354,0.2923618090253548,19.298686503811876,20.15330674128585
rotated_anisotropic_pl_d8,Rotated PL 8D,clustered,benefit: mean parental objective minus midpoint objective,36,9.412640970541165,9.412640970541165,0.0,0.96875,0.0,0.03125,0.01539143300429302,0.05654905547770994,0.1849584940551452,18.993920215721456,20.04558412729979
rotated_anisotropic_pl_d8,Rotated PL 8D,clustered,benefit: mean parental objective minus midpoint objective,37,9.456614415197123,9.456614415197123,0.0,0.96875,0.0,0.03125,0.01710799995859702,0.05039468807349934,0.27882072752269593,18.913122127340895,19.803884009932975
rotated_anisotropic_pl_d8,Rotated PL 8D,clustered,benefit: mean parental objective minus midpoint objective,38,9.765167929567491,9.765167929567491,0.0,0.96875,0.0,0.03125,0.01613517732764791,0.05250007701442172,0.19591936691632483,19.522966664617755,20.435602276913208
rotated_anisotropic_pl_d8,Rotated PL 8D,clustered,benefit: mean parental objective minus midpoint objective,39,9.664339385939012,9.664339385939012,0.0,0.96875,0.0,0.03125,0.02016763390114562,0.05741716816584841,0.23169116883828877,19.229168484896498,20.29294297054843
rotated_anisotropic_pl_d8,Rotated PL 8D,clustered,benefit: mean parental objective minus midpoint objective,40,9.462108463373426,9.462108463373426,0.0,0.96875,0.0,0.03125,0.014506936418644756,0.06444728442122738,0.18268616500411028,18.93209281680227,19.792546625722313
rotated_anisotropic_pl_d8,Rotated PL 8D,clustered,benefit: mean parental objective minus midpoint objective,41,9.49175718509764,9.49175718509764,0.0,0.96875,0.0,0.03125,0.013180674648069157,0.058685405407363334,0.19361693678738234,19.07965916110705,20.467791326072263
rotated_anisotropic_pl_d8,Rotated PL 8D,clustered,benefit: mean parental objective minus midpoint objective,42,9.308579834784725,9.308579834784725,0.0,0.96875,0.0,0.03125,0.016899418224447516,0.05645520619775013,0.25266980510043524,18.846698626753348,19.60409971475417
rotated_anisotropic_pl_d8,Rotated PL 8D,clustered,benefit: mean parental objective minus midpoint objective,43,8.287489428384607,8.287489428384607,0.0,0.96875,0.0,0.03125,0.013450874404412616,0.03866687151761994,0.08020410674521017,19.07788533948839,20.133206771992064
rotated_anisotropic_pl_d8,Rotated PL 8D,clustered,benefit: mean parental objective minus midpoint objective,44,9.543965281058792,9.543965281058792,0.0,0.96875,0.0,0.03125,0.012481399341229604,0.0451430791963503,0.19829589980283302,19.02228410535674,20.035755866314382
rotated_anisotropic_pl_d8,Rotated PL 8D,clustered,benefit: mean parental objective minus midpoint objective,45,8.928172553437253,8.928172553437253,0.0,0.96875,0.0,0.03125,0.013256459931948683,0.040581374877113774,0.09675107314162901,18.97501339572827,19.723216480890294
rotated_anisotropic_pl_d8,Rotated PL 8D,clustered,benefit: mean parental objective minus midpoint objective,46,9.097595510773527,9.097595510773527,0.0,0.96875,0.0,0.03125,0.012714347093577771,0.044654880918926665,0.11528861667148504,19.22046092106024,20.20162716354984
rotated_anisotropic_pl_d8,Rotated PL 8D,clustered,benefit: mean parental objective minus midpoint objective,47,9.13292668044248,9.13292668044248,0.0,0.96875,0.0,0.03125,0.013299938694597557,0.046894392858984446,0.11984567493949072,19.36792127503428,20.36782610627145
rotated_anisotropic_pl_d8,Rotated PL 8D,clustered,benefit: mean parental objective minus midpoint objective,48,9.04369395581287,9.04369395581287,0.0,0.96875,0.0,0.03125,0.013769291448603838,0.04433122432410386,0.12110985846780409,19.12589051956074,20.23040762636905
rotated_anisotropic_pl_d8,Rotated PL 8D,clustered,benefit: mean parental objective minus midpoint objective,49,9.356876107878909,9.356876107878909,0.0,0.96875,0.0,0.03125,0.01670920701534584,0.06244615403779363,0.21321440725526486,18.927510556886162,19.76599211465715
rotated_anisotropic_pl_d8,Rotated PL 8D,clustered,benefit: mean parental objective minus midpoint objective,50,9.48182917752079,9.48182917752079,0.0,0.96875,0.0,0.03125,0.016239988783190995,0.04766885970778034,0.15462376975641234,19.162057401544835,19.988523749794027
rotated_anisotropic_pl_d8,Rotated PL 8D,clustered,benefit: mean parental objective minus midpoint objective,51,9.528326012872846,9.528326012872846,0.0,0.96875,0.0,0.03125,0.01613684647510283,0.05920930684273884,0.39012136924975493,19.028919095387423,20.05268590286181
rotated_anisotropic_pl_d8,Rotated PL 8D,clustered,benefit: mean parental objective minus midpoint objective,52,9.581977645186416,9.581977645186416,0.0,0.96875,0.0,0.03125,0.010559337009897973,0.05020555653097247,0.14226994166746465,19.476015828345552,20.33529895242227
rotated_anisotropic_pl_d8,Rotated PL 8D,clustered,benefit: mean parental objective minus midpoint objective,53,9.592557200785112,9.592557200785112,0.0,0.96875,0.0,0.03125,0.01239940380623139,0.05174483684500686,0.15267291416913054,19.476321261964845,20.07307315619443
rotated_anisotropic_pl_d8,Rotated PL 8D,clustered,benefit: mean parental objective minus midpoint objective,54,9.391266459871453,9.391266459871453,0.0,0.96875,0.0,0.03125,0.013566879909095775,0.046877011707302074,0.1713438841905628,19.036764455571465,19.729242551419507
rotated_anisotropic_pl_d8,Rotated PL 8D,clustered,benefit: mean parental objective minus midpoint objective,55,9.277780447705538,9.277780447705538,0.0,0.96875,0.0,0.03125,0.01542076644417989,0.0524151977562326,0.1735461171804964,19.07007007013747,20.13122254668686
rotated_anisotropic_pl_d8,Rotated PL 8D,clustered,benefit: mean parental objective minus midpoint objective,56,9.626578698415422,9.626578698415422,0.0,0.96875,0.0,0.03125,0.0169932653825704,0.049392882886927225,0.18547418552701345,19.195268729784633,20.2690687549981
rotated_anisotropic_pl_d8,Rotated PL 8D,clustered,benefit: mean parental objective minus midpoint objective,57,8.689799100663622,8.689799100663622,0.0,0.96875,0.0,0.03125,0.016002142668590125,0.05427655323362046,0.13183183543579702,19.13042234096849,20.0296655502337
rotated_anisotropic_pl_d8,Rotated PL 8D,clustered,benefit: mean parental objective minus midpoint objective,58,9.32792583474839,9.32792583474839,0.0,0.96875,0.0,0.03125,0.014675009972066277,0.05216483086445933,0.14343936831333082,18.88332763268334,19.66475000574487
rotated_anisotropic_pl_d8,Rotated PL 8D,clustered,benefit: mean parental objective minus midpoint objective,59,9.735260697538074,9.735260697538074,0.0,0.96875,0.0,0.03125,0.016020630616093712,0.04506455669007181,0.23183695584555508,19.44120738967724,20.23577689194263
rotated_anisotropic_pl_d8,Rotated PL 8D,clustered,benefit: mean parental objective minus midpoint objective,60,8.278070044012175,8.278070044012175,0.0,0.96875,0.0,0.03125,0.01447687309668666,0.04816379471016674,0.1401117740356952,18.89663771928626,20.183408228339268
rotated_anisotropic_pl_d8,Rotated PL 8D,clustered,benefit: mean parental objective minus midpoint objective,61,9.425857599208783,9.425857599208783,0.0,0.96875,0.0,0.03125,0.015461412595918489,0.04878612411071259,0.2165325171379493,18.69865106531629,19.688915374978198
rotated_anisotropic_pl_d8,Rotated PL 8D,clustered,benefit: mean parental objective minus midpoint objective,62,9.608035010168516,9.608035010168516,0.0,0.96875,0.0,0.03125,0.019005970766158953,0.058504302934842656,0.2478987120645364,19.310183536074998,19.82580426763903
rotated_anisotropic_pl_d8,Rotated PL 8D,clustered,benefit: mean parental objective minus midpoint objective,63,9.365326236539785,9.365326236539785,0.0,0.96875,0.0,0.03125,0.015198056088820522,0.04900941104909151,0.16028799439971309,18.844866069078606,19.988797210489324
rotated_anisotropic_pl_d8,Rotated PL 8D,clustered,benefit: mean parental objective minus midpoint objective,64,8.683707203717834,8.683707203717834,0.0,0.96875,0.0,0.03125,0.012440261574489853,0.04933962712828688,0.12024265709524684,19.020750224452673,20.184155709271266
rotated_anisotropic_pl_d8,Rotated PL 8D,clustered,benefit: mean parental objective minus midpoint objective,65,9.434131612267167,9.434131612267167,0.0,0.96875,0.0,0.03125,0.015590521743241936,0.05299049282238144,0.26850439319195374,18.86558152040619,19.625449660617235
rotated_anisotropic_pl_d8,Rotated PL 8D,clustered,benefit: mean parental objective minus midpoint objective,66,9.2528954795811,9.2528954795811,0.0,0.96875,0.0,0.03125,0.014941442250794523,0.051177208621481896,0.1454742531227886,19.089058316540047,19.94527032175325
rotated_anisotropic_pl_d8,Rotated PL 8D,clustered,benefit: mean parental objective minus midpoint objective,67,9.313309199010213,9.313309199010213,0.0,0.96875,0.0,0.03125,0.011232839535995964,0.04415220826070865,0.1107218223075499,19.05149635684617,20.27553091853769
rotated_anisotropic_pl_d8,Rotated PL 8D,clustered,benefit: mean parental objective minus midpoint objective,68,9.606113996552413,9.606113996552413,0.0,0.96875,0.0,0.03125,0.018474750871313006,0.053662304569861874,0.20033988106250433,19.13894919592383,20.20602246850678
rotated_anisotropic_pl_d8,Rotated PL 8D,clustered,benefit: mean parental objective minus midpoint objective,69,9.621288878345347,9.621288878345347,0.0,0.96875,0.0,0.03125,0.02221181799080796,0.06649769722136156,0.3076812612094031,19.188371764534562,20.295252332874536
rotated_anisotropic_pl_d8,Rotated PL 8D,clustered,benefit: mean parental objective minus midpoint objective,70,9.272177090935575,9.272177090935575,0.0,0.96875,0.0,0.03125,0.015649469892753842,0.05094089319707962,0.146601318080684,19.07392221687456,20.001153948627728
rotated_anisotropic_pl_d8,Rotated PL 8D,clustered,benefit: mean parental objective minus midpoint objective,71,9.566218461465324,9.566218461465324,0.0,0.96875,0.0,0.03125,0.018498499102072685,0.05806074360135227,0.25691863199727294,19.12734153887816,19.989804476733216
rotated_anisotropic_pl_d8,Rotated PL 8D,clustered,benefit: mean parental objective minus midpoint objective,72,9.365750575176211,9.365750575176211,0.0,0.96875,0.0,0.03125,0.015401429539256384,0.055505019871795014,0.15865939971128995,18.904328529503672,20.203601199861826
rotated_anisotropic_pl_d8,Rotated PL 8D,clustered,benefit: mean parental objective minus midpoint objective,73,9.575440962996618,9.575440962996618,0.0,0.96875,0.0,0.03125,0.017778231238683162,0.05774178385862072,0.23971567134641703,19.20645498621613,20.268649465559406
rotated_anisotropic_pl_d8,Rotated PL 8D,clustered,benefit: mean parental objective minus midpoint objective,74,9.035730228775837,9.035730228775837,0.0,0.96875,0.0,0.03125,0.012153207682967349,0.04114796942763732,0.0994511565113072,19.176551745276253,20.207713737834595
rotated_anisotropic_pl_d8,Rotated PL 8D,clustered,benefit: mean parental objective minus midpoint objective,75,9.656782340200921,9.656782340200921,0.0,0.96875,0.0,0.03125,0.012067019768057463,0.046696458038571365,0.23561556374545134,19.199176049970973,20.146643371800046
rotated_anisotropic_pl_d8,Rotated PL 8D,clustered,benefit: mean parental objective minus midpoint objective,76,9.473898921161016,9.473898921161016,0.0,0.96875,0.0,0.03125,0.011698287801269913,0.03485490970582461,0.13726675492513607,19.13553788739748,20.11194913843925
rotated_anisotropic_pl_d8,Rotated PL 8D,clustered,benefit: mean parental objective minus midpoint objective,77,9.504074777219241,9.504074777219241,0.0,0.96875,0.0,0.03125,0.015304320233187951,0.055470239589890724,0.19647413539671987,19.177734632661547,20.307957477348616
rotated_anisotropic_pl_d8,Rotated PL 8D,clustered,benefit: mean parental objective minus midpoint objective,78,8.58656519671474,8.58656519671474,0.0,0.96875,0.0,0.03125,0.014091233896600386,0.043766366491418296,0.10194187090657891,18.892321786317375,19.608330748548845
rotated_anisotropic_pl_d8,Rotated PL 8D,clustered,benefit: mean parental objective minus midpoint objective,79,8.218002293841412,8.218002293841412,0.0,0.96875,0.0,0.03125,0.014497686403203147,0.04765922311518267,0.10502119156203449,18.903676098833447,19.77475475213959
rotated_anisotropic_pl_d8,Rotated PL 8D,clustered,benefit: mean parental objective minus midpoint objective,80,9.250983183254062,9.250983183254062,0.0,0.96875,0.0,0.03125,0.017619429095383055,0.05149585172029347,0.13206096299251868,19.035879668609773,19.884682218111916
rotated_anisotropic_pl_d8,Rotated PL 8D,clustered,benefit: mean parental objective minus midpoint objective,81,9.539052574532388,9.539052574532388,0.0,0.96875,0.0,0.03125,0.01086229231832192,0.047680244252749304,0.20002094702690698,19.04601788542603,20.02318058914556
rotated_anisotropic_pl_d8,Rotated PL 8D,clustered,benefit: mean parental objective minus midpoint objective,82,9.619713060019901,9.619713060019901,0.0,0.96875,0.0,0.03125,0.0136727502573315,0.053440812940536375,0.19482352297873007,19.46884409234002,20.34577510980046
rotated_anisotropic_pl_d8,Rotated PL 8D,clustered,benefit: mean parental objective minus midpoint objective,83,9.547572056843775,9.547572056843775,0.0,0.96875,0.0,0.03125,0.011681582222880849,0.04656722837094307,0.2372798773364373,19.02463213251807,19.94405150716046
rotated_anisotropic_pl_d8,Rotated PL 8D,clustered,benefit: mean parental objective minus midpoint objective,84,9.603100459283194,9.603100459283194,0.0,0.96875,0.0,0.03125,0.01683253837540022,0.05592967473710786,0.17828236772142247,19.140999075592475,20.22837209527892
rotated_anisotropic_pl_d8,Rotated PL 8D,clustered,benefit: mean parental objective minus midpoint objective,85,9.476976209776113,9.476976209776113,0.0,0.96875,0.0,0.03125,0.01687508567927054,0.05501108509208663,0.1809798700305123,18.894946219164556,19.923632330995837
rotated_anisotropic_pl_d8,Rotated PL 8D,clustered,benefit: mean parental objective minus midpoint objective,86,9.465769874902033,9.465769874902033,0.0,0.96875,0.0,0.03125,0.012148703747513423,0.04892507711648264,0.1859530102274327,18.94909399769827,19.564336661222598
rotated_anisotropic_pl_d8,Rotated PL 8D,clustered,benefit: mean parental objective minus midpoint objective,87,9.671593727151993,9.671593727151993,0.0,0.96875,0.0,0.03125,0.013993432202816791,0.04790903411144143,0.19120543970141313,19.316585477833325,20.31946049581563
rotated_anisotropic_pl_d8,Rotated PL 8D,clustered,benefit: mean parental objective minus midpoint objective,88,9.23897656916671,9.23897656916671,0.0,0.96875,0.0,0.03125,0.011933521061891383,0.041880006615041765,0.12482586742470048,19.042044467123976,20.01307321294157
rotated_anisotropic_pl_d8,Rotated PL 8D,clustered,benefit: mean parental objective minus midpoint objective,89,9.198850203724835,9.198850203724835,0.0,0.96875,0.0,0.03125,0.009749642891360821,0.05424474989039396,0.1689464358407271,18.938127080959365,20.15008693711586
rotated_anisotropic_pl_d8,Rotated PL 8D,clustered,benefit: mean parental objective minus midpoint objective,90,9.14530786924588,9.14530786924588,0.0,0.96875,0.0,0.03125,0.012849176564479592,0.0515382155320836,0.13749313438031763,19.406767162542078,20.19672966591769
rotated_anisotropic_pl_d8,Rotated PL 8D,clustered,benefit: mean parental objective minus midpoint objective,91,9.553052427207103,9.553052427207103,0.0,0.96875,0.0,0.03125,0.015370179860727973,0.05074110789828978,0.20260487518923753,19.125760082040014,20.018309128055723
rotated_anisotropic_pl_d8,Rotated PL 8D,clustered,benefit: mean parental objective minus midpoint objective,92,9.56713698312595,9.56713698312595,0.0,0.96875,0.0,0.03125,0.012701318317070331,0.04493024009495983,0.18760212435643808,19.33743381267365,20.244767786578407
rotated_anisotropic_pl_d8,Rotated PL 8D,clustered,benefit: mean parental objective minus midpoint objective,93,9.66762355549223,9.66762355549223,0.0,0.96875,0.0,0.03125,0.015511825849991112,0.05380298732011113,0.1787909396123446,19.36335446419094,20.365880678543224
rotated_anisotropic_pl_d8,Rotated PL 8D,clustered,benefit: mean parental objective minus midpoint objective,94,9.614429280061056,9.614429280061056,0.0,0.96875,0.0,0.03125,0.0147765940990503,0.048787897037460226,0.16238258252335314,19.09021192453138,20.092150442305904
rotated_anisotropic_pl_d8,Rotated PL 8D,clustered,benefit: mean parental objective minus midpoint objective,95,9.016971500322569,9.016971500322569,0.0,0.96875,0.0,0.03125,0.01466241515150557,0.059035728726616554,0.14385827016293362,19.00845886437149,20.217602309196177
rotated_anisotropic_pl_d8,Rotated PL 8D,clustered,benefit: mean parental objective minus midpoint objective,96,9.456451320903177,9.456451320903177,0.0,0.96875,0.0,0.03125,0.012472661305601207,0.04613228772677047,0.1397851998618478,19.527954473362417,20.398419015390637
rotated_anisotropic_pl_d8,Rotated PL 8D,clustered,benefit: mean parental objective minus midpoint objective,97,9.363186794822049,9.363186794822049,0.0,0.96875,0.0,0.03125,0.01609659266937058,0.04317067763322768,0.10795937842180692,19.21153539122022,20.51345931388021
rotated_anisotropic_pl_d8,Rotated PL 8D,clustered,benefit: mean parental objective minus midpoint objective,98,8.6320208150307,8.6320208150307,0.0,0.96875,0.0,0.03125,0.012356458552758909,0.050219733947514555,0.1098024753025264,18.955242241161347,19.864205294946125
rotated_anisotropic_pl_d8,Rotated PL 8D,clustered,benefit: mean parental objective minus midpoint objective,99,8.261914876860956,8.261914876860956,0.0,0.96875,0.0,0.03125,0.016852023479533074,0.05300249438068505,0.11271721734735607,18.98679010769231,19.94783904112555
rotated_anisotropic_pl_d8,Rotated PL 8D,clustered,benefit: mean parental objective minus midpoint objective,100,9.21287340645427,9.21287340645427,0.0,0.96875,0.0,0.03125,0.016040538803068216,0.049544296100680896,0.16372494156589568,19.53097745988788,20.51952050513696
rotated_anisotropic_pl_d8,Rotated PL 8D,clustered,benefit: mean parental objective minus midpoint objective,101,8.751230589809206,8.751230589809206,0.0,0.96875,0.0,0.03125,0.022191307201804733,0.06684057468185856,0.1601551798751295,19.18098061586934,20.165449226452594
rotated_anisotropic_pl_d8,Rotated PL 8D,clustered,benefit: mean parental objective minus midpoint objective,102,9.703377541471001,9.703377541471001,0.0,0.96875,0.0,0.03125,0.012860208168007148,0.044245549770632664,0.19841687537615016,19.365485341774587,20.124760434468598
rotated_anisotropic_pl_d8,Rotated PL 8D,clustered,benefit: mean parental objective minus midpoint objective,103,9.676426114885476,9.676426114885476,0.0,0.96875,0.0,0.03125,0.017820349133362612,0.05908297350066505,0.2625863866220257,19.213741230339835,20.394195842007893
rotated_anisotropic_pl_d8,Rotated PL 8D,clustered,benefit: mean parental objective minus midpoint objective,104,9.518919589890366,9.518919589890366,0.0,0.96875,0.0,0.03125,0.014483472887150128,0.05101859532716091,0.16777382383416395,19.060895098452594,19.841498914712574
rotated_anisotropic_pl_d8,Rotated PL 8D,clustered,benefit: mean parental objective minus midpoint objective,105,9.238928320630805,9.238928320630805,0.0,0.96875,0.0,0.03125,0.01883311046390901,0.05505728492256878,0.16303407115314172,19.031096659833747,19.810439684832932
rotated_anisotropic_pl_d8,Rotated PL 8D,clustered,benefit: mean parental objective minus midpoint objective,106,9.62922692061252,9.62922692061252,0.0,0.96875,0.0,0.03125,0.011886114410369686,0.03934503202636819,0.17641905473709585,19.25332637370087,20.100182398553187
rotated_anisotropic_pl_d8,Rotated PL 8D,clustered,benefit: mean parental objective minus midpoint objective,107,9.456550831124138,9.456550831124138,0.0,0.96875,0.0,0.03125,0.01894734937568998,0.060172966774885595,0.23916604567466848,18.95406745386668,20.067676956953754
rotated_anisotropic_pl_d8,Rotated PL 8D,clustered,benefit: mean parental objective minus midpoint objective,108,9.566087441940025,9.566087441940025,0.0,0.96875,0.0,0.03125,0.01317219374303491,0.05204081039921249,0.23342450137495874,19.11857952182232,19.96992942650509
rotated_anisotropic_pl_d8,Rotated PL 8D,clustered,benefit: mean parental objective minus midpoint objective,109,9.285413236929635,9.285413236929635,0.0,0.96875,0.0,0.03125,0.012870357298581325,0.04008831277612401,0.14344513782233648,19.109239173160937,20.168357364457066
rotated_anisotropic_pl_d8,Rotated PL 8D,clustered,benefit: mean parental objective minus midpoint objective,110,9.388615779245193,9.388615779245193,0.0,0.96875,0.0,0.03125,0.020988529619529572,0.06548282267851135,0.26261711718950664,18.784104188059924,19.687433963096456
rotated_anisotropic_pl_d8,Rotated PL 8D,clustered,benefit: mean parental objective minus midpoint objective,111,9.241594460192163,9.241594460192163,0.0,0.96875,0.0,0.03125,0.014200842163504035,0.04714592368735282,0.16648252000166863,19.018528078495983,20.057331378121003
rotated_anisotropic_pl_d8,Rotated PL 8D,clustered,benefit: mean parental objective minus midpoint objective,112,9.585978833829657,9.585978833829657,0.0,0.96875,0.0,0.03125,0.016036718548789963,0.05235209430500731,0.24350951162971413,19.16690096744316,20.147003969834305
rotated_anisotropic_pl_d8,Rotated PL 8D,clustered,benefit: mean parental objective minus midpoint objective,113,9.649328570844414,9.649328570844414,0.0,0.96875,0.0,0.03125,0.012658637044339116,0.04030936984277034,0.24890126017622194,19.259044414993078,20.165360892167175
rotated_anisotropic_pl_d8,Rotated PL 8D,clustered,benefit: mean parental objective minus midpoint objective,114,9.449434764385536,9.449434764385536,0.0,0.96875,0.0,0.03125,0.012758642568702072,0.05120646450511046,0.13050792807444722,19.445414509945426,20.51166225587408
rotated_anisotropic_pl_d8,Rotated PL 8D,clustered,benefit: mean parental objective minus midpoint objective,115,9.095348320853118,9.095348320853118,0.0,0.96875,0.0,0.03125,0.015787661210456605,0.054302945274987025,0.14595883643289298,19.239772949215272,20.170931895956482
rotated_anisotropic_pl_d8,Rotated PL 8D,clustered,benefit: mean parental objective minus midpoint objective,116,9.699511818725536,9.699511818725536,0.0,0.96875,0.0,0.03125,0.012521843605163951,0.0483627857197817,0.20745926832522343,19.34452476502944,20.177834224188647
rotated_anisotropic_pl_d8,Rotated PL 8D,clustered,benefit: mean parental objective minus midpoint objective,117,9.557499359519428,9.557499359519428,0.0,0.96875,0.0,0.03125,0.011676803869644203,0.04704373174746834,0.1625627753985519,19.334526214397712,20.136205760928302
rotated_anisotropic_pl_d8,Rotated PL 8D,clustered,benefit: mean parental objective minus midpoint objective,118,8.63328903062164,8.63328903062164,0.0,0.96875,0.0,0.03125,0.013518511174417824,0.04866307042461315,0.10249054519102785,18.97934864267998,19.825128631775762
rotated_anisotropic_pl_d8,Rotated PL 8D,clustered,benefit: mean parental objective minus midpoint objective,119,9.674223658344633,9.674223658344633,0.0,0.96875,0.0,0.03125,0.016613864113619314,0.053114695487138874,0.25325408799773186,19.264509784243877,20.161216351823125
rotated_anisotropic_pl_d8,Rotated PL 8D,clustered,benefit: mean parental objective minus midpoint objective,120,8.71700839897899,8.71700839897899,0.0,0.96875,0.0,0.03125,0.017176905474372006,0.05782761756062271,0.14926873869304202,19.20456432973538,20.028309405095072
rotated_anisotropic_pl_d8,Rotated PL 8D,clustered,benefit: mean parental objective minus midpoint objective,121,9.757937264775203,9.757937264775203,0.0,0.96875,0.0,0.03125,0.013686034028264515,0.05673508956381923,0.2293621830516379,19.516421283187846,20.33910787746494
rotated_anisotropic_pl_d8,Rotated PL 8D,clustered,benefit: mean parental objective minus midpoint objective,122,9.453404581552775,9.453404581552775,0.0,0.96875,0.0,0.03125,0.013964952165064659,0.0477130309474596,0.10551161705349799,19.486350601308775,20.648328448657505
rotated_anisotropic_pl_d8,Rotated PL 8D,clustered,benefit: mean parental objective minus midpoint objective,123,8.938075944948192,8.938075944948192,0.0,0.96875,0.0,0.03125,0.015059432810321738,0.052403132579222245,0.13148673341890316,18.91827903597487,19.913345713986363
rotated_anisotropic_pl_d8,Rotated PL 8D,clustered,benefit: mean parental objective minus midpoint objective,124,9.510781181827738,9.510781181827738,0.0,0.96875,0.0,0.03125,0.01359766608818802,0.04480733026103678,0.12908635617160513,19.11133962273714,19.805425577009316
rotated_anisotropic_pl_d8,Rotated PL 8D,clustered,benefit: mean parental objective minus midpoint objective,125,9.269004704261578,9.269004704261578,0.0,0.96875,0.0,0.03125,0.014597354851705546,0.04319107125187571,0.12088669443122413,19.074586699619477,20.146873312785008
rotated_anisotropic_pl_d8,Rotated PL 8D,clustered,benefit: mean parental objective minus midpoint objective,126,9.180100944551848,9.180100944551848,0.0,0.96875,0.0,0.03125,0.01568809569936036,0.05935506621607445,0.15132282079271064,18.92846789807494,19.790119792165957
rotated_anisotropic_pl_d8,Rotated PL 8D,clustered,benefit: mean parental objective minus midpoint objective,127,9.620698689022728,9.620698689022728,0.0,0.96875,0.0,0.03125,0.01313727921345631,0.04875357894926324,0.17223244875379606,19.28180772892064,20.344018876378335
quartic_d4,Quartic 4D,broad,benefit: mean parental objective minus midpoint objective,0,16.17639867621974,16.229812790837663,-0.05341411461792199,0.900390625,0.068359375,0.03125,-0.3916322542150681,1.9800300305900196,8.242373285660427,17.99562458610087,76.40932973040002
quartic_d4,Quartic 4D,broad,benefit: mean parental objective minus midpoint objective,1,22.981251541262928,23.000575120469627,-0.01932357920670062,0.939453125,0.029296875,0.03125,0.0,3.834040915797848,16.25815683513727,37.71292467299984,64.02964925489636
quartic_d4,Quartic 4D,broad,benefit: mean parental objective minus midpoint objective,2,24.385218660784396,24.407579878396522,-0.02236121761212799,0.92578125,0.04296875,0.03125,0.0,3.21001890711515,11.737380861269667,25.090163201624208,131.6807026635159
quartic_d4,Quartic 4D,broad,benefit: mean parental objective minus midpoint objective,3,14.096315249342803,14.109133830316006,-0.012818580973202435,0.94140625,0.02734375,0.03125,0.0,2.680991733334558,9.58621007022983,20.63455566961293,45.79014675373969
quartic_d4,Quartic 4D,broad,benefit: mean parental objective minus midpoint objective,4,14.002882414628267,14.054978972218855,-0.052096557590589634,0.904296875,0.064453125,0.03125,-0.20381887759859674,2.6449312857881013,8.405298798107381,19.84229528581012,48.81427018480569
quartic_d4,Quartic 4D,broad,benefit: mean parental objective minus midpoint objective,5,8.85911521589496,8.938993517984883,-0.0798783020899245,0.865234375,0.103515625,0.03125,-0.6371469369787959,1.171513565483132,4.440052571541209,15.286629019313118,26.61778618905244
quartic_d4,Quartic 4D,broad,benefit: mean parental objective minus midpoint objective,6,13.641937484617984,13.681719730648062,-0.03978224603007868,0.91015625,0.05859375,0.03125,-0.15813362096518757,1.6691068456309734,7.0578110517549195,15.43050194002243,70.07676872106339
quartic_d4,Quartic 4D,broad,benefit: mean parental objective minus midpoint objective,7,8.216714848503237,8.255799177968001,-0.03908432946476416,0.890625,0.078125,0.03125,-0.2985299744513661,1.1804999640128697,4.367891835436021,10.649520350050324,34.99209420873406
quartic_d4,Quartic 4D,broad,benefit: mean parental objective minus midpoint objective,8,18.4114157568484,18.443373575353473,-0.031957818505071796,0.91796875,0.05078125,0.03125,-0.01283022100776332,3.6275532667850223,10.141065970089612,25.47245719083966,65.32556626676048
quartic_d4,Quartic 4D,broad,benefit: mean parental objective minus midpoint objective,9,17.80636831132724,17.86041929224533,-0.05405098091808987,0.888671875,0.080078125,0.03125,-0.4452064505174427,2.178448123133516,7.933913590190402,20.897595669526073,67.47930061102457
quartic_d4,Quartic 4D,broad,benefit: mean parental objective minus midpoint objective,10,22.432258709835363,22.455815352729818,-0.02355664289445611,0.919921875,0.048828125,0.03125,0.0,2.452951777439827,10.489402646319995,26.96995162041372,105.36285401501064
quartic_d4,Quartic 4D,broad,benefit: mean parental objective minus midpoint objective,11,17.47119050370864,17.514606711981244,-0.04341620827260613,0.908203125,0.060546875,0.03125,-0.2049379354922345,3.302712474959727,10.711752052482483,24.706260482263993,60.45064238779921
quartic_d4,Quartic 4D,broad,benefit: mean parental objective minus midpoint objective,12,22.129222604931165,22.15471625252526,-0.02549364759409436,0.923828125,0.044921875,0.03125,0.0,3.9697867627095462,16.463746866313432,30.2579394977939,68.29008994742654
quartic_d4,Quartic 4D,broad,benefit: mean parental objective minus midpoint objective,13,12.794449314233045,12.841541430243325,-0.04709211601027777,0.90234375,0.06640625,0.03125,-0.21188946644433138,2.8053595052299514,10.155943578672183,16.51173931909318,40.00488719762877
quartic_d4,Quartic 4D,broad,benefit: mean parental objective minus midpoint objective,14,8.477114270417038,8.51933461957346,-0.04222034915642108,0.900390625,0.068359375,0.03125,-0.2520296960933912,1.8371425403915511,7.65801481552403,13.755925844699084,22.545140892579443
quartic_d4,Quartic 4D,broad,benefit: mean parental objective minus midpoint objective,15,20.22225023489071,20.296370830695828,-0.07412059580511968,0.87109375,0.09765625,0.03125,-0.6222569096668447,1.7234210888617516,11.718131234246684,24.817287484084815,78.80683898233241
quartic_d4,Quartic 4D,broad,benefit: mean parental objective minus midpoint objective,16,6.99755122456239,7.123017415750073,-0.12546619118768365,0.79296875,0.17578125,0.03125,-0.9848573426149385,0.35528042446411234,3.4862122385269325,9.285305440706075,32.40603849970812
quartic_d4,Quartic 4D,broad,benefit: mean parental objective minus midpoint objective,17,13.962155165402372,14.019900468366425,-0.05774530296405263,0.8828125,0.0859375,0.03125,-0.47749971438622607,2.6458274754305595,8.528385470563151,20.624997887715878,46.52456276430422
quartic_d4,Quartic 4D,broad,benefit: mean parental objective minus midpoint objective,18,20.175610674813086,20.222835444403476,-0.04722476959038974,0.916015625,0.052734375,0.03125,-0.11907540307484665,3.5325349852152392,11.937329702504325,26.029488254760548,80.34400606535937
quartic_d4,Quartic 4D,broad,benefit: mean parental objective minus midpoint objective,19,13.744778090472193,13.798667865061049,-0.0538897745888537,0.89453125,0.07421875,0.03125,-0.4314344476550538,2.265897560308476,9.299642339813513,21.4493857535018,41.13570801768446
quartic_d4,Quartic 4D,broad,benefit: mean parental objective minus midpoint objective,20,8.084253748578718,8.194405467707206,-0.1101517191284873,0.798828125,0.169921875,0.03125,-0.9161385392183243,0.3403262567243708,4.23424464170684,10.06748772566849,38.871362001177836
quartic_d4,Quartic 4D,broad,benefit: mean parental objective minus midpoint objective,21,14.924636191700099,14.980048495751479,-0.055412304051380167,0.900390625,0.068359375,0.03125,-0.3103056269601434,2.241410444457223,8.619552371284264,17.89488183522858,64.03366448620156
quartic_d4,Quartic 4D,broad,benefit: mean parental objective minus midpoint objective,22,12.33376203439099,12.383102029819282,-0.04933999542829249,0.8828125,0.0859375,0.03125,-0.4237013903804421,1.5296562078736593,6.844931431410646,13.910677327870944,53.87871439836008
quartic_d4,Quartic 4D,broad,benefit: mean parental objective minus midpoint objective,23,12.05564598559259,12.113992683740449,-0.058346698147857756,0.884765625,0.083984375,0.03125,-0.4686533593242175,1.5204857596838384,7.71289956090519,20.63944682912606,33.78292775617478
quartic_d4,Quartic 4D,broad,benefit: mean parental objective minus midpoint objective,24,16.92608430225506,16.948437988072662,-0.022353685817602196,0.9296875,0.0390625,0.03125,0.0,3.6425211064167655,11.610685831209508,23.311897628601997,58.935332537509446
quartic_d4,Quartic 4D,broad,benefit: mean parental objective minus midpoint objective,25,11.103535609617882,11.20228845011368,-0.0987528404957985,0.814453125,0.154296875,0.03125,-0.7749110916274824,0.5414858930132194,3.3676244199011425,17.31020049134232,45.006983912600596
quartic_d4,Quartic 4D,broad,benefit: mean parental objective minus midpoint objective,26,20.572933745348564,20.618761932550257,-0.04582818720169202,0.896484375,0.072265625,0.03125,-0.34235009705611663,2.232015693300803,11.246694876588874,32.82476079774087,72.46320032150633
quartic_d4,Quartic 4D,broad,benefit: mean parental objective minus midpoint objective,27,22.507539704359164,22.52332598284017,-0.015786278481006007,0.94140625,0.02734375,0.03125,0.0,5.247795938421957,11.194487124997801,26.934513143144947,86.4645223742006
quartic_d4,Quartic 4D,broad,benefit: mean parental objective minus midpoint objective,28,15.534479331489349,15.617679735822021,-0.0832004043326747,0.87109375,0.09765625,0.03125,-0.7658490085091805,1.457286300608145,7.956572354238441,24.920819678156743,53.10307014237041
quartic_d4,Quartic 4D,broad,benefit: mean parental objective minus midpoint objective,29,16.908125709006246,16.963285407628103,-0.055159698621853714,0.884765625,0.083984375,0.03125,-0.4785587248339751,1.783352211255913,7.132941759984464,17.640567834188985,105.50445680625788
quartic_d4,Quartic 4D,broad,benefit: mean parental objective minus midpoint objective,30,17.507320879630996,17.592702220785725,-0.08538134115472648,0.86328125,0.10546875,0.03125,-0.8037808922513587,1.753318520154977,10.36229814871117,28.152167473195462,58.64177852875809
quartic_d4,Quartic 4D,broad,benefit: mean parental objective minus midpoint objective,31,21.203379703485744,21.236786055334974,-0.033406351849227967,0.923828125,0.044921875,0.03125,0.0,4.198021880289906,10.696525576953038,28.209082143285446,80.80128894806732
quartic_d4,Quartic 4D,broad,benefit: mean parental objective minus midpoint objective,32,17.093613510391542,17.11654815554831,-0.022934645156766676,0.939453125,0.029296875,0.03125,0.0,2.3895195932331035,6.6782712759532314,20.324615692728127,76.61304226551962
quartic_d4,Quartic 4D,broad,benefit: mean parental objective minus midpoint objective,33,12.73562569250548,12.817614351642394,-0.08198865913691707,0.84765625,0.12109375,0.03125,-0.7479256752428554,1.2610604723005672,6.056101522721354,13.035398441725075,67.07693269299304
quartic_d4,Quartic 4D,broad,benefit: mean parental objective minus midpoint objective,34,13.366685588044657,13.41457132560035,-0.047885737555695904,0.89453125,0.07421875,0.03125,-0.34392999846649275,1.9521922520291337,5.560826113531334,12.6189639277783,62.991817923935415
quartic_d4,Quartic 4D,broad,benefit: mean parental objective minus midpoint objective,35,10.797628295323745,10.810924181223378,-0.01329588589963128,0.93359375,0.03515625,0.03125,0.0,2.3921300633821625,7.846767028068947,14.611337372131768,34.93683415245347
quartic_d4,Quartic 4D,broad,benefit: mean parental objective minus midpoint objective,36,18.386754729426972,18.417420436886886,-0.030665707459909954,0.91796875,0.05078125,0.03125,-0.029879659405070758,2.8567421102490744,10.671111765756162,28.455178158474453,67.27831243749472
quartic_d4,Quartic 4D,broad,benefit: mean parental objective minus midpoint objective,37,13.230783715981437,13.291196668077172,-0.06041295209573556,0.875,0.09375,0.03125,-0.5103676493283538,1.7622388610832476,7.6909152733270325,18.80261196613786,49.00006350654604
quartic_d4,Quartic 4D,broad,benefit: mean parental objective minus midpoint objective,38,19.202115280705463,19.244342093490378,-0.042226812784915524,0.908203125,0.060546875,0.03125,-0.1780414447127754,2.89509612936536,9.931973940950627,26.770261814159408,72.27051075352372
quartic_d4,Quartic 4D,broad,benefit: mean parental objective minus midpoint objective,39,32.364003534114346,32.37793587730461,-0.013932343190257032,0.943359375,0.025390625,0.03125,0.0,4.383564788222261,10.966688888737997,24.23870476785097,212.99929355245297
quartic_d4,Quartic 4D,broad,benefit: mean parental objective minus midpoint objective,40,14.863940436153465,14.98288275214868,-0.11894231599521696,0.806640625,0.162109375,0.03125,-1.0448186873014231,0.4315884291221126,8.273328110453178,25.245727757946153,53.981834549178124
quartic_d4,Quartic 4D,broad,benefit: mean parental objective minus midpoint objective,41,15.782695360798936,15.845790624400255,-0.06309526360131852,0.884765625,0.083984375,0.03125,-0.43427295317291237,2.2812447043666264,8.74208479825287,18.965239018110942,56.655333124424644
quartic_d4,Quartic 4D,broad,benefit: mean parental objective minus midpoint objective,42,21.7346130675488,21.746058437173186,-0.011445369624384739,0.93359375,0.03515625,0.03125,0.0,4.422517432732574,12.065930274701532,24.765730856498145,80.06115134087632
quartic_d4,Quartic 4D,broad,benefit: mean parental objective minus midpoint objective,43,19.279030027019125,19.36942652544936,-0.09039649843023137,0.85546875,0.11328125,0.03125,-0.8564170091376235,2.2546215610364615,9.969321466012428,25.77759900990467,77.07596315202017
quartic_d4,Quartic 4D,broad,benefit: mean parental objective minus midpoint objective,44,25.528368838664264,25.587431831442103,-0.0590629927778409,0.87109375,0.09765625,0.03125,-0.5047014301149337,3.1232205093318237,14.41235379064067,27.235891551489765,117.05104014205787
quartic_d4,Quartic 4D,broad,benefit: mean parental objective minus midpoint objective,45,23.766438367063966,23.81181541168089,-0.04537704461692265,0.875,0.09375,0.03125,-0.4473910737975584,2.7606235155998933,11.480051398516295,30.442162593239146,113.41441941877804
quartic_d4,Quartic 4D,broad,benefit: mean parental objective minus midpoint objective,46,16.732097853144268,16.791757828560748,-0.05965997541648057,0.869140625,0.099609375,0.03125,-0.47159484382388905,1.411556351281382,7.577215910322579,25.120733097514975,64.71346504236797
quartic_d4,Quartic 4D,broad,benefit: mean parental objective minus midpoint objective,47,18.15984704028527,18.215982753715398,-0.056135713430128034,0.888671875,0.080078125,0.03125,-0.4208937166080844,2.943179659636007,9.20195736549973,24.23494577041687,71.77386672204081
quartic_d4,Quartic 4D,broad,benefit: mean parental objective minus midpoint objective,48,7.011115562445226,7.07444433145707,-0.0633287690118445,0.869140625,0.099609375,0.03125,-0.5342643885146963,1.6358080077422112,4.308128264448186,8.533491707997747,26.639126014587724
quartic_d4,Quartic 4D,broad,benefit: mean parental objective minus midpoint objective,49,17.14053781762816,17.171953117672537,-0.03141530004437758,0.921875,0.046875,0.03125,0.0,2.858629249671667,10.214221474314193,22.921771792476644,72.62242357694392
quartic_d4,Quartic 4D,broad,benefit: mean parental objective minus midpoint objective,50,28.369619753784544,28.433820920807413,-0.06420116702287273,0.888671875,0.080078125,0.03125,-0.4709789558068094,5.023076477844736,21.577790358185034,42.06701463968327,93.48031666648907
quartic_d4,Quartic 4D,broad,benefit: mean parental objective minus midpoint objective,51,14.44025787357028,14.4751360709273,-0.03487819735702079,0.900390625,0.068359375,0.03125,-0.20593037569384753,1.8803886777785932,10.903482355179998,22.832059506123034,47.27388381276239
quartic_d4,Quartic 4D,broad,benefit: mean parental objective minus midpoint objective,52,17.368999169580864,17.41028566477627,-0.041286495195407676,0.91015625,0.05859375,0.03125,-0.21207228384121146,2.5818259174951823,11.074391965617695,23.88763841446016,60.57345059406659
quartic_d4,Quartic 4D,broad,benefit: mean parental objective minus midpoint objective,53,15.699532790034555,15.789408412490708,-0.08987562245615445,0.849609375,0.119140625,0.03125,-0.7668380181528962,1.4533007033648353,7.196471231155403,19.94447722152737,63.06188925880321
quartic_d4,Quartic 4D,broad,benefit: mean parental objective minus midpoint objective,54,15.049294791367444,15.0948952808142,-0.04560048944675914,0.8984375,0.0703125,0.03125,-0.467303998953037,1.7692174751856098,11.077694955682706,20.228416614302436,58.01392775795528
quartic_d4,Quartic 4D,broad,benefit: mean parental objective minus midpoint objective,55,17.644612025062568,17.68285464367273,-0.038242618610163315,0.896484375,0.072265625,0.03125,-0.24363335870812208,2.428472479470308,7.098617326295114,13.740145990691403,121.55850605417884
quartic_d4,Quartic 4D,broad,benefit: mean parental objective minus midpoint objective,56,13.748703831965189,13.791131484439731,-0.04242765247454225,0.8984375,0.0703125,0.03125,-0.2854288043686273,2.2683978984732,6.287903510076404,19.220227345626895,55.07109675526644
quartic_d4,Quartic 4D,broad,benefit: mean parental objective minus midpoint objective,57,17.29596435427075,17.334177583361317,-0.038213229090568845,0.904296875,0.064453125,0.03125,-0.1957172207045077,4.108635561444655,14.217045438447574,22.594128918860864,56.45184825236993
quartic_d4,Quartic 4D,broad,benefit: mean parental objective minus midpoint objective,58,16.073504260041325,16.10833225460707,-0.034827994565742704,0.921875,0.046875,0.03125,0.0,2.353532126358232,8.31953946045287,22.430913557645678,63.08051982140112
quartic_d4,Quartic 4D,broad,benefit: mean parental objective minus midpoint objective,59,13.074860102824573,13.119488420207182,-0.044628317382608924,0.8984375,0.0703125,0.03125,-0.318236653509941,1.4720454174081712,7.14900934371455,17.190752497638908,51.475662081737184
quartic_d4,Quartic 4D,broad,benefit: mean parental objective minus midpoint objective,60,15.304415907353977,15.35245869269325,-0.04804278533927728,0.888671875,0.080078125,0.03125,-0.4899438941357115,2.0465857578975157,10.81456647636772,25.01719193408004,48.10141713415039
quartic_d4,Quartic 4D,broad,benefit: mean parental objective minus midpoint objective,61,21.984683447200474,22.014702279091715,-0.03001883189124272,0.919921875,0.048828125,0.03125,0.0,2.683855656574841,12.489544840370863,36.98515614903158,70.93813268536964
quartic_d4,Quartic 4D,broad,benefit: mean parental objective minus midpoint objective,62,21.46607438352362,21.50971725132253,-0.04364286779891366,0.880859375,0.087890625,0.03125,-0.393570647528553,1.4779985483745985,6.135294622018569,20.055155274295004,138.63726609335038
quartic_d4,Quartic 4D,broad,benefit: mean parental objective minus midpoint objective,63,17.894206023789966,17.936990752263224,-0.042784728473259974,0.892578125,0.076171875,0.03125,-0.2741081944909447,2.0606315529318233,9.720688169181464,24.06249485539936,69.50506153116861
quartic_d4,Quartic 4D,broad,benefit: mean parental objective minus midpoint objective,64,12.21714257574893,12.251912867870049,-0.034770292121120004,0.923828125,0.044921875,0.03125,0.0,3.721738086173104,9.069851930842828,16.13941524749882,41.16286266545486
quartic_d4,Quartic 4D,broad,benefit: mean parental objective minus midpoint objective,65,18.615949417509817,18.626587333770935,-0.010637916261115895,0.943359375,0.025390625,0.03125,0.0,4.298043231311228,11.530360769024547,20.90372512124848,68.02292970146702
quartic_d4,Quartic 4D,broad,benefit: mean parental objective minus midpoint objective,66,15.361657356722974,15.459269738714106,-0.09761238199113298,0.83984375,0.12890625,0.03125,-0.9065932197234601,1.0491853983139081,6.580396366105154,18.812720326616656,65.44650131824822
quartic_d4,Quartic 4D,broad,benefit: mean parental objective minus midpoint objective,67,11.724173388246452,11.768043772438894,-0.04387038419244049,0.896484375,0.072265625,0.03125,-0.2961224770565707,1.8993453020809246,7.134804704793578,17.9930681239885,40.111821719955756
quartic_d4,Quartic 4D,broad,benefit: mean parental objective minus midpoint objective,68,27.652590395243465,27.67947073005369,-0.02688033481022778,0.916015625,0.052734375,0.03125,-0.030827848453752082,1.6573999833032937,8.393942365351108,22.273543653621118,167.9736001981064
quartic_d4,Quartic 4D,broad,benefit: mean parental objective minus midpoint objective,69,17.120536625509615,17.16036098755174,-0.03982436204212647,0.88671875,0.08203125,0.03125,-0.21679710119910744,2.08033477848808,6.8552952567107175,17.99681006433312,85.38663004970326
quartic_d4,Quartic 4D,broad,benefit: mean parental objective minus midpoint objective,70,17.88694276030577,17.95607972443308,-0.06913696412731037,0.869140625,0.099609375,0.03125,-0.5011793340952884,1.6449150382314848,5.683913856324749,20.54612725432408,96.48147047979693
quartic_d4,Quartic 4D,broad,benefit: mean parental objective minus midpoint objective,71,16.495940591972467,16.565500032379525,-0.06955944040706008,0.85546875,0.11328125,0.03125,-0.5638236058284809,1.2093385652120328,6.8664438722112,18.665648337840892,80.62718876768966
quartic_d4,Quartic 4D,broad,benefit: mean parental objective minus midpoint objective,72,38.12551121259795,38.17612551476407,-0.050614302166119673,0.904296875,0.064453125,0.03125,-0.31609782127101127,1.9225210127346504,7.061617932380019,14.84284144813796,332.1844477137095
quartic_d4,Quartic 4D,broad,benefit: mean parental objective minus midpoint objective,73,18.92844962168207,18.961497618050892,-0.033047996368822496,0.92578125,0.04296875,0.03125,0.0,3.4192063296435933,8.401227413951506,24.155029759141172,81.53851510532739
quartic_d4,Quartic 4D,broad,benefit: mean parental objective minus midpoint objective,74,7.540211222418715,7.6568976064872984,-0.11668638406858403,0.82421875,0.14453125,0.03125,-0.9742584747949365,0.47895488254957286,3.0051693350861486,10.227378907688022,35.158125295120826
quartic_d4,Quartic 4D,broad,benefit: mean parental objective minus midpoint objective,75,28.893905676174363,28.934965897445537,-0.04106022127117363,0.89453125,0.07421875,0.03125,-0.2913033655419235,4.042300971322232,11.324431051405073,25.824724967631404,158.7518222847334
quartic_d4,Quartic 4D,broad,benefit: mean parental objective minus midpoint objective,76,19.609753614268758,19.620173093583258,-0.010419479314497496,0.943359375,0.025390625,0.03125,0.0,4.687713082182276,9.093534842285415,27.563870068269374,67.67488465525717
quartic_d4,Quartic 4D,broad,benefit: mean parental objective minus midpoint objective,77,14.766240940508201,14.795913291508455,-0.029672351000254747,0.916015625,0.052734375,0.03125,-0.09327262430124739,3.8366620869405805,10.018629313086077,23.45736827007195,43.585882853955574
quartic_d4,Quartic 4D,broad,benefit: mean parental objective minus midpoint objective,78,15.974531267381671,16.010051978286757,-0.035520710905088154,0.91015625,0.05859375,0.03125,-0.10796282798293921,2.9972301155204235,7.955392028946952,22.05160950552464,59.80573191461086
quartic_d4,Quartic 4D,broad,benefit: mean parental objective minus midpoint objective,79,30.003639711331218,30.021345190068605,-0.017705478737389386,0.9375,0.03125,0.03125,0.0,4.199348193559347,13.176429273898576,41.8651051416872,120.69804403188495
quartic_d4,Quartic 4D,broad,benefit: mean parental objective minus midpoint objective,80,20.605670201386356,20.638245476354115,-0.03257527496775864,0.921875,0.046875,0.03125,0.0,3.627465102151485,15.768965176949294,28.53372332277592,64.43632814569102
quartic_d4,Quartic 4D,broad,benefit: mean parental objective minus midpoint objective,81,10.344543001420448,10.381447832610478,-0.03690483119002942,0.888671875,0.080078125,0.03125,-0.2281425797918608,2.338327822439679,6.868959677225147,12.645017474202518,35.21387847108291
quartic_d4,Quartic 4D,broad,benefit: mean parental objective minus midpoint objective,82,14.001388711507357,14.021606802934947,-0.020218091427590047,0.931640625,0.037109375,0.03125,0.0,2.557110090479312,7.588593002018937,19.726534053754403,53.438904578358354
quartic_d4,Quartic 4D,broad,benefit: mean parental objective minus midpoint objective,83,15.325463807636357,15.372151565286165,-0.0466877576498098,0.912109375,0.056640625,0.03125,-0.14788422121805356,2.30143566639358,8.395785409847441,17.863146968715945,64.96558319953009
quartic_d4,Quartic 4D,broad,benefit: mean parental objective minus midpoint objective,84,15.901626938715106,15.943653177630187,-0.042026238915082934,0.904296875,0.064453125,0.03125,-0.16857827888906063,1.946056038041856,8.558253116459372,21.073318050961117,63.72273513641072
quartic_d4,Quartic 4D,broad,benefit: mean parental objective minus midpoint objective,85,18.3897187932109,18.41958268327478,-0.029863890063880603,0.921875,0.046875,0.03125,0.0,2.3954987419801483,10.385735922268037,24.939911561847893,63.64475571548931
quartic_d4,Quartic 4D,broad,benefit: mean parental objective minus midpoint objective,86,20.361288754819178,20.396876388478667,-0.035587633659490095,0.916015625,0.052734375,0.03125,-0.09817410316993946,4.1976153015952935,11.245136348492355,25.32007131607824,77.01635336630024
quartic_d4,Quartic 4D,broad,benefit: mean parental objective minus midpoint objective,87,8.27649611653796,8.33986220597514,-0.06336608943718111,0.86328125,0.10546875,0.03125,-0.5061142515916441,0.8142433096005908,3.65660078282223,11.146023650685507,33.85798786502032
quartic_d4,Quartic 4D,broad,benefit: mean parental objective minus midpoint objective,88,21.226170787521678,21.258708382192008,-0.03253759467033118,0.916015625,0.052734375,0.03125,-0.06580372211999475,3.5096437221350154,12.25425488957266,27.958556579537735,79.04447740943978
quartic_d4,Quartic 4D,broad,benefit: mean parental objective minus midpoint objective,89,8.52951058209857,8.593771680578405,-0.06426109847983492,0.880859375,0.087890625,0.03125,-0.5915594871047494,1.5882192448827763,6.1686444122287245,13.160091867163528,25.050952345774846
quartic_d4,Quartic 4D,broad,benefit: mean parental objective minus midpoint objective,90,20.490473631528634,20.531001590833732,-0.04052795930509641,0.908203125,0.060546875,0.03125,-0.2066236012181224,3.4381529756774634,14.517497189464546,27.57703290569784,68.27136755525133
quartic_d4,Quartic 4D,broad,benefit: mean parental objective minus midpoint objective,91,27.569289415860382,27.598057248394504,-0.028767832534120477,0.9296875,0.0390625,0.03125,0.0,6.209739147020155,20.271579278910774,43.01906733625765,81.00916752279099
quartic_d4,Quartic 4D,broad,benefit: mean parental objective minus midpoint objective,92,11.776425155412028,11.82308485094469,-0.04665969553266078,0.904296875,0.064453125,0.03125,-0.18146291241791168,3.7954027796749172,9.342681985883173,17.601200717780745,30.80487763243988
quartic_d4,Quartic 4D,broad,benefit: mean parental objective minus midpoint objective,93,32.099258563316596,32.1393348597191,-0.040076296402503264,0.91796875,0.05078125,0.03125,-0.013214468809291446,2.841989209335038,12.61339243759736,35.60499611596902,131.19086692802637
quartic_d4,Quartic 4D,broad,benefit: mean parental objective minus midpoint objective,94,11.272846462860018,11.336359707154003,-0.06351324429398446,0.86328125,0.10546875,0.03125,-0.5454195368020334,1.1524090481144431,5.742116880251618,14.809911069239508,45.45366596058018
quartic_d4,Quartic 4D,broad,benefit: mean parental objective minus midpoint objective,95,17.94369432843112,18.00955230416567,-0.06585797573455021,0.87109375,0.09765625,0.03125,-0.6184451499570853,1.255778380963491,9.823986141102978,27.044604906032102,62.462405956388245
quartic_d4,Quartic 4D,broad,benefit: mean parental objective minus midpoint objective,96,15.611718337050867,15.646586021042376,-0.03486768399151035,0.9140625,0.0546875,0.03125,-0.1427465888712378,4.29963807151433,11.581075206895017,21.530853169031744,49.2592539675132
quartic_d4,Quartic 4D,broad,benefit: mean parental objective minus midpoint objective,97,14.643011716522011,14.679914439521395,-0.03690272299938145,0.91015625,0.05859375,0.03125,-0.09738512002731281,1.6010571931569704,8.427820588369517,25.170720362043397,45.135218050009755
quartic_d4,Quartic 4D,broad,benefit: mean parental objective minus midpoint objective,98,22.05007633991096,22.069401585417047,-0.019325245506085147,0.935546875,0.033203125,0.03125,0.0,4.701405722014778,14.050802238237779,28.523337416267957,73.38397613787055
quartic_d4,Quartic 4D,broad,benefit: mean parental objective minus midpoint objective,99,16.0056848492747,16.07646201277391,-0.07077716349921047,0.859375,0.109375,0.03125,-0.6583272501445527,0.9214182742633596,9.32891914984246,24.057771215917807,61.29079986569138
quartic_d4,Quartic 4D,broad,benefit: mean parental objective minus midpoint objective,100,20.754459143258025,20.788249001450517,-0.033789858192491785,0.91015625,0.05859375,0.03125,-0.1390186297560092,3.3193437352466533,11.150948328695534,25.046728511583606,108.61266184307988
quartic_d4,Quartic 4D,broad,benefit: mean parental objective minus midpoint objective,101,15.62137614906067,15.662661317003415,-0.0412851679427486,0.91796875,0.05078125,0.03125,-0.05952798164311979,3.583670332401199,10.94548420361995,21.42478285271956,47.49264063986246
quartic_d4,Quartic 4D,broad,benefit: mean parental objective minus midpoint objective,102,11.268876189682306,11.378831702497813,-0.10995551281550686,0.818359375,0.150390625,0.03125,-0.8507517491140852,0.7599084448662152,6.125223564178769,16.40305503771756,40.97001598282331
quartic_d4,Quartic 4D,broad,benefit: mean parental objective minus midpoint objective,103,13.328523082499611,13.382555025377568,-0.054031942877956735,0.869140625,0.099609375,0.03125,-0.4311341222860845,1.0892842552042645,5.515154309383972,15.156043032488068,77.15036551534862
quartic_d4,Quartic 4D,broad,benefit: mean parental objective minus midpoint objective,104,11.134590057370673,11.219894357835642,-0.08530430046496769,0.841796875,0.126953125,0.03125,-0.7503633041119224,0.9992631183542242,6.90779519503419,18.034403351922677,38.057506142058706
quartic_d4,Quartic 4D,broad,benefit: mean parental objective minus midpoint objective,105,8.478517099402147,8.544648330542936,-0.06613123114078885,0.853515625,0.115234375,0.03125,-0.5304006789454809,0.8885881181782564,5.426123323789759,13.44772044645023,30.19537908324221
quartic_d4,Quartic 4D,broad,benefit: mean parental objective minus midpoint objective,106,24.303894787716875,24.405961786567694,-0.10206699885082196,0.853515625,0.115234375,0.03125,-1.007937386641184,1.5276284768271715,13.75985952575568,33.42571969492984,102.06816158587193
quartic_d4,Quartic 4D,broad,benefit: mean parental objective minus midpoint objective,107,9.657958545477591,9.759685299966137,-0.10172675448854462,0.83984375,0.12890625,0.03125,-0.793317500164693,0.9464553148317005,4.47027201216935,14.855055021194758,35.87359997760465
quartic_d4,Quartic 4D,broad,benefit: mean parental objective minus midpoint objective,108,22.77315138532802,22.811079651453483,-0.037928266125461144,0.90234375,0.06640625,0.03125,-0.20145290752051892,3.567826574163874,14.725446033528215,27.953795583892923,84.19770793210589
quartic_d4,Quartic 4D,broad,benefit: mean parental objective minus midpoint objective,109,16.526949645639377,16.588937749672024,-0.061988104032649406,0.861328125,0.107421875,0.03125,-0.4801959423518938,1.26125924946329,8.199731151374163,22.26912665214853,63.10432981547997
quartic_d4,Quartic 4D,broad,benefit: mean parental objective minus midpoint objective,110,22.877546179065547,22.907905119859482,-0.030358940793935085,0.935546875,0.033203125,0.03125,0.0,3.871470259430312,11.242453068633319,29.512071921837865,77.41276592029983
quartic_d4,Quartic 4D,broad,benefit: mean parental objective minus midpoint objective,111,25.658544190892886,25.67403611369039,-0.015491922797506314,0.947265625,0.021484375,0.03125,0.0,4.1083842867643305,9.710167780911208,37.176455197086284,102.75553033555059
quartic_d4,Quartic 4D,broad,benefit: mean parental objective minus midpoint objective,112,13.907118114363538,13.978693355407565,-0.07157524104402509,0.87109375,0.09765625,0.03125,-0.5445566528833212,2.6853539420033368,8.709438276352621,23.64306682667993,39.313261948709176
quartic_d4,Quartic 4D,broad,benefit: mean parental objective minus midpoint objective,113,21.553463349181914,21.594216263925933,-0.040752914744019354,0.912109375,0.056640625,0.03125,-0.09930633787821197,2.982326250700895,11.634926515096305,37.86486888099762,64.73464305484268
quartic_d4,Quartic 4D,broad,benefit: mean parental objective minus midpoint objective,114,28.74669954367793,28.761453017756907,-0.014753474078979284,0.943359375,0.025390625,0.03125,0.0,6.181035317140777,13.53986026865087,34.176194330063936,121.18042779563956
quartic_d4,Quartic 4D,broad,benefit: mean parental objective minus midpoint objective,115,19.58193472952429,19.653301279523916,-0.0713665499996301,0.84765625,0.12109375,0.03125,-0.591285457939186,1.5718234965601696,7.598849194620927,19.29876173477882,83.82544917443788
quartic_d4,Quartic 4D,broad,benefit: mean parental objective minus midpoint objective,116,20.466059196042224,20.51692891339551,-0.05086971735328695,0.880859375,0.087890625,0.03125,-0.37978599997606266,1.7600073231561542,9.218674030173734,30.594850625870208,76.60946964894902
quartic_d4,Quartic 4D,broad,benefit: mean parental objective minus midpoint objective,117,14.150466410018877,14.222761363410237,-0.0722949533913608,0.873046875,0.095703125,0.03125,-0.6291800149445503,2.403402211712594,7.2127548397698895,20.847380781116644,49.52042961094787
quartic_d4,Quartic 4D,broad,benefit: mean parental objective minus midpoint objective,118,16.17125901406284,16.210393219156504,-0.039134205093665206,0.919921875,0.048828125,0.03125,0.0,4.597755365531228,11.170102132101656,20.312115925141306,60.82352814728623
quartic_d4,Quartic 4D,broad,benefit: mean parental objective minus midpoint objective,119,14.988745162375173,15.035323535182705,-0.04657837280753474,0.849609375,0.119140625,0.03125,-0.3892811181277813,0.9275016748523446,6.113977759601646,21.738301852612853,61.28226141283599
quartic_d4,Quartic 4D,broad,benefit: mean parental objective minus midpoint objective,120,16.38947897428592,16.439998385561836,-0.05051941127591863,0.896484375,0.072265625,0.03125,-0.30662596039098755,2.9672734261955984,8.798272779492693,16.952913265498097,72.21125371330419
quartic_d4,Quartic 4D,broad,benefit: mean parental objective minus midpoint objective,121,20.469964134634456,20.482498864726004,-0.012534730091549326,0.935546875,0.033203125,0.03125,0.0,3.958323547335479,13.657646827774904,30.235551718297568,63.234121425204066
quartic_d4,Quartic 4D,broad,benefit: mean parental objective minus midpoint objective,122,27.318754272896005,27.370269609568886,-0.05151533667288228,0.904296875,0.064453125,0.03125,-0.29841489062772153,3.421566707763412,16.019674655862328,47.48255724369487,82.17443653967128
quartic_d4,Quartic 4D,broad,benefit: mean parental objective minus midpoint objective,123,18.411088979327054,18.45321777576224,-0.042128796435189755,0.9140625,0.0546875,0.03125,-0.09129676191397884,1.689405901708819,6.068908653361484,16.039369133727796,82.35641347563774
quartic_d4,Quartic 4D,broad,benefit: mean parental objective minus midpoint objective,124,28.925672067293277,28.984804370719058,-0.059132303425785356,0.888671875,0.080078125,0.03125,-0.5373393620522373,2.4770019629564635,17.121147972274272,46.637999578023994,93.82177066546436
quartic_d4,Quartic 4D,broad,benefit: mean parental objective minus midpoint objective,125,10.924928610806308,11.044436857482577,-0.11950824667626758,0.806640625,0.162109375,0.03125,-1.0002185395557035,0.6189012175833124,6.147844559496663,13.736747198396456,44.80696093852593
quartic_d4,Quartic 4D,broad,benefit: mean parental objective minus midpoint objective,126,15.552604875375415,15.605381153531138,-0.05277627815572272,0.890625,0.078125,0.03125,-0.30009787164230994,1.9897480559272502,10.363676286711359,25.819930545797966,50.723250358991216
quartic_d4,Quartic 4D,broad,benefit: mean parental objective minus midpoint objective,127,35.82231883428991,35.83375967650025,-0.011440842210344821,0.9453125,0.0234375,0.03125,0.0,4.448048771025497,11.638332410720729,30.003713402418093,202.69916493443193
quartic_d4,Quartic 4D,clustered,benefit: mean parental objective minus midpoint objective,0,-1.853521794711497,0.037678518120628626,-1.891200312832126,0.470703125,0.498046875,0.03125,-3.915118652446963,-3.8159769494630553,0.0,0.061161363329331885,0.15406503761569912
quartic_d4,Quartic 4D,clustered,benefit: mean parental objective minus midpoint objective,1,-1.6620701625875913,0.04060170279330657,-1.7026718653808977,0.517578125,0.451171875,0.03125,-3.8631895911398964,-3.7670530306306533,0.014608104321381987,0.07605875162843143,0.1386590038059587
quartic_d4,Quartic 4D,clustered,benefit: mean parental objective minus midpoint objective,2,-1.6861316872966137,0.03947446030294817,-1.7256061475995619,0.517578125,0.451171875,0.03125,-3.927071707478316,-3.8254492811577623,0.011092655230466923,0.065474198424265,0.15566184729323826
quartic_d4,Quartic 4D,clustered,benefit: mean parental objective minus midpoint objective,3,-1.835762307806483,0.038785122851486165,-1.8745474306579692,0.4765625,0.4921875,0.03125,-3.916422403705501,-3.819330269748189,0.0,0.06748585673026798,0.16346817590133297
quartic_d4,Quartic 4D,clustered,benefit: mean parental objective minus midpoint objective,4,-1.8333631767673384,0.038603739523557355,-1.8719669162908956,0.4765625,0.4921875,0.03125,-3.9130854603943503,-3.836319834955205,0.0,0.05607967516147466,0.15283799749507243
quartic_d4,Quartic 4D,clustered,benefit: mean parental objective minus midpoint objective,5,-1.784270591636621,0.04112551701764737,-1.8253961086542683,0.486328125,0.482421875,0.03125,-3.8964662762503566,-3.7817463523570263,0.0,0.06923227128357035,0.17199756819033124
quartic_d4,Quartic 4D,clustered,benefit: mean parental objective minus midpoint objective,6,-1.8390951533174973,0.04054413386969487,-1.879639287187192,0.470703125,0.498046875,0.03125,-3.9277606634609334,-3.818340970913331,0.0,0.057191843774898055,0.1859799382974495
quartic_d4,Quartic 4D,clustered,benefit: mean parental objective minus midpoint objective,7,-1.7313437551342217,0.04392511571541162,-1.7752688708496334,0.5,0.46875,0.03125,-3.8956799873439856,-3.8103221502709026,0.0,0.0745910903223202,0.16685341181789382
quartic_d4,Quartic 4D,clustered,benefit: mean parental objective minus midpoint objective,8,-1.7126651570964255,0.04795487354077961,-1.760620030637205,0.5,0.46875,0.03125,-3.9092136035591234,-3.78572522106641,0.0,0.07864783047450791,0.21083297155184344
quartic_d4,Quartic 4D,clustered,benefit: mean parental objective minus midpoint objective,9,-1.887491920991105,0.030019031593893776,-1.917510952584999,0.46875,0.5,0.03125,-3.908307490597272,-3.8437761813037246,-3.639417771478544,0.04976390313294263,0.11585918116296615
quartic_d4,Quartic 4D,clustered,benefit: mean parental objective minus midpoint objective,10,-1.784885231915633,0.04206602346843252,-1.8269512553840657,0.486328125,0.482421875,0.03125,-3.900136626098159,-3.8064349845904335,0.0,0.07200619826436909,0.17795700930082975
quartic_d4,Quartic 4D,clustered,benefit: mean parental objective minus midpoint objective,11,-1.8645257571868068,0.03845122839737136,-1.902976985584178,0.46875,0.5,0.03125,-3.9082864255053362,-3.8244755247087516,-3.5548502839951532,0.0660895232616838,0.1488388014389382
quartic_d4,Quartic 4D,clustered,benefit: mean parental objective minus midpoint objective,12,-1.788963897502605,0.041383821693851366,-1.8303477191964563,0.486328125,0.482421875,0.03125,-3.9194404651517436,-3.8008572385238923,0.0,0.07262135493960224,0.16393561626874176
quartic_d4,Quartic 4D,clustered,benefit: mean parental objective minus midpoint objective,13,-1.8542110744693103,0.031201569081888175,-1.8854126435511984,0.4765625,0.4921875,0.03125,-3.9059236488897944,-3.833650917275684,0.0,0.052261073679248454,0.12631674388026215
quartic_d4,Quartic 4D,clustered,benefit: mean parental objective minus midpoint objective,14,-1.8198903847899732,0.0286772113135669,-1.8485675961035402,0.486328125,0.482421875,0.03125,-3.937366626546919,-3.829432041321037,0.0,0.04299146373814616,0.11998040666126303
quartic_d4,Quartic 4D,clustered,benefit: mean parental objective minus midpoint objective,15,-1.6801605580747285,0.0407404373939179,-1.7209009954686463,0.517578125,0.451171875,0.03125,-3.913484029066785,-3.8122596342045334,0.008999908504623746,0.0676093603767523,0.15425791406610975
quartic_d4,Quartic 4D,clustered,benefit: mean parental objective minus midpoint objective,16,-1.8628052451122228,0.03643450117562766,-1.8992397462878503,0.470703125,0.498046875,0.03125,-3.9157368064798255,-3.8270819517413064,0.0,0.061368230512423474,0.1516575679994395
quartic_d4,Quartic 4D,clustered,benefit: mean parental objective minus midpoint objective,17,-1.841328730750965,0.035397700427556716,-1.8767264311785217,0.4765625,0.4921875,0.03125,-3.9032293434279137,-3.817736588656804,0.0,0.06234282268346133,0.13876293185557464
quartic_d4,Quartic 4D,clustered,benefit: mean parental objective minus midpoint objective,18,-1.8611488165877126,0.03784289909675499,-1.8989917156844676,0.46875,0.5,0.03125,-3.9050153638316787,-3.823495040818526,-3.2982229529855145,0.059789029651343736,0.15836042980034123
quartic_d4,Quartic 4D,clustered,benefit: mean parental objective minus midpoint objective,19,-1.877216671817066,0.033591063063672794,-1.9108077348807389,0.46875,0.5,0.03125,-3.929498094390032,-3.824119640426754,-3.59183387347176,0.0577250318369537,0.13517521822915024
quartic_d4,Quartic 4D,clustered,benefit: mean parental objective minus midpoint objective,20,-1.8697247665751626,0.034459198752257544,-1.90418396532742,0.470703125,0.498046875,0.03125,-3.916589087312244,-3.8419891408238254,0.0,0.05225808386256495,0.14888820747171108
quartic_d4,Quartic 4D,clustered,benefit: mean parental objective minus midpoint objective,21,-1.8319637209949051,0.0372801681067602,-1.8692438891016654,0.4765625,0.4921875,0.03125,-3.9016401193011037,-3.802902222994617,0.0,0.06544273616427428,0.14609685457531618
quartic_d4,Quartic 4D,clustered,benefit: mean parental objective minus midpoint objective,22,-1.8671857045550087,0.034839597153650856,-1.9020253017086597,0.470703125,0.498046875,0.03125,-3.926574550302042,-3.8404255133154512,0.0,0.0515584399584066,0.15706972946561365
quartic_d4,Quartic 4D,clustered,benefit: mean parental objective minus midpoint objective,23,-1.8304220863897283,0.04089518230200155,-1.8713172686917299,0.4765625,0.4921875,0.03125,-3.920497780914677,-3.804790012260753,0.0,0.0655394256038231,0.17636950775194932
quartic_d4,Quartic 4D,clustered,benefit: mean parental objective minus midpoint objective,24,-1.8584734801639295,0.03939876864759238,-1.8978722488115218,0.46875,0.5,0.03125,-3.899359831523718,-3.809179318244678,-3.532264665661369,0.07007030346990753,0.15445314418178624
quartic_d4,Quartic 4D,clustered,benefit: mean parental objective minus midpoint objective,25,-1.8700138714114791,0.031533162187282734,-1.9015470335987619,0.470703125,0.498046875,0.03125,-3.9140711985555874,-3.8342535307734247,0.0,0.051685391888300056,0.1276800577910499
quartic_d4,Quartic 4D,clustered,benefit: mean parental objective minus midpoint objective,26,-1.8477419562147235,0.03336697925756032,-1.8811089354722839,0.4765625,0.4921875,0.03125,-3.9212387147693475,-3.8343863448240616,0.0,0.05678912916335028,0.1349238250943025
quartic_d4,Quartic 4D,clustered,benefit: mean parental objective minus midpoint objective,27,-1.8784817747676463,0.0334771212913197,-1.911958896058966,0.46875,0.5,0.03125,-3.92055571922854,-3.8331670346553084,-3.5962435863104694,0.059724594056936205,0.12614276720841774
quartic_d4,Quartic 4D,clustered,benefit: mean parental objective minus midpoint objective,28,-1.875461638670503,0.031067007369575836,-1.906528646040079,0.470703125,0.498046875,0.03125,-3.9374587397161567,-3.8358792434854534,0.0,0.05016394912530845,0.12174674921943744
quartic_d4,Quartic 4D,clustered,benefit: mean parental objective minus midpoint objective,29,-1.7445907735745383,0.03963418885155575,-1.7842249624260942,0.5,0.46875,0.03125,-3.8993456813388043,-3.801361830275661,0.0,0.07170957293105759,0.14227628530350261
quartic_d4,Quartic 4D,clustered,benefit: mean parental objective minus midpoint objective,30,-1.8787420789271458,0.03114849920920332,-1.9098905781363489,0.470703125,0.498046875,0.03125,-3.9262621467486634,-3.8479590182616703,0.0,0.05230292353897208,0.12975458375475926
quartic_d4,Quartic 4D,clustered,benefit: mean parental objective minus midpoint objective,31,-1.755614857337907,0.032877016026022964,-1.7884918733639301,0.5,0.46875,0.03125,-3.9382276743404865,-3.834118803054162,0.0,0.05550862184746658,0.1251779609788255
quartic_d4,Quartic 4D,clustered,benefit: mean parental objective minus midpoint objective,32,-1.7773584438278553,0.05263086902834173,-1.829989312856197,0.4765625,0.4921875,0.03125,-3.857664758523599,-3.733611813179227,0.0,0.09260832611458444,0.20849017978506432
quartic_d4,Quartic 4D,clustered,benefit: mean parental objective minus midpoint objective,33,-1.6681774829898823,0.043129199913094884,-1.7113066829029773,0.517578125,0.451171875,0.03125,-3.9263366295568107,-3.8122657403906453,0.006295341869658938,0.06295913203992096,0.1996108599547867
quartic_d4,Quartic 4D,clustered,benefit: mean parental objective minus midpoint objective,34,-1.794481744479393,0.0495511141359006,-1.8440328586152936,0.4765625,0.4921875,0.03125,-3.8944159391324793,-3.7771455270539827,0.0,0.0718795261752499,0.2219906767353421
quartic_d4,Quartic 4D,clustered,benefit: mean parental objective minus midpoint objective,35,-1.8922253820778843,0.028941637789635065,-1.9211670198675193,0.46875,0.5,0.03125,-3.9367110376058685,-3.861102712799277,-3.533193927450556,0.046964411167030394,0.12297147045503347
quartic_d4,Quartic 4D,clustered,benefit: mean parental objective minus midpoint objective,36,-1.8623739094110312,0.03499166448425746,-1.8973655738952888,0.470703125,0.498046875,0.03125,-3.91756392385845,-3.825852275725938,0.0,0.05531288350795194,0.15735285771975782
quartic_d4,Quartic 4D,clustered,benefit: mean parental objective minus midpoint objective,37,-1.8287441432024638,0.04498203250209101,-1.873726175704555,0.470703125,0.498046875,0.03125,-3.906568576721631,-3.7673149339963334,0.0,0.0785400558090956,0.17203427829966542
quartic_d4,Quartic 4D,clustered,benefit: mean parental objective minus midpoint objective,38,-1.8349138689385462,0.04361756770057941,-1.8785314366391255,0.470703125,0.498046875,0.03125,-3.890929114263293,-3.789526522357722,0.0,0.07507895228574746,0.18044619766665002
quartic_d4,Quartic 4D,clustered,benefit: mean parental objective minus midpoint objective,39,-1.8075905342394483,0.03352444246341637,-1.8411149767028645,0.486328125,0.482421875,0.03125,-3.9047746186453,-3.8212274881640433,0.0,0.0564419617841364,0.12648067307117206
quartic_d4,Quartic 4D,clustered,benefit: mean parental objective minus midpoint objective,40,-1.8823522379823203,0.029525441891944608,-1.911877679874265,0.46875,0.5,0.03125,-3.918561629691119,-3.8387577176100525,-3.4701715980016217,0.048332999285431735,0.1170315999220851
quartic_d4,Quartic 4D,clustered,benefit: mean parental objective minus midpoint objective,41,-1.814608519255928,0.04487604125331454,-1.8594845605092427,0.4765625,0.4921875,0.03125,-3.92302080520175,-3.798052932836859,0.0,0.06771275290867834,0.2020495714055299
quartic_d4,Quartic 4D,clustered,benefit: mean parental objective minus midpoint objective,42,-1.8107822120159125,0.04364274480793538,-1.854424956823848,0.4765625,0.4921875,0.03125,-3.887246020591309,-3.7796178437795165,0.0,0.07261187498842528,0.17596395066214815
quartic_d4,Quartic 4D,clustered,benefit: mean parental objective minus midpoint objective,43,-1.8031202630372865,0.03573903086072221,-1.8388592938980088,0.486328125,0.482421875,0.03125,-3.9172409889180395,-3.8203492107711905,0.0,0.060219799821672665,0.14160622569884393
quartic_d4,Quartic 4D,clustered,benefit: mean parental objective minus midpoint objective,44,-1.868617035817541,0.037030688158910904,-1.9056477239764518,0.46875,0.5,0.03125,-3.9328087397843015,-3.8258428534375883,-3.4138444630490357,0.05822898713319202,0.1597342960098052
quartic_d4,Quartic 4D,clustered,benefit: mean parental objective minus midpoint objective,45,-1.8413366938902926,0.03656487392925033,-1.877901567819543,0.4765625,0.4921875,0.03125,-3.9251106487953655,-3.826260966762132,0.0,0.06335964456364021,0.149720458089646
quartic_d4,Quartic 4D,clustered,benefit: mean parental objective minus midpoint objective,46,-1.7437445393650877,0.03991792731453864,-1.7836624666796261,0.5,0.46875,0.03125,-3.9193205905161483,-3.818659110246175,0.0,0.06395857059260816,0.16307795478448017
quartic_d4,Quartic 4D,clustered,benefit: mean parental objective minus midpoint objective,47,-1.8043543432408027,0.03909629666021594,-1.8434506399010187,0.486328125,0.482421875,0.03125,-3.921350638663202,-3.8442488517650575,0.0,0.06422036297768541,0.16328545608959605
quartic_d4,Quartic 4D,clustered,benefit: mean parental objective minus midpoint objective,48,-1.5844204337459125,0.043459021177858645,-1.6278794549237712,0.5390625,0.4296875,0.03125,-3.891071906638703,-3.7822248880690066,0.018125698799925212,0.06791083185748104,0.16768921266812847
quartic_d4,Quartic 4D,clustered,benefit: mean parental objective minus midpoint objective,49,-1.8545949823923027,0.03831582111368813,-1.8929108035059907,0.470703125,0.498046875,0.03125,-3.9116822715763635,-3.8267327311911785,0.0,0.06347527259465593,0.1571512411971906
quartic_d4,Quartic 4D,clustered,benefit: mean parental objective minus midpoint objective,50,-1.831583739930333,0.03756612154916125,-1.8691498614794941,0.4765625,0.4921875,0.03125,-3.9216298339531823,-3.81898217597208,0.0,0.0656189925399704,0.153565676685346
quartic_d4,Quartic 4D,clustered,benefit: mean parental objective minus midpoint objective,51,-1.8125487417887325,0.04943349583677378,-1.8619822376255062,0.470703125,0.498046875,0.03125,-3.895849278675825,-3.740596990758673,0.0,0.08109666102489778,0.20309026370806937
quartic_d4,Quartic 4D,clustered,benefit: mean parental objective minus midpoint objective,52,-1.8199686357508127,0.047926007009391744,-1.8678946427602043,0.470703125,0.498046875,0.03125,-3.9101488948813694,-3.777867421063448,0.0,0.07724062428598427,0.2052876934582229
quartic_d4,Quartic 4D,clustered,benefit: mean parental objective minus midpoint objective,53,-1.8870362561536025,0.02760423245271504,-1.9146404886063173,0.470703125,0.498046875,0.03125,-3.9545359187010045,-3.8846979280227587,0.0,0.03802088379833335,0.12346901000613875
quartic_d4,Quartic 4D,clustered,benefit: mean parental objective minus midpoint objective,54,-1.8496697198840493,0.0397482314131637,-1.889417951297213,0.46875,0.5,0.03125,-3.905081348867532,-3.7892099702372986,-3.446171164480014,0.06721068378319706,0.16616530134793978
quartic_d4,Quartic 4D,clustered,benefit: mean parental objective minus midpoint objective,55,-1.8562907634907317,0.03687512355149218,-1.8931658870422239,0.470703125,0.498046875,0.03125,-3.9129228418929265,-3.8326002309755904,0.0,0.06145783118623846,0.15085929172417534
quartic_d4,Quartic 4D,clustered,benefit: mean parental objective minus midpoint objective,56,-1.703042304585764,0.033612364040966326,-1.7366546686267303,0.517578125,0.451171875,0.03125,-3.928686907773625,-3.861363974632582,0.011315042017384674,0.053617351179119324,0.12915870747303268
quartic_d4,Quartic 4D,clustered,benefit: mean parental objective minus midpoint objective,57,-1.7567732914810854,0.05158491955919741,-1.8083582110402827,0.486328125,0.482421875,0.03125,-3.8964251395592893,-3.764086987547846,0.0,0.0818210997040868,0.20845629403316512
quartic_d4,Quartic 4D,clustered,benefit: mean parental objective minus midpoint objective,58,-1.847648367596078,0.035813813458230793,-1.8834621810543086,0.4765625,0.4921875,0.03125,-3.936914920665727,-3.863383835667335,0.0,0.051861544932673684,0.16206400530313972
quartic_d4,Quartic 4D,clustered,benefit: mean parental objective minus midpoint objective,59,-1.8612421500328116,0.0303400633037477,-1.8915822133365592,0.4765625,0.4921875,0.03125,-3.9262696014148584,-3.863863745791335,0.0,0.050057608381732066,0.12741655752077558
quartic_d4,Quartic 4D,clustered,benefit: mean parental objective minus midpoint objective,60,-1.698733393345627,0.03411863591516344,-1.73285202926079,0.517578125,0.451171875,0.03125,-3.9228340231788943,-3.8530857791852666,0.009272031571486414,0.056910572490458146,0.12586827952475177
quartic_d4,Quartic 4D,clustered,benefit: mean parental objective minus midpoint objective,61,-1.796567196121797,0.03965518937184996,-1.836222385493647,0.486328125,0.482421875,0.03125,-3.912694669839393,-3.811743920882815,0.0,0.06388105598316046,0.15681725722300532
quartic_d4,Quartic 4D,clustered,benefit: mean parental objective minus midpoint objective,62,-1.845178299356801,0.04332430925183399,-1.8885026086086352,0.46875,0.5,0.03125,-3.9228305363958857,-3.8079300931038373,-3.2889457355843685,0.06685045908228716,0.187993575545324
quartic_d4,Quartic 4D,clustered,benefit: mean parental objective minus midpoint objective,63,-1.8625392677478327,0.02975718505277436,-1.8922964528006074,0.4765625,0.4921875,0.03125,-3.9298510599228482,-3.875804600107915,0.0,0.04813395360812149,0.12114356438848965
quartic_d4,Quartic 4D,clustered,benefit: mean parental objective minus midpoint objective,64,-1.853836330906821,0.03251459611951505,-1.8863509270263363,0.4765625,0.4921875,0.03125,-3.945309567854554,-3.841601305718903,0.0,0.049121979125328674,0.1385985306551768
quartic_d4,Quartic 4D,clustered,benefit: mean parental objective minus midpoint objective,65,-1.8419376211517424,0.04532586522078846,-1.8872634863725308,0.46875,0.5,0.03125,-3.920671276080756,-3.791275850461723,-3.41061284352397,0.07520488907027018,0.1904959426820893
quartic_d4,Quartic 4D,clustered,benefit: mean parental objective minus midpoint objective,66,-1.8658001545473326,0.02808318272097922,-1.893883337268312,0.4765625,0.4921875,0.03125,-3.9174417643760417,-3.8625998099597885,0.0,0.05131217575609739,0.10221898517959443
quartic_d4,Quartic 4D,clustered,benefit: mean parental objective minus midpoint objective,67,-1.812398410125731,0.04551602984900409,-1.8579144399747352,0.4765625,0.4921875,0.03125,-3.9030358401851375,-3.802758009382395,0.0,0.0725042275209916,0.19572591425227587
quartic_d4,Quartic 4D,clustered,benefit: mean parental objective minus midpoint objective,68,-1.841130087429645,0.03691562560776068,-1.8780457130374058,0.4765625,0.4921875,0.03125,-3.911120573065401,-3.835950603759648,0.0,0.06242007092893298,0.14116544929545627
quartic_d4,Quartic 4D,clustered,benefit: mean parental objective minus midpoint objective,69,-1.7424112577823174,0.0410691349051361,-1.7834803926874538,0.5,0.46875,0.03125,-3.896346842865927,-3.823226269948624,0.0,0.06845279507737967,0.1642932719735335
quartic_d4,Quartic 4D,clustered,benefit: mean parental objective minus midpoint objective,70,-1.8066415400481697,0.037718023446761555,-1.8443595634949312,0.486328125,0.482421875,0.03125,-3.9420646398347188,-3.822371838930779,0.0,0.06021789877358767,0.16189266720230497
quartic_d4,Quartic 4D,clustered,benefit: mean parental objective minus midpoint objective,71,-1.7538933393156866,0.036312924789587676,-1.7902062641052743,0.5,0.46875,0.03125,-3.90407162977711,-3.8320674527726872,0.0,0.0608720136284714,0.13967104374987055
quartic_d4,Quartic 4D,clustered,benefit: mean parental objective minus midpoint objective,72,-1.8588656866153839,0.03766107439406429,-1.8965267610094483,0.46875,0.5,0.03125,-3.901838437409342,-3.8099665727054353,-3.5048247717440324,0.06816872809453811,0.1373621048022381
quartic_d4,Quartic 4D,clustered,benefit: mean parental objective minus midpoint objective,73,-1.8704986656260671,0.03421586767326493,-1.904714533299332,0.470703125,0.498046875,0.03125,-3.928843288143413,-3.8338173130131863,0.0,0.05721179843262871,0.13824690112644705
quartic_d4,Quartic 4D,clustered,benefit: mean parental objective minus midpoint objective,74,-1.7341843397202912,0.04372066463280512,-1.7779050043530962,0.5,0.46875,0.03125,-3.915835940275325,-3.8043166400717623,0.0,0.07268441737019263,0.18022502537496543
quartic_d4,Quartic 4D,clustered,benefit: mean parental objective minus midpoint objective,75,-1.7986513162515376,0.037619155321935896,-1.8362704715734737,0.486328125,0.482421875,0.03125,-3.90382064592427,-3.8098579599043148,0.0,0.06870828952798286,0.14608039509325557
quartic_d4,Quartic 4D,clustered,benefit: mean parental objective minus midpoint objective,76,-1.7229527540909408,0.047254601641331606,-1.7702073557322726,0.5,0.46875,0.03125,-3.894586817625691,-3.772335298996217,0.0,0.08018322141961297,0.1894377219182541
quartic_d4,Quartic 4D,clustered,benefit: mean parental objective minus midpoint objective,77,-1.8630123794629472,0.029752211645514455,-1.8927645911084618,0.4765625,0.4921875,0.03125,-3.950629697062586,-3.8831666358543924,0.0,0.04350095078081399,0.13566733436518447
quartic_d4,Quartic 4D,clustered,benefit: mean parental objective minus midpoint objective,78,-1.7892718967022798,0.04119596302288332,-1.8304678597251631,0.486328125,0.482421875,0.03125,-3.901774159706647,-3.802777350635504,0.0,0.06807847216921961,0.15685641726675878
quartic_d4,Quartic 4D,clustered,benefit: mean parental objective minus midpoint objective,79,-1.8172928625431428,0.032682432062131644,-1.8499752946052745,0.486328125,0.482421875,0.03125,-3.924272727724158,-3.8399241117391014,0.0,0.05891752773010158,0.12724860634478746
quartic_d4,Quartic 4D,clustered,benefit: mean parental objective minus midpoint objective,80,-1.8472447856478875,0.04110986169062866,-1.8883546473385162,0.470703125,0.498046875,0.03125,-3.8842408270800863,-3.8131928898307508,0.0,0.07516242737155751,0.15905173746852985
quartic_d4,Quartic 4D,clustered,benefit: mean parental objective minus midpoint objective,81,-1.8732211424989602,0.03381941623195169,-1.907040558730912,0.470703125,0.498046875,0.03125,-3.937606099520464,-3.868844850078217,0.0,0.04753474514218116,0.16116137180442588
quartic_d4,Quartic 4D,clustered,benefit: mean parental objective minus midpoint objective,82,-1.8082186675844854,0.04507804061123599,-1.8532967081957215,0.4765625,0.4921875,0.03125,-3.870652334663015,-3.7678770322393444,0.0,0.08319891810999577,0.18212602707992923
quartic_d4,Quartic 4D,clustered,benefit: mean parental objective minus midpoint objective,83,-1.884481234821609,0.030945600643684686,-1.9154268354652937,0.46875,0.5,0.03125,-3.935493042242883,-3.856491129867427,-3.542279334318281,0.051368139884909084,0.13487264940875876
quartic_d4,Quartic 4D,clustered,benefit: mean parental objective minus midpoint objective,84,-1.7449756092163495,0.04042113316568083,-1.7853967423820305,0.5,0.46875,0.03125,-3.885573077375313,-3.8057640957509458,0.0,0.0709976557798753,0.1529686260346409
quartic_d4,Quartic 4D,clustered,benefit: mean parental objective minus midpoint objective,85,-1.8256404306717169,0.041109013812906325,-1.8667494444846233,0.4765625,0.4921875,0.03125,-3.916644103894388,-3.8044200739799665,0.0,0.0667257751453042,0.17629184363963454
quartic_d4,Quartic 4D,clustered,benefit: mean parental objective minus midpoint objective,86,-1.8375905292201122,0.0341947303310455,-1.871785259551158,0.4765625,0.4921875,0.03125,-3.9222358705631106,-3.809103097142452,0.0,0.060929968057060246,0.13066166998691742
quartic_d4,Quartic 4D,clustered,benefit: mean parental objective minus midpoint objective,87,-1.8456006910410985,0.03924918317417367,-1.8848498742152722,0.470703125,0.498046875,0.03125,-3.887934515451908,-3.7941613694787897,0.0,0.07177246904902501,0.1473646017749431
quartic_d4,Quartic 4D,clustered,benefit: mean parental objective minus midpoint objective,88,-1.7533800322278603,0.03517748906512771,-1.7885575212929878,0.5,0.46875,0.03125,-3.918390267091906,-3.818010388734731,0.0,0.06091615184019622,0.13139347369843024
quartic_d4,Quartic 4D,clustered,benefit: mean parental objective minus midpoint objective,89,-1.8271352318733003,0.041129248335234084,-1.8682644802085346,0.4765625,0.4921875,0.03125,-3.9022200033332974,-3.806376907136739,0.0,0.06740294283687968,0.16863842036292245
quartic_d4,Quartic 4D,clustered,benefit: mean parental objective minus midpoint objective,90,-1.8392804523058195,0.034685539121827924,-1.8739659914276476,0.4765625,0.4921875,0.03125,-3.9002223016135176,-3.8241210386664592,0.0,0.06281531243525397,0.1394174082033544
quartic_d4,Quartic 4D,clustered,benefit: mean parental objective minus midpoint objective,91,-1.8373998729348147,0.04189812286782965,-1.8792979958026443,0.470703125,0.498046875,0.03125,-3.9047574047847404,-3.814417907833832,0.0,0.06503395585520104,0.19102984768595516
quartic_d4,Quartic 4D,clustered,benefit: mean parental objective minus midpoint objective,92,-1.836191442135814,0.04266857926198823,-1.8788600213978022,0.470703125,0.498046875,0.03125,-3.9149725439656944,-3.7927700440891092,0.0,0.07196949872138672,0.18360379196307863
quartic_d4,Quartic 4D,clustered,benefit: mean parental objective minus midpoint objective,93,-1.8744921834909298,0.03482532975708047,-1.9093175132480102,0.46875,0.5,0.03125,-3.907916966907703,-3.827010091191037,-3.529341870684232,0.05763370762140932,0.13365353096644322
quartic_d4,Quartic 4D,clustered,benefit: mean parental objective minus midpoint objective,94,-1.8449925298341523,0.0406886289693751,-1.8856811588035276,0.46875,0.5,0.03125,-3.891189678840313,-3.7917222603511096,-3.4430385482307626,0.07197276617778511,0.16329456605934758
quartic_d4,Quartic 4D,clustered,benefit: mean parental objective minus midpoint objective,95,-1.7763282537825793,0.043486060367982055,-1.8198143141505616,0.486328125,0.482421875,0.03125,-3.8837059820260995,-3.7804655649730194,0.0,0.07372804064802813,0.17788230838919736
quartic_d4,Quartic 4D,clustered,benefit: mean parental objective minus midpoint objective,96,-1.8042815377981387,0.036827013451864773,-1.8411085512500036,0.486328125,0.482421875,0.03125,-3.9131461017102804,-3.824599660499344,0.0,0.06052932442370909,0.14342434134051932
quartic_d4,Quartic 4D,clustered,benefit: mean parental objective minus midpoint objective,97,-1.861570060122968,0.03491651351186206,-1.8964865736348302,0.470703125,0.498046875,0.03125,-3.91865587449021,-3.834851913434686,0.0,0.05369403274400161,0.1488990398765429
quartic_d4,Quartic 4D,clustered,benefit: mean parental objective minus midpoint objective,98,-1.8277607175849604,0.040701943168159664,-1.86846266075312,0.4765625,0.4921875,0.03125,-3.8944007215058867,-3.8045913396096656,0.0,0.07287837495611817,0.1522591761472808
quartic_d4,Quartic 4D,clustered,benefit: mean parental objective minus midpoint objective,99,-1.8609011522175214,0.037244543955784665,-1.898145696173306,0.470703125,0.498046875,0.03125,-3.9160236702033546,-3.8436701064507792,0.0,0.05677662920923465,0.1740096975798106
quartic_d4,Quartic 4D,clustered,benefit: mean parental objective minus midpoint objective,100,-1.8774864250803447,0.03154655088953354,-1.909032975969878,0.470703125,0.498046875,0.03125,-3.9181686817356436,-3.843327001104083,0.0,0.05575091718207861,0.12195525736468057
quartic_d4,Quartic 4D,clustered,benefit: mean parental objective minus midpoint objective,101,-1.811996237780805,0.04269762920594283,-1.8546938669867479,0.4765625,0.4921875,0.03125,-3.886412129246279,-3.7831316077197035,0.0,0.07491995454177063,0.1727777923416169
quartic_d4,Quartic 4D,clustered,benefit: mean parental objective minus midpoint objective,102,-1.8252558954423477,0.04294779375297043,-1.868203689195318,0.4765625,0.4921875,0.03125,-3.9300371716523967,-3.838470221526488,0.0,0.06054525665954949,0.20774900228193727
quartic_d4,Quartic 4D,clustered,benefit: mean parental objective minus midpoint objective,103,-1.8039116857280468,0.03704039677866315,-1.84095208250671,0.486328125,0.482421875,0.03125,-3.923246757319812,-3.829527934180674,0.0,0.061347464002969684,0.14238594565955925
quartic_d4,Quartic 4D,clustered,benefit: mean parental objective minus midpoint objective,104,-1.8622923992644558,0.03536787384088236,-1.897660273105338,0.470703125,0.498046875,0.03125,-3.911824305841826,-3.8422705591777517,0.0,0.05313827030024322,0.12432799369464848
quartic_d4,Quartic 4D,clustered,benefit: mean parental objective minus midpoint objective,105,-1.85983264981133,0.036788779780603284,-1.8966214295919332,0.470703125,0.498046875,0.03125,-3.9167151978053494,-3.8224256148676576,0.0,0.06100409231522064,0.14510058535366846
quartic_d4,Quartic 4D,clustered,benefit: mean parental objective minus midpoint objective,106,-1.817792610918615,0.03227100754558859,-1.8500636184642039,0.486328125,0.482421875,0.03125,-3.91927353028359,-3.850805854151638,0.0,0.053455708547772846,0.12154394813616529
quartic_d4,Quartic 4D,clustered,benefit: mean parental objective minus midpoint objective,107,-1.8402847594521532,0.04165030658652982,-1.8819350660386829,0.470703125,0.498046875,0.03125,-3.9024390813576417,-3.7974301776004062,0.0,0.06744762906392582,0.17651703041195818
quartic_d4,Quartic 4D,clustered,benefit: mean parental objective minus midpoint objective,108,-1.8679717494475154,0.03596744069234762,-1.9039391901398632,0.46875,0.5,0.03125,-3.9257516615599783,-3.8215792706175593,-3.498820160611994,0.05623817451334505,0.15804828262182802
quartic_d4,Quartic 4D,clustered,benefit: mean parental objective minus midpoint objective,109,-1.8822834146349954,0.03211300466236375,-1.914396419297359,0.46875,0.5,0.03125,-3.9321814987682773,-3.8438613320839123,-3.581610814958219,0.05320600937934385,0.12939469024983952
quartic_d4,Quartic 4D,clustered,benefit: mean parental objective minus midpoint objective,110,-1.8635792439036984,0.03866323397452341,-1.9022424778782219,0.46875,0.5,0.03125,-3.9340257745245863,-3.81862073515986,-3.4535441397145306,0.06752515632402353,0.16160051023671212
quartic_d4,Quartic 4D,clustered,benefit: mean parental objective minus midpoint objective,111,-1.8495109663397478,0.032584201279910546,-1.8820951676196587,0.4765625,0.4921875,0.03125,-3.9163510497212606,-3.834701254968064,0.0,0.05889993836679787,0.12926871806591075
quartic_d4,Quartic 4D,clustered,benefit: mean parental objective minus midpoint objective,112,-1.8540007673304109,0.0334699183200924,-1.8874706856505032,0.4765625,0.4921875,0.03125,-3.919919869090351,-3.855205617895261,0.0,0.057024210600283065,0.1410424885049532
quartic_d4,Quartic 4D,clustered,benefit: mean parental objective minus midpoint objective,113,-1.8334990954068677,0.04340091519870905,-1.8769000106055769,0.470703125,0.498046875,0.03125,-3.89852506831733,-3.802835692878235,0.0,0.06427169531067357,0.20239821105877803
quartic_d4,Quartic 4D,clustered,benefit: mean parental objective minus midpoint objective,114,-1.8506167735686354,0.040779627960293593,-1.891396401528929,0.470703125,0.498046875,0.03125,-3.927939218970823,-3.821455617253512,0.0,0.06709591082463764,0.17689230322058563
quartic_d4,Quartic 4D,clustered,benefit: mean parental objective minus midpoint objective,115,-1.7996136341853746,0.04970547358491788,-1.8493191077702924,0.4765625,0.4921875,0.03125,-3.8779349304899373,-3.754897401889167,0.0,0.08992228144823565,0.1904988310246614
quartic_d4,Quartic 4D,clustered,benefit: mean parental objective minus midpoint objective,116,-1.8461103119326063,0.03952599731578669,-1.885636309248393,0.470703125,0.498046875,0.03125,-3.9194656611558876,-3.8171223264309297,0.0,0.06368513298198065,0.15938494455328317
quartic_d4,Quartic 4D,clustered,benefit: mean parental objective minus midpoint objective,117,-1.8149479177562582,0.03469510244677265,-1.8496430202030307,0.486328125,0.482421875,0.03125,-3.9382894782590463,-3.838836662197507,0.0,0.05771634893447969,0.15176076817490083
quartic_d4,Quartic 4D,clustered,benefit: mean parental objective minus midpoint objective,118,-1.4970165065860521,0.03741185814144955,-1.5344283647275017,0.564453125,0.404296875,0.03125,-3.8957820305993276,-3.7746705756272694,0.019606132361452068,0.057892374365073676,0.13399075044078795
quartic_d4,Quartic 4D,clustered,benefit: mean parental objective minus midpoint objective,119,-1.737558596014432,0.04146373156455796,-1.7790223275789898,0.5,0.46875,0.03125,-3.91868378727788,-3.8375607107308203,0.0,0.050567144900503624,0.21461377823655237
quartic_d4,Quartic 4D,clustered,benefit: mean parental objective minus midpoint objective,120,-1.8209400038540426,0.03884590901701515,-1.8597859128710579,0.4765625,0.4921875,0.03125,-3.9004538375463946,-3.8189413954023204,0.0,0.056748843261194275,0.175477864292169
quartic_d4,Quartic 4D,clustered,benefit: mean parental objective minus midpoint objective,121,-1.8311204387003224,0.040152007195130686,-1.871272445895453,0.4765625,0.4921875,0.03125,-3.923711130322698,-3.8065822992691776,0.0,0.06561099342217747,0.16819159015849902
quartic_d4,Quartic 4D,clustered,benefit: mean parental objective minus midpoint objective,122,-1.8873359481759056,0.03160366751986071,-1.9189396156957659,0.46875,0.5,0.03125,-3.916242640560108,-3.862035183845372,-3.395423551658009,0.05432215960571085,0.1282225112252345
quartic_d4,Quartic 4D,clustered,benefit: mean parental objective minus midpoint objective,123,-1.696467305808683,0.05262725605692476,-1.7490945618656077,0.5,0.46875,0.03125,-3.8911592350770063,-3.7425796531968945,0.0,0.08982940967146089,0.19765517553680761
quartic_d4,Quartic 4D,clustered,benefit: mean parental objective minus midpoint objective,124,-1.8103728662203973,0.04628446297543555,-1.8566573291958326,0.4765625,0.4921875,0.03125,-3.886717987458228,-3.791857447244738,0.0,0.0708375938623611,0.2035169307812955
quartic_d4,Quartic 4D,clustered,benefit: mean parental objective minus midpoint objective,125,-1.8169595948541342,0.032101713997727335,-1.8490613088518617,0.486328125,0.482421875,0.03125,-3.9383664624599093,-3.8518833759495195,0.0,0.05135505292685395,0.13810818103186054
quartic_d4,Quartic 4D,clustered,benefit: mean parental objective minus midpoint objective,126,-1.6870809854137487,0.0370136810226758,-1.7240946664364247,0.517578125,0.451171875,0.03125,-3.9083004587539825,-3.827731486878514,0.010940571377742916,0.06051604475540034,0.13691590988300423
quartic_d4,Quartic 4D,clustered,benefit: mean parental objective minus midpoint objective,127,-1.5911249904701255,0.04807092382207996,-1.6391959142922052,0.5390625,0.4296875,0.03125,-3.8959359579466937,-3.838623821545802,0.01759188386978887,0.07689083027617716,0.18325653004914316
quartic_d8,Quartic 8D,broad,benefit: mean parental objective minus midpoint objective,0,33.40359855775431,33.40954677877454,-0.0059482210202223326,0.96484375,0.00390625,0.03125,2.413275287378527,10.6222594486001,23.555212780371427,47.46281790967261,101.75501363584125
quartic_d8,Quartic 8D,broad,benefit: mean parental objective minus midpoint objective,1,30.241122489090863,30.257484113990948,-0.01636162490008588,0.943359375,0.025390625,0.03125,0.0,8.854291696546193,19.716102069639216,43.59676485723676,97.4570954208809
quartic_d8,Quartic 8D,broad,benefit: mean parental objective minus midpoint objective,2,31.696411938122417,31.714550704095377,-0.01813876597295938,0.947265625,0.021484375,0.03125,0.0,10.957598851102562,24.900246705539626,48.456473796617765,81.33574538798914
quartic_d8,Quartic 8D,broad,benefit: mean parental objective minus midpoint objective,3,33.89762279673853,33.90010795307282,-0.0024851563342852996,0.96484375,0.00390625,0.03125,1.9822858545396542,13.031637589254888,26.811082571298257,43.563923466381816,100.41768767229917
quartic_d8,Quartic 8D,broad,benefit: mean parental objective minus midpoint objective,4,37.41001912686079,37.416364613077164,-0.006345486216377673,0.96484375,0.00390625,0.03125,1.5787217751702691,10.545582479273163,22.548881408898538,58.54037374943199,115.89181515985997
quartic_d8,Quartic 8D,broad,benefit: mean parental objective minus midpoint objective,5,40.74974302110924,40.77191933981427,-0.022176318705024112,0.9453125,0.0234375,0.03125,0.0,8.026089099794067,22.887005191026972,48.369207167745856,185.65715715402166
quartic_d8,Quartic 8D,broad,benefit: mean parental objective minus midpoint objective,6,26.279659640866168,26.279659640866168,0.0,0.96875,0.0,0.03125,3.1541459525445124,12.451850665555632,21.53139213234725,36.29402046521613,67.06120913750891
quartic_d8,Quartic 8D,broad,benefit: mean parental objective minus midpoint objective,7,47.3464120950845,47.36299729518841,-0.016585200103908807,0.953125,0.015625,0.03125,0.5451467369313043,21.53151138456297,38.51244764080615,64.23592260923196,131.37960485625553
quartic_d8,Quartic 8D,broad,benefit: mean parental objective minus midpoint objective,8,50.19533899729796,50.20304613599993,-0.007707138701967164,0.955078125,0.013671875,0.03125,0.11828932389380853,8.579201587164082,30.01373661734047,64.06375216549884,183.11775964348072
quartic_d8,Quartic 8D,broad,benefit: mean parental objective minus midpoint objective,9,36.67979002009176,36.69971229397275,-0.019922273880984977,0.951171875,0.017578125,0.03125,0.19430183632865194,12.86286649714673,28.464672031824485,51.8146399688394,100.21867685878715
quartic_d8,Quartic 8D,broad,benefit: mean parental objective minus midpoint objective,10,20.21401354336427,20.215932924829453,-0.0019193814651818093,0.96484375,0.00390625,0.03125,0.7934316915665933,8.79105694830434,16.755579664881004,28.231743561124397,50.93696546468788
quartic_d8,Quartic 8D,broad,benefit: mean parental objective minus midpoint objective,11,43.91597846086038,43.918400254440286,-0.002421793579912018,0.966796875,0.001953125,0.03125,3.375102121647217,14.168667766166301,25.008652853901605,45.52003324779402,179.24095287799298
quartic_d8,Quartic 8D,broad,benefit: mean parental objective minus midpoint objective,12,36.07892073965888,36.09300444312223,-0.014083703463357456,0.958984375,0.009765625,0.03125,1.1378443706435153,9.674351552981928,24.948678567062075,58.198816354834946,104.37285971292803
quartic_d8,Quartic 8D,broad,benefit: mean parental objective minus midpoint objective,13,54.75809608352782,54.76379979931127,-0.005703715783449066,0.962890625,0.005859375,0.03125,2.658867137177646,12.996270646695734,27.2067773998062,60.900845350578095,290.2786432429008
quartic_d8,Quartic 8D,broad,benefit: mean parental objective minus midpoint objective,14,36.59948111281888,36.604726902482895,-0.005245789664018972,0.958984375,0.009765625,0.03125,0.748548495329481,9.194416187436397,26.352818804673632,51.8257246776635,110.13068434717397
quartic_d8,Quartic 8D,broad,benefit: mean parental objective minus midpoint objective,15,41.36229258661044,41.36279027004452,-0.0004976834340792574,0.966796875,0.001953125,0.03125,2.8242549071337457,15.969077347968163,33.162637477045465,58.34645155023365,108.11915424501439
quartic_d8,Quartic 8D,broad,benefit: mean parental objective minus midpoint objective,16,36.70813237570255,36.73720396615782,-0.029071590455282063,0.953125,0.015625,0.03125,0.14291740971249745,9.746721535485259,27.49384667163784,53.882700915212254,102.38980591355894
quartic_d8,Quartic 8D,broad,benefit: mean parental objective minus midpoint objective,17,27.82153370079719,27.827507781933043,-0.0059740811358523025,0.95703125,0.01171875,0.03125,1.3956325668855936,9.788895237397469,19.478275957563035,37.37774391930704,90.55161983036008
quartic_d8,Quartic 8D,broad,benefit: mean parental objective minus midpoint objective,18,28.277070489862325,28.279618733478113,-0.0025482436157871343,0.96484375,0.00390625,0.03125,0.8180148170191446,9.790835683420408,22.7570226980714,40.21509253781852,74.67237421363151
quartic_d8,Quartic 8D,broad,benefit: mean parental objective minus midpoint objective,19,27.91607081018868,27.93497427037035,-0.01890346018167198,0.951171875,0.017578125,0.03125,0.067983147908385,12.095638887688239,24.23597099742233,39.18073105022535,71.28860480049397
quartic_d8,Quartic 8D,broad,benefit: mean parental objective minus midpoint objective,20,22.53302005982604,22.54379386856275,-0.010773808736710164,0.951171875,0.017578125,0.03125,0.09044054131000934,6.953810762698421,17.383624387347886,32.17846281246959,65.32865185539214
quartic_d8,Quartic 8D,broad,benefit: mean parental objective minus midpoint objective,21,31.105687741608318,31.11561794203753,-0.00993020042921611,0.953125,0.015625,0.03125,0.36663402237175013,7.770309078910238,20.142674820145565,46.12334609098293,94.61869256543926
quartic_d8,Quartic 8D,broad,benefit: mean parental objective minus midpoint objective,22,35.666986867322045,35.666986867322045,0.0,0.96875,0.0,0.03125,4.113549681034982,16.486802465373934,27.04911411972907,48.326938330028035,95.48374308019613
quartic_d8,Quartic 8D,broad,benefit: mean parental objective minus midpoint objective,23,35.805132393918235,35.80705410731041,-0.001921713392167436,0.966796875,0.001953125,0.03125,1.9655127405920911,12.815597033101547,27.02011011529182,55.58476586452706,88.8387855610227
quartic_d8,Quartic 8D,broad,benefit: mean parental objective minus midpoint objective,24,44.45034171430932,44.4553205866826,-0.004978872373287813,0.958984375,0.009765625,0.03125,1.3982365328830717,12.360319852033875,28.63198245909932,49.57616037378742,175.82541335850516
quartic_d8,Quartic 8D,broad,benefit: mean parental objective minus midpoint objective,25,44.265518565046705,44.27147306486836,-0.005954499821660089,0.95703125,0.01171875,0.03125,1.4516665786547112,11.339179088122798,22.489723496082362,57.40047445485115,154.83791516665988
quartic_d8,Quartic 8D,broad,benefit: mean parental objective minus midpoint objective,26,30.78979761635224,30.81662644050394,-0.02682882415170238,0.947265625,0.021484375,0.03125,0.0,9.856888094858263,20.140109874814954,40.528209689545804,108.49122140985173
quartic_d8,Quartic 8D,broad,benefit: mean parental objective minus midpoint objective,27,64.38660563399208,64.398948706188,-0.012343072195921135,0.955078125,0.013671875,0.03125,0.4068663584801113,12.521128282159152,41.07018170361807,81.96095133752767,228.82563462972902
quartic_d8,Quartic 8D,broad,benefit: mean parental objective minus midpoint objective,28,36.38815104415713,36.39170650069961,-0.003555456542488406,0.962890625,0.005859375,0.03125,2.819186272033436,13.809164596810014,28.731324173522566,50.63192772254944,96.67145966928958
quartic_d8,Quartic 8D,broad,benefit: mean parental objective minus midpoint objective,29,33.78393119184802,33.787100266827224,-0.0031690749792026088,0.9609375,0.0078125,0.03125,0.8358255375170813,8.430613271925978,22.90082286876995,45.625929249307696,110.25174583054994
quartic_d8,Quartic 8D,broad,benefit: mean parental objective minus midpoint objective,30,30.184606632633706,30.184606632633706,0.0,0.96875,0.0,0.03125,1.607692132195215,10.262762366756533,20.647841113652035,40.772913663922395,85.83358968701731
quartic_d8,Quartic 8D,broad,benefit: mean parental objective minus midpoint objective,31,32.21140619690413,32.21232629609558,-0.0009200991914574234,0.966796875,0.001953125,0.03125,1.7761857641487442,13.335537174043008,26.657767185709837,46.39890398908113,83.04857636712936
quartic_d8,Quartic 8D,broad,benefit: mean parental objective minus midpoint objective,32,32.57797514342099,32.582926872007675,-0.0049517285866879646,0.96484375,0.00390625,0.03125,1.7407215009640709,15.147063572459407,28.76920180398846,46.68866059499568,76.08746795093973
quartic_d8,Quartic 8D,broad,benefit: mean parental objective minus midpoint objective,33,42.13590311226562,42.145003821415685,-0.009100709150061859,0.955078125,0.013671875,0.03125,0.6898157973210548,11.036599264632246,25.14900239351528,53.94108687296354,154.9052139925986
quartic_d8,Quartic 8D,broad,benefit: mean parental objective minus midpoint objective,34,39.615902900663414,39.61866474167506,-0.0027618410116423374,0.96484375,0.00390625,0.03125,1.395469807846406,14.244342073190898,32.72319135391993,55.40481697546639,98.18232420125207
quartic_d8,Quartic 8D,broad,benefit: mean parental objective minus midpoint objective,35,34.99061227840321,34.99432643945333,-0.003714161050119697,0.96484375,0.00390625,0.03125,2.3533493142503907,14.170119585299226,27.256745001721594,46.21893945418397,103.51822734878075
quartic_d8,Quartic 8D,broad,benefit: mean parental objective minus midpoint objective,36,31.386166042240273,31.391428750691503,-0.005262708451228214,0.962890625,0.005859375,0.03125,1.031194866115845,9.69959971047566,18.590700483155715,30.3747292299801,140.2704917395134
quartic_d8,Quartic 8D,broad,benefit: mean parental objective minus midpoint objective,37,27.933054646010635,27.94461571204254,-0.011561066031906016,0.955078125,0.013671875,0.03125,0.664130010817436,9.528200705637065,19.00090646544673,35.51425269770384,95.9064314856504
quartic_d8,Quartic 8D,broad,benefit: mean parental objective minus midpoint objective,38,40.99509415331086,41.01324851246076,-0.018154359149898807,0.94140625,0.02734375,0.03125,0.0,6.06427380071225,20.14650829244602,52.92024959946598,156.9397954197675
quartic_d8,Quartic 8D,broad,benefit: mean parental objective minus midpoint objective,39,45.70403147477862,45.71237596768051,-0.008344492901886331,0.958984375,0.009765625,0.03125,0.6609642485978995,12.391100660827274,32.75381411140496,66.82836470486966,137.1232157206107
quartic_d8,Quartic 8D,broad,benefit: mean parental objective minus midpoint objective,40,32.56531219808636,32.56894105118545,-0.0036288530990879093,0.96484375,0.00390625,0.03125,0.7629356764582642,10.50966560892401,22.057772523902678,36.65497827540246,132.3061846747105
quartic_d8,Quartic 8D,broad,benefit: mean parental objective minus midpoint objective,41,30.85769394702311,30.867901123793292,-0.010207176770181186,0.9609375,0.0078125,0.03125,1.442393237636269,11.855876717558164,26.772839199004565,45.06322825414604,72.22743447099106
quartic_d8,Quartic 8D,broad,benefit: mean parental objective minus midpoint objective,42,38.11913152918534,38.125211956946735,-0.006080427761392615,0.958984375,0.009765625,0.03125,1.0300469194624604,11.511650207088813,32.71186340690353,57.178598212607724,95.79103916023267
quartic_d8,Quartic 8D,broad,benefit: mean parental objective minus midpoint objective,43,36.099317773904595,36.10485416078568,-0.005536386881087927,0.962890625,0.005859375,0.03125,1.7931086870096546,10.867587265794189,20.149982661625586,49.25992580662077,115.8347125324654
quartic_d8,Quartic 8D,broad,benefit: mean parental objective minus midpoint objective,44,34.96215898291402,34.97720374624409,-0.015044763330074982,0.951171875,0.017578125,0.03125,0.22468250099507703,13.561177020760997,28.51617561421065,49.04895899127375,93.7600880762235
quartic_d8,Quartic 8D,broad,benefit: mean parental objective minus midpoint objective,45,28.9941338920134,29.009200876118786,-0.015066984105386774,0.94921875,0.01953125,0.03125,0.0,9.284002274043726,23.16144582574915,38.08252579678366,87.54203431867515
quartic_d8,Quartic 8D,broad,benefit: mean parental objective minus midpoint objective,46,42.84028637929879,42.85025302621554,-0.009966646916751113,0.95703125,0.01171875,0.03125,0.7058198375729043,10.757494357396915,27.985361019954805,54.36541980658744,150.04973517672587
quartic_d8,Quartic 8D,broad,benefit: mean parental objective minus midpoint objective,47,41.07451113984378,41.087307933540316,-0.012796793696535,0.953125,0.015625,0.03125,0.4213011587247726,10.747395214573986,32.19714754283487,58.45867591818133,109.62856500902133
quartic_d8,Quartic 8D,broad,benefit: mean parental objective minus midpoint objective,48,30.82136258587869,30.824154208790997,-0.0027916229123070516,0.962890625,0.005859375,0.03125,1.289899065308525,13.460539470136393,24.34999837425657,44.35099626861978,76.51570931929834
quartic_d8,Quartic 8D,broad,benefit: mean parental objective minus midpoint objective,49,39.45379341807545,39.46191719001642,-0.008123771940973946,0.958984375,0.009765625,0.03125,0.5118312852694915,15.182696984789413,26.61274028764808,42.8636602193824,170.0014032335879
quartic_d8,Quartic 8D,broad,benefit: mean parental objective minus midpoint objective,50,68.39101866156602,68.4148959046025,-0.0238772430364715,0.951171875,0.017578125,0.03125,0.025483931839862528,14.651264241003265,30.55593738001336,59.99232033332875,443.1043561370608
quartic_d8,Quartic 8D,broad,benefit: mean parental objective minus midpoint objective,51,29.781720400839955,29.788216301988875,-0.006495901148916964,0.958984375,0.009765625,0.03125,0.6445489041756831,8.446617807516411,21.2194337985676,36.770776544789335,105.60911771928818
quartic_d8,Quartic 8D,broad,benefit: mean parental objective minus midpoint objective,52,28.207048573950775,28.232463386596088,-0.02541481264531246,0.93359375,0.03515625,0.03125,0.0,7.50607983421188,18.685915356843893,39.9664009814851,79.24439379274061
quartic_d8,Quartic 8D,broad,benefit: mean parental objective minus midpoint objective,53,36.23489288591894,36.2457101504132,-0.010817264494265953,0.95703125,0.01171875,0.03125,1.6203479902370042,15.142422266035,27.69720772931734,48.05879128377267,97.06921516006383
quartic_d8,Quartic 8D,broad,benefit: mean parental objective minus midpoint objective,54,39.57788635892832,39.58325245629048,-0.005366097362167234,0.96484375,0.00390625,0.03125,1.379438986353068,13.19409872732701,33.698896733937765,60.099897162643174,104.20069048740443
quartic_d8,Quartic 8D,broad,benefit: mean parental objective minus midpoint objective,55,41.28397712648727,41.286921840390576,-0.0029447139032997144,0.962890625,0.005859375,0.03125,0.9956428362436753,13.496621344599784,28.33982280235255,49.37579442778599,152.89094471987008
quartic_d8,Quartic 8D,broad,benefit: mean parental objective minus midpoint objective,56,31.11590036481994,31.11590036481994,0.0,0.96875,0.0,0.03125,1.7620253471802982,7.1635548461455905,16.772872271660386,54.10450602462281,89.28253279098712
quartic_d8,Quartic 8D,broad,benefit: mean parental objective minus midpoint objective,57,55.22884330360121,55.22884330360121,0.0,0.96875,0.0,0.03125,5.200727311567064,25.80790474481963,42.60555848104745,74.2330654402264,138.19356891069773
quartic_d8,Quartic 8D,broad,benefit: mean parental objective minus midpoint objective,58,37.97457764394264,37.98119141360866,-0.006613769666024189,0.96484375,0.00390625,0.03125,2.1924441243376123,17.03796030231474,29.11870202729584,45.67812589164883,113.21103779505731
quartic_d8,Quartic 8D,broad,benefit: mean parental objective minus midpoint objective,59,34.61845438500327,34.623436295295804,-0.004981910292530672,0.96484375,0.00390625,0.03125,1.7102345634357725,12.9511576443145,25.300297090524403,47.771495916042355,91.50648335733499
quartic_d8,Quartic 8D,broad,benefit: mean parental objective minus midpoint objective,60,36.80559505933056,36.806682119292944,-0.0010870599623854504,0.966796875,0.001953125,0.03125,2.2957271746229404,14.679277830901253,28.829024679999883,52.60931902603719,93.32395308280616
quartic_d8,Quartic 8D,broad,benefit: mean parental objective minus midpoint objective,61,38.17450799751417,38.1817717833146,-0.0072637858004385,0.955078125,0.013671875,0.03125,0.29511065361157307,11.58247826209822,29.430765481246667,57.08072342806763,100.52233013845917
quartic_d8,Quartic 8D,broad,benefit: mean parental objective minus midpoint objective,62,32.11774931813041,32.118095023727356,-0.0003457055969450229,0.966796875,0.001953125,0.03125,2.218794120422583,10.205079068176788,21.430896914112818,40.53612790138765,112.2709143882455
quartic_d8,Quartic 8D,broad,benefit: mean parental objective minus midpoint objective,63,41.56295511747248,41.56842450333517,-0.005469385862696061,0.96484375,0.00390625,0.03125,1.1325765385114117,10.65014748555923,25.279203682169754,68.72130083381263,114.39848563915399
quartic_d8,Quartic 8D,broad,benefit: mean parental objective minus midpoint objective,64,57.46204305210934,57.4626345480716,-0.0005914959622623367,0.966796875,0.001953125,0.03125,2.2306844045197174,11.734263015289006,39.80762976735983,75.76008795104538,199.98214933747104
quartic_d8,Quartic 8D,broad,benefit: mean parental objective minus midpoint objective,65,43.34497579198498,43.35241135009933,-0.007435558114355019,0.9609375,0.0078125,0.03125,1.228960881707934,13.01706648082592,27.726707264721384,61.557804048793955,130.9949961374988
quartic_d8,Quartic 8D,broad,benefit: mean parental objective minus midpoint objective,66,39.13793779673544,39.14145094215162,-0.0035131454161769406,0.96484375,0.00390625,0.03125,2.687964082817061,16.675268648815994,30.93993433786258,57.42136360523288,98.17624599243915
quartic_d8,Quartic 8D,broad,benefit: mean parental objective minus midpoint objective,67,43.48670472311275,43.49466759268657,-0.007962869573816983,0.9609375,0.0078125,0.03125,2.3056140164197565,16.515705223083053,40.638369825704366,63.401706166342606,97.14453519985692
quartic_d8,Quartic 8D,broad,benefit: mean parental objective minus midpoint objective,68,36.2630945275448,36.267411099313605,-0.0043165717688020775,0.958984375,0.009765625,0.03125,0.5625993376685274,11.08649966998226,25.813883534823617,48.10737441155223,111.57672824964695
quartic_d8,Quartic 8D,broad,benefit: mean parental objective minus midpoint objective,69,48.43149698325643,48.44025743978425,-0.008760456527812637,0.958984375,0.009765625,0.03125,2.155637391605906,17.72677535424294,34.88336975696092,60.91222601733914,192.32818924837483
quartic_d8,Quartic 8D,broad,benefit: mean parental objective minus midpoint objective,70,38.23548338686927,38.2432979523836,-0.007814565514328,0.962890625,0.005859375,0.03125,1.4615009521450446,14.739221626194905,26.674507589182866,54.124924046686296,106.90281531886914
quartic_d8,Quartic 8D,broad,benefit: mean parental objective minus midpoint objective,71,47.379364914187335,47.38066142291958,-0.001296508732244156,0.966796875,0.001953125,0.03125,3.1114794255514777,17.0188352815721,30.883357874260685,74.45934061736591,134.2376098223881
quartic_d8,Quartic 8D,broad,benefit: mean parental objective minus midpoint objective,72,40.5956110618959,40.595975950089866,-0.0003648881939658302,0.966796875,0.001953125,0.03125,2.2936571093214937,12.006509582844984,28.08979337947577,54.39097569197771,147.10931640582368
quartic_d8,Quartic 8D,broad,benefit: mean parental objective minus midpoint objective,73,26.20604868558067,26.262559027731374,-0.05651034215070222,0.916015625,0.052734375,0.03125,-0.05402336810978081,3.04035798504891,15.748157518879104,35.64115509975001,105.81221468772608
quartic_d8,Quartic 8D,broad,benefit: mean parental objective minus midpoint objective,74,47.59226629355637,47.59400824702372,-0.0017419534673541789,0.962890625,0.005859375,0.03125,1.801059526075945,19.034707795941312,33.4688972580557,57.142573295068274,163.62259956174472
quartic_d8,Quartic 8D,broad,benefit: mean parental objective minus midpoint objective,75,35.650523789243294,35.65089390246773,-0.0003701132244253013,0.966796875,0.001953125,0.03125,1.822229533653175,13.374301599455649,23.84087807912149,42.485302383239734,110.40369979430845
quartic_d8,Quartic 8D,broad,benefit: mean parental objective minus midpoint objective,76,32.063349161941225,32.08128148767232,-0.017932325731091613,0.951171875,0.017578125,0.03125,0.02195355377853847,11.34061711328322,25.92451562097284,44.00553373412821,88.66902474245016
quartic_d8,Quartic 8D,broad,benefit: mean parental objective minus midpoint objective,77,39.81341969812384,39.82731260663098,-0.013892908507151006,0.955078125,0.013671875,0.03125,1.1207072702176148,11.06789903339861,21.638329293256163,54.69849127443094,133.26556304937637
quartic_d8,Quartic 8D,broad,benefit: mean parental objective minus midpoint objective,78,44.408804906601894,44.41120250095576,-0.0023975943538660435,0.962890625,0.005859375,0.03125,2.338794847775734,13.744800483237738,27.950753765894316,66.6374950277307,126.28354694137693
quartic_d8,Quartic 8D,broad,benefit: mean parental objective minus midpoint objective,79,68.17536737112827,68.17536737112827,0.0,0.96875,0.0,0.03125,3.1597430665897015,18.90079459636413,40.53442250484496,97.28132751746861,242.40116204982274
quartic_d8,Quartic 8D,broad,benefit: mean parental objective minus midpoint objective,80,40.40403306792957,40.45378547056686,-0.04975240263728494,0.91796875,0.05078125,0.03125,-0.04086261007195713,8.836738047108401,23.5131216652619,45.35445415208429,180.83032874526506
quartic_d8,Quartic 8D,broad,benefit: mean parental objective minus midpoint objective,81,29.187643530363957,29.1959962737741,-0.008352743410144312,0.9609375,0.0078125,0.03125,0.5884499574115662,8.15429418027324,25.084304368230846,42.74952422088111,73.08758751600209
quartic_d8,Quartic 8D,broad,benefit: mean parental objective minus midpoint objective,82,34.87369971471387,34.88024219829595,-0.006542483582085069,0.9609375,0.0078125,0.03125,0.294909547309695,13.197188911930885,29.787525450619754,45.39054313394215,99.4612124126716
quartic_d8,Quartic 8D,broad,benefit: mean parental objective minus midpoint objective,83,35.309234437685944,35.31069849624885,-0.0014640585629090205,0.96484375,0.00390625,0.03125,1.2675861100954346,12.319266389829242,27.90992494445221,55.50091798435735,90.67570162310797
quartic_d8,Quartic 8D,broad,benefit: mean parental objective minus midpoint objective,84,30.0478431576826,30.08434166274657,-0.036498505063971357,0.939453125,0.029296875,0.03125,0.0,10.943351967708784,23.846677333791604,41.019516448589094,84.56005604682042
quartic_d8,Quartic 8D,broad,benefit: mean parental objective minus midpoint objective,85,43.842567972042225,43.859992661325975,-0.017424689283746388,0.951171875,0.017578125,0.03125,0.1686683633341235,15.472276053273383,35.57386929532908,63.497755792967524,117.67888399533462
quartic_d8,Quartic 8D,broad,benefit: mean parental objective minus midpoint objective,86,35.305624167930134,35.31063793231793,-0.005013764387795272,0.95703125,0.01171875,0.03125,0.4107671682452594,9.778622518649097,26.690266393915522,53.89853228795192,98.96847267432693
quartic_d8,Quartic 8D,broad,benefit: mean parental objective minus midpoint objective,87,56.77261867976003,56.784434932750194,-0.011816252990163768,0.951171875,0.017578125,0.03125,0.15238165464178,9.609673565102192,28.474118260697473,70.26832535783961,237.3481677821058
quartic_d8,Quartic 8D,broad,benefit: mean parental objective minus midpoint objective,88,41.107529685843474,41.111134513171024,-0.0036048273275591236,0.966796875,0.001953125,0.03125,3.03909799999943,12.02446005451602,26.520701393959914,49.23169898961898,163.17312426310016
quartic_d8,Quartic 8D,broad,benefit: mean parental objective minus midpoint objective,89,36.48695482078269,36.49046562062075,-0.0035107998380589193,0.962890625,0.005859375,0.03125,1.5625404780836742,12.447268571986925,27.609347012923315,54.749613733566946,97.03178752230296
quartic_d8,Quartic 8D,broad,benefit: mean parental objective minus midpoint objective,90,31.679686547602174,31.688806332666637,-0.009119785064463185,0.958984375,0.009765625,0.03125,1.0691212570945998,12.947025511478394,24.010863000667722,43.64946632010004,89.43864189783251
quartic_d8,Quartic 8D,broad,benefit: mean parental objective minus midpoint objective,91,36.608372340252814,36.61932513186289,-0.010952791610077233,0.962890625,0.005859375,0.03125,1.892697807700408,13.26467803426749,29.008641329437644,51.03414636393261,100.0218929445669
quartic_d8,Quartic 8D,broad,benefit: mean parental objective minus midpoint objective,92,28.915836621227598,28.942872472126474,-0.027035850898878323,0.9375,0.03125,0.03125,0.0,6.871876490113651,26.868460957484643,44.08174810915862,73.57303241807116
quartic_d8,Quartic 8D,broad,benefit: mean parental objective minus midpoint objective,93,44.1865872945673,44.19166685070703,-0.005079556139726677,0.95703125,0.01171875,0.03125,1.1846554458118561,10.214347234236975,22.93669994871992,54.119560624257424,151.33910569316015
quartic_d8,Quartic 8D,broad,benefit: mean parental objective minus midpoint objective,94,31.573399048178544,31.576766848462334,-0.0033678002837934356,0.96484375,0.00390625,0.03125,1.8352807049678637,10.578166108607665,22.328725660659003,45.06046016274724,88.76094410999404
quartic_d8,Quartic 8D,broad,benefit: mean parental objective minus midpoint objective,95,30.252125943728508,30.254468608916497,-0.0023426651879899472,0.96484375,0.00390625,0.03125,1.7671414855831564,10.61587747024128,23.91568855982382,46.38710847898018,73.66448037251709
quartic_d8,Quartic 8D,broad,benefit: mean parental objective minus midpoint objective,96,53.001606043538374,53.001915202780644,-0.0003091592422755987,0.96484375,0.00390625,0.03125,1.534019086075043,10.590727677248779,22.625485254988078,66.27574874565192,232.1872655124635
quartic_d8,Quartic 8D,broad,benefit: mean parental objective minus midpoint objective,97,50.05715347627792,50.09482748479155,-0.037674008513631715,0.9453125,0.0234375,0.03125,0.0,11.652200641790806,27.827936886787867,59.81104256544593,189.7411102336767
quartic_d8,Quartic 8D,broad,benefit: mean parental objective minus midpoint objective,98,33.027284086264785,33.02870774051233,-0.0014236542475521315,0.96484375,0.00390625,0.03125,1.978746992941959,13.04597169419338,26.102279046372253,46.673871521573574,86.0877924259674
quartic_d8,Quartic 8D,broad,benefit: mean parental objective minus midpoint objective,99,40.27958183758927,40.2940149316036,-0.014433094014327755,0.95703125,0.01171875,0.03125,0.4216466104364702,12.195233665016303,24.43990285185013,49.08095259768896,160.73025609114387
quartic_d8,Quartic 8D,broad,benefit: mean parental objective minus midpoint objective,100,39.41965613404121,39.41965613404121,0.0,0.96875,0.0,0.03125,2.4157735068817097,13.73872269003522,27.262467317175364,54.65203049939328,112.30463321340466
quartic_d8,Quartic 8D,broad,benefit: mean parental objective minus midpoint objective,101,39.969215184197765,39.970561870428384,-0.001346686230617001,0.966796875,0.001953125,0.03125,2.0569783406015034,14.70177936207356,28.478983769459223,52.411091548041405,120.16166063413668
quartic_d8,Quartic 8D,broad,benefit: mean parental objective minus midpoint objective,102,36.98995233935592,37.000998199060525,-0.011045859704607117,0.951171875,0.017578125,0.03125,0.4062139321411973,12.058546957344614,26.766619311111334,57.86548786618266,96.46546750038229
quartic_d8,Quartic 8D,broad,benefit: mean parental objective minus midpoint objective,103,44.05762152172691,44.06267178890677,-0.005050267179861685,0.955078125,0.013671875,0.03125,0.3906589482697358,10.276614632642914,23.175653345794814,46.57227348390744,189.444933824066
quartic_d8,Quartic 8D,broad,benefit: mean parental objective minus midpoint objective,104,20.760459256525074,20.79898766717247,-0.03852841064739329,0.935546875,0.033203125,0.03125,0.0,4.815771966711759,14.143174797440896,30.642836666821722,61.06035223293732
quartic_d8,Quartic 8D,broad,benefit: mean parental objective minus midpoint objective,105,24.60653561516152,24.664908983969404,-0.05837336880788374,0.904296875,0.064453125,0.03125,-0.2586091186468984,3.922929444230176,15.39224442648798,33.19005485322728,82.92551371614867
quartic_d8,Quartic 8D,broad,benefit: mean parental objective minus midpoint objective,106,17.92996387896622,17.96474360293434,-0.03477972396812247,0.923828125,0.044921875,0.03125,0.0,6.249072470313912,13.834982236735996,25.756231237820533,55.172165626501105
quartic_d8,Quartic 8D,broad,benefit: mean parental objective minus midpoint objective,107,33.699909435655705,33.70039052041955,-0.00048108476384533735,0.966796875,0.001953125,0.03125,2.170961984091295,11.821208100274538,23.4912604321532,48.78763329193069,93.63702097745372
quartic_d8,Quartic 8D,broad,benefit: mean parental objective minus midpoint objective,108,52.33692697091335,52.33967389601617,-0.0027469251028224275,0.9609375,0.0078125,0.03125,0.9998744766066565,10.217118601984632,21.660169170858843,77.01761678673509,218.75332790466456
quartic_d8,Quartic 8D,broad,benefit: mean parental objective minus midpoint objective,109,40.75372839850576,40.75927319694897,-0.005544798443206715,0.951171875,0.017578125,0.03125,0.1548431119106901,8.482868826958299,16.056367746982538,52.76247805047147,182.54495149769707
quartic_d8,Quartic 8D,broad,benefit: mean parental objective minus midpoint objective,110,42.93337430600555,42.93585017132763,-0.0024758653220852906,0.96484375,0.00390625,0.03125,1.1956408600031505,11.482774017741866,25.481907377176796,45.939704385725946,177.13062448917668
quartic_d8,Quartic 8D,broad,benefit: mean parental objective minus midpoint objective,111,36.76387994233278,36.78215608382397,-0.018276141491192215,0.951171875,0.017578125,0.03125,0.06119127092366483,7.93981087653651,26.189197188561934,55.070840996956235,115.62910062715626
quartic_d8,Quartic 8D,broad,benefit: mean parental objective minus midpoint objective,112,46.01183647557636,46.01938763318118,-0.0075511576048238604,0.962890625,0.005859375,0.03125,1.4430983854557988,13.325622182982933,33.43636308683115,68.80165367084702,126.80220226309712
quartic_d8,Quartic 8D,broad,benefit: mean parental objective minus midpoint objective,113,31.27596124281995,31.28528601512012,-0.009324772300173442,0.9609375,0.0078125,0.03125,1.4840402671314408,14.55977231964501,26.789454223196568,43.89433655530689,73.56122031591498
quartic_d8,Quartic 8D,broad,benefit: mean parental objective minus midpoint objective,114,30.398754658413903,30.418349265383007,-0.019594606969103867,0.9375,0.03125,0.03125,0.0,6.753706357263098,23.97449589738881,43.31506486502285,92.05934104638527
quartic_d8,Quartic 8D,broad,benefit: mean parental objective minus midpoint objective,115,20.88231425475439,20.94002092497429,-0.05770667021989971,0.91015625,0.05859375,0.03125,-0.3433166289115195,4.2962024455644325,12.619323881319685,26.476617985992164,71.8592292945129
quartic_d8,Quartic 8D,broad,benefit: mean parental objective minus midpoint objective,116,36.544824100600096,36.544824100600096,0.0,0.96875,0.0,0.03125,2.4561689157726008,13.63537060739595,25.241906080449304,49.227981980998166,111.18706934420082
quartic_d8,Quartic 8D,broad,benefit: mean parental objective minus midpoint objective,117,31.366671697463005,31.36953464433957,-0.0028629468765610996,0.962890625,0.005859375,0.03125,1.2783800718748726,12.443486896026059,27.104496195836816,45.37958042278789,77.60880304983635
quartic_d8,Quartic 8D,broad,benefit: mean parental objective minus midpoint objective,118,32.2312118232411,32.233180807308486,-0.001968984067386926,0.96484375,0.00390625,0.03125,1.6738003142768418,12.558704896749845,24.15564142543537,42.05202863659218,97.92934069436203
quartic_d8,Quartic 8D,broad,benefit: mean parental objective minus midpoint objective,119,28.39609746906134,28.39609746906134,0.0,0.96875,0.0,0.03125,2.2377943182576274,11.023146869437673,23.946706916228973,39.9080252798797,68.29552575153323
quartic_d8,Quartic 8D,broad,benefit: mean parental objective minus midpoint objective,120,31.986995356903996,31.989408772324044,-0.002413415420045719,0.962890625,0.005859375,0.03125,1.2259808208656526,13.935519007419478,27.756575421236942,44.88791431631215,79.83281919092317
quartic_d8,Quartic 8D,broad,benefit: mean parental objective minus midpoint objective,121,27.121895413641614,27.126575716417303,-0.004680302775688979,0.962890625,0.005859375,0.03125,1.7131260335616565,9.959623938563055,22.684224323015084,41.33188648105576,65.73038526618657
quartic_d8,Quartic 8D,broad,benefit: mean parental objective minus midpoint objective,122,40.569920016447384,40.57899097485284,-0.0090709584054643,0.955078125,0.013671875,0.03125,0.9167233223693341,7.188881061710617,15.428258314768971,51.88255116575991,179.4604689131216
quartic_d8,Quartic 8D,broad,benefit: mean parental objective minus midpoint objective,123,32.00905825638893,32.03044978975721,-0.021391533368278738,0.951171875,0.017578125,0.03125,0.019681184558323572,9.347629846626385,19.768878102541468,47.051497734697364,99.12288797232792
quartic_d8,Quartic 8D,broad,benefit: mean parental objective minus midpoint objective,124,27.240045683851953,27.245852870828664,-0.005807186976705892,0.958984375,0.009765625,0.03125,0.3270359301931762,6.566476165056435,17.104077453192264,34.79684803653374,112.91171965316401
quartic_d8,Quartic 8D,broad,benefit: mean parental objective minus midpoint objective,125,31.337389120745335,31.355904503824036,-0.01851538307870045,0.9453125,0.0234375,0.03125,0.0,7.037027948471348,19.513697498686316,52.92678201992459,85.97310768793666
quartic_d8,Quartic 8D,broad,benefit: mean parental objective minus midpoint objective,126,42.49884322664177,42.50645234038284,-0.0076091137410718886,0.9609375,0.0078125,0.03125,1.0354506390621694,8.646901106388913,19.972547180287528,43.85862035519417,255.68419511004217
quartic_d8,Quartic 8D,broad,benefit: mean parental objective minus midpoint objective,127,46.99138525738499,47.0044679924129,-0.013082735027904756,0.94921875,0.01953125,0.03125,0.0,14.181310079987618,28.06812229308698,57.91205914871161,166.26812403710323
quartic_d8,Quartic 8D,clustered,benefit: mean parental objective minus midpoint objective,0,-3.4772338704821917,0.08405643321824345,-3.561290303700435,0.5,0.46875,0.03125,-7.757530574128072,-7.5952134562074365,0.0,0.15592570477744694,0.2767237251277555
quartic_d8,Quartic 8D,clustered,benefit: mean parental objective minus midpoint objective,1,-3.5634061991576407,0.07842735677663165,-3.641833555934272,0.486328125,0.482421875,0.03125,-7.756808914643282,-7.570786465512314,0.0,0.1491038310293103,0.2803779123786198
quartic_d8,Quartic 8D,clustered,benefit: mean parental objective minus midpoint objective,2,-3.5853997079271416,0.07957130021966306,-3.664971008146805,0.486328125,0.482421875,0.03125,-7.784731803828051,-7.619817764960067,0.0,0.1437529998735286,0.28625074822975255
quartic_d8,Quartic 8D,clustered,benefit: mean parental objective minus midpoint objective,3,-3.7062294273463094,0.07647209598106891,-3.782701523327378,0.470703125,0.498046875,0.03125,-7.796816088581728,-7.632120809834052,0.0,0.13656506343011854,0.29657968932768136
quartic_d8,Quartic 8D,clustered,benefit: mean parental objective minus midpoint objective,4,-3.2061813552590728,0.08542047453551277,-3.291601829794585,0.5390625,0.4296875,0.03125,-7.7923960726084225,-7.666324827290028,0.05419701893166454,0.14701108519883882,0.2796529928426798
quartic_d8,Quartic 8D,clustered,benefit: mean parental objective minus midpoint objective,5,-3.7030912056282306,0.07642481133052313,-3.7795160169587536,0.470703125,0.498046875,0.03125,-7.768647873951374,-7.612808747075584,0.0,0.1325245285832634,0.29353449792061237
quartic_d8,Quartic 8D,clustered,benefit: mean parental objective minus midpoint objective,6,-3.736313849433464,0.07417254229231876,-3.8104863917257825,0.46875,0.5,0.03125,-7.776955012835073,-7.637473043018051,-7.11432331918757,0.13956623665113604,0.2666586491536959
quartic_d8,Quartic 8D,clustered,benefit: mean parental objective minus midpoint objective,7,-3.6927149182936114,0.08074853586966704,-3.773463454163278,0.470703125,0.498046875,0.03125,-7.741984929829133,-7.589159073010361,0.0,0.1558910837538655,0.27765872331999075
quartic_d8,Quartic 8D,clustered,benefit: mean parental objective minus midpoint objective,8,-3.6805760863019437,0.0830932280011789,-3.7636693143031223,0.470703125,0.498046875,0.03125,-7.748057554217041,-7.575691861284583,0.0,0.14981334739597657,0.33582138827373414
quartic_d8,Quartic 8D,clustered,benefit: mean parental objective minus midpoint objective,9,-3.471216143440828,0.08296588906936751,-3.5541820325101963,0.5,0.46875,0.03125,-7.789791305197712,-7.582553055841798,0.0,0.14578113254849745,0.30534969683065616
quartic_d8,Quartic 8D,clustered,benefit: mean parental objective minus midpoint objective,10,-3.7494453419953366,0.06858963560825349,-3.81803497760359,0.46875,0.5,0.03125,-7.768520661475666,-7.6384353065271755,-7.360447627215275,0.12762785652815634,0.23770468503740386
quartic_d8,Quartic 8D,clustered,benefit: mean parental objective minus midpoint objective,11,-3.3321014893033807,0.08435394821975001,-3.4164554375231306,0.517578125,0.451171875,0.03125,-7.762760037667267,-7.588575622926174,0.05079463132862888,0.16023743702442553,0.2620386160935168
quartic_d8,Quartic 8D,clustered,benefit: mean parental objective minus midpoint objective,12,-3.580037943841546,0.08294909167287426,-3.66298703551442,0.486328125,0.482421875,0.03125,-7.75939228320754,-7.606195815027305,0.0,0.15102094905727526,0.28273946556293045
quartic_d8,Quartic 8D,clustered,benefit: mean parental objective minus midpoint objective,13,-3.6879060837823254,0.08817103706880129,-3.7760771208511263,0.46875,0.5,0.03125,-7.741876309565067,-7.5716834857829705,-6.873379831032939,0.15877209156609645,0.3283124837073439
quartic_d8,Quartic 8D,clustered,benefit: mean parental objective minus midpoint objective,14,-3.763744358598638,0.05950210178520632,-3.8232464603838445,0.470703125,0.498046875,0.03125,-7.796018165825058,-7.682385528963154,0.0,0.11069932953109529,0.20343203629957185
quartic_d8,Quartic 8D,clustered,benefit: mean parental objective minus midpoint objective,15,-3.739868313793875,0.07168659917460758,-3.8115549129684823,0.46875,0.5,0.03125,-7.802254096567998,-7.651894762690579,-7.063777000990985,0.12901940723494254,0.25600511871754983
quartic_d8,Quartic 8D,clustered,benefit: mean parental objective minus midpoint objective,16,-3.732879184172006,0.06992151339647186,-3.8028006975684776,0.470703125,0.498046875,0.03125,-7.8007565591775565,-7.669433224716843,0.0,0.13099359824560752,0.25884093165858296
quartic_d8,Quartic 8D,clustered,benefit: mean parental objective minus midpoint objective,17,-3.6664394092829786,0.09351874323517703,-3.7599581525181556,0.46875,0.5,0.03125,-7.713630848877914,-7.572193609911019,-6.875853015648054,0.1623351827807569,0.33058670165953574
quartic_d8,Quartic 8D,clustered,benefit: mean parental objective minus midpoint objective,18,-3.610833834041659,0.06908514293568266,-3.6799189769773415,0.486328125,0.482421875,0.03125,-7.769922993472838,-7.650027022404461,0.0,0.1308052463179164,0.23041482148817932
quartic_d8,Quartic 8D,clustered,benefit: mean parental objective minus midpoint objective,19,-2.2112191487295285,0.11182525122602657,-2.3230443999555552,0.6640625,0.3046875,0.03125,-7.769571800213646,-7.5122619017928,0.10497442940369675,0.17722619651590754,0.30303909296504705
quartic_d8,Quartic 8D,clustered,benefit: mean parental objective minus midpoint objective,20,-3.6919715094585612,0.06803400980056376,-3.760005519259125,0.4765625,0.4921875,0.03125,-7.80205634661158,-7.672723680225243,0.0,0.12041152527363805,0.2472145354355647
quartic_d8,Quartic 8D,clustered,benefit: mean parental objective minus midpoint objective,21,-3.705008311518054,0.08009679076301356,-3.7851051022810673,0.46875,0.5,0.03125,-7.713491090908028,-7.568549912899413,-7.303723292582579,0.15270716570955917,0.2762244122782919
quartic_d8,Quartic 8D,clustered,benefit: mean parental objective minus midpoint objective,22,-2.9668623903368574,0.10644424920298666,-3.073306639539844,0.564453125,0.404296875,0.03125,-7.750853011376415,-7.5722992196630265,0.09151755653191634,0.18578460772041883,0.3245971008153333
quartic_d8,Quartic 8D,clustered,benefit: mean parental objective minus midpoint objective,23,-3.5845052485266793,0.07554709944958395,-3.660052347976263,0.486328125,0.482421875,0.03125,-7.761341832847681,-7.598892994012292,0.0,0.1359047927556054,0.25795856877967305
quartic_d8,Quartic 8D,clustered,benefit: mean parental objective minus midpoint objective,24,-2.7685816489561956,0.09409346083248835,-2.8626751097886842,0.59375,0.375,0.03125,-7.763038905326615,-7.58679850192311,0.0862364630660594,0.15722560799595847,0.26542546965175595
quartic_d8,Quartic 8D,clustered,benefit: mean parental objective minus midpoint objective,25,-3.448206300707013,0.09051427842237647,-3.5387205791293894,0.5,0.46875,0.03125,-7.722266991620623,-7.548119756419768,0.0,0.16996002795632786,0.2931532580520413
quartic_d8,Quartic 8D,clustered,benefit: mean parental objective minus midpoint objective,26,-3.4899355456996153,0.08028601033219748,-3.5702215560318127,0.5,0.46875,0.03125,-7.809140489289006,-7.638139561339601,0.0,0.13713517027723782,0.29487691784506087
quartic_d8,Quartic 8D,clustered,benefit: mean parental objective minus midpoint objective,27,-3.774366314589102,0.05793321258534159,-3.8322995271744436,0.470703125,0.498046875,0.03125,-7.831398916222151,-7.712701877960576,0.0,0.10477801805653017,0.21558925901952092
quartic_d8,Quartic 8D,clustered,benefit: mean parental objective minus midpoint objective,28,-3.7095016762303707,0.08138385040987267,-3.7908855266402437,0.46875,0.5,0.03125,-7.718995352721635,-7.585242916769508,-7.2050888420850745,0.15468133150413488,0.26689400942756625
quartic_d8,Quartic 8D,clustered,benefit: mean parental objective minus midpoint objective,29,-3.681571959690565,0.07344735991720333,-3.755019319607768,0.4765625,0.4921875,0.03125,-7.767828918401109,-7.6412168391350015,0.0,0.13474856699477966,0.2503881474477995
quartic_d8,Quartic 8D,clustered,benefit: mean parental objective minus midpoint objective,30,-3.6981974300880625,0.07763509583405825,-3.7758325259221204,0.470703125,0.498046875,0.03125,-7.750475998098927,-7.600988541118795,0.0,0.14512683732833903,0.27632232988684
quartic_d8,Quartic 8D,clustered,benefit: mean parental objective minus midpoint objective,31,-3.6293643604220875,0.08577651337680557,-3.7151408737988936,0.4765625,0.4921875,0.03125,-7.732062517442474,-7.564618512330473,0.0,0.15269378770696881,0.300279392828836
quartic_d8,Quartic 8D,clustered,benefit: mean parental objective minus midpoint objective,32,-3.6776559197961562,0.07513092054818535,-3.7527868403443416,0.4765625,0.4921875,0.03125,-7.787414482553455,-7.6596533461102,0.0,0.13266359945344533,0.28131415429217177
quartic_d8,Quartic 8D,clustered,benefit: mean parental objective minus midpoint objective,33,-3.3503497353290017,0.08240568587924385,-3.4327554212082454,0.517578125,0.451171875,0.03125,-7.756233801412615,-7.6123354596465065,0.055996413127646305,0.15371682632600586,0.2485445103665241
quartic_d8,Quartic 8D,clustered,benefit: mean parental objective minus midpoint objective,34,-3.702702202220855,0.08211241613965344,-3.784814618360509,0.46875,0.5,0.03125,-7.730214457675585,-7.576340746829798,-7.1948368020351365,0.15915882390294311,0.27679469188480943
quartic_d8,Quartic 8D,clustered,benefit: mean parental objective minus midpoint objective,35,-3.708306814063449,0.07595150856235738,-3.7842583226258064,0.470703125,0.498046875,0.03125,-7.770039539711045,-7.604825811312458,0.0,0.13833502306098808,0.26354525239022353
quartic_d8,Quartic 8D,clustered,benefit: mean parental objective minus midpoint objective,36,-3.6970042373636995,0.08444523849303212,-3.7814494758567316,0.46875,0.5,0.03125,-7.7455873346955,-7.6098611600558455,-6.919186704589587,0.1485817331804982,0.30939260832455434
quartic_d8,Quartic 8D,clustered,benefit: mean parental objective minus midpoint objective,37,-3.6146186538082885,0.06942648543211488,-3.684045139240403,0.486328125,0.482421875,0.03125,-7.800338524485431,-7.680698040105641,0.0,0.11911646866547776,0.2344203830808418
quartic_d8,Quartic 8D,clustered,benefit: mean parental objective minus midpoint objective,38,-3.566406714268716,0.08413754500418175,-3.6505442592728974,0.486328125,0.482421875,0.03125,-7.733292297527026,-7.5846242434003495,0.0,0.15054885845654514,0.2943304390907255
quartic_d8,Quartic 8D,clustered,benefit: mean parental objective minus midpoint objective,39,-3.5044271807377294,0.07162600021261285,-3.5760531809503426,0.5,0.46875,0.03125,-7.768056285739977,-7.653658334323948,0.0,0.12878572629226975,0.23179985193066546
quartic_d8,Quartic 8D,clustered,benefit: mean parental objective minus midpoint objective,40,-3.6363048626690158,0.08355236163341373,-3.7198572243024293,0.4765625,0.4921875,0.03125,-7.714694186280438,-7.566903932540877,0.0,0.16194841292588313,0.28802273616889873
quartic_d8,Quartic 8D,clustered,benefit: mean parental objective minus midpoint objective,41,-3.3283637399144657,0.090818769791932,-3.4191825097063977,0.517578125,0.451171875,0.03125,-7.752671496857086,-7.575326456001136,0.054977560537728204,0.16858552032509064,0.28480757794014105
quartic_d8,Quartic 8D,clustered,benefit: mean parental objective minus midpoint objective,42,-3.6911234898337604,0.08096877103986949,-3.77209226087363,0.470703125,0.498046875,0.03125,-7.769070645319572,-7.6101937823694765,0.0,0.14797271175655394,0.29704361181664446
quartic_d8,Quartic 8D,clustered,benefit: mean parental objective minus midpoint objective,43,-3.5687333334206395,0.08048163574129921,-3.6492149691619384,0.486328125,0.482421875,0.03125,-7.7186261064582276,-7.559411009205239,0.0,0.15745530558048623,0.2595410124179202
quartic_d8,Quartic 8D,clustered,benefit: mean parental objective minus midpoint objective,44,-3.6708361303693327,0.08722017146049056,-3.758056301829823,0.470703125,0.498046875,0.03125,-7.755463317219536,-7.5693859328185376,0.0,0.15802205568008554,0.3175900772332007
quartic_d8,Quartic 8D,clustered,benefit: mean parental objective minus midpoint objective,45,-3.3477888265273523,0.08304233052407495,-3.4308311570514274,0.517578125,0.451171875,0.03125,-7.751470272557038,-7.607921461622455,0.054899775096247716,0.15378227436611136,0.26399817452831087
quartic_d8,Quartic 8D,clustered,benefit: mean parental objective minus midpoint objective,46,-3.649201983566736,0.08628964805160472,-3.735491631618341,0.4765625,0.4921875,0.03125,-7.779977917928707,-7.59178549291496,0.0,0.15541076854222757,0.3252379642304911
quartic_d8,Quartic 8D,clustered,benefit: mean parental objective minus midpoint objective,47,-3.66169308133615,0.07850950381137076,-3.7402025851475207,0.4765625,0.4921875,0.03125,-7.737281446234508,-7.613784101911823,0.0,0.1488150161582548,0.27713138917528124
quartic_d8,Quartic 8D,clustered,benefit: mean parental objective minus midpoint objective,48,-3.510832595961172,0.0741643498882166,-3.5849969458493893,0.5,0.46875,0.03125,-7.793442061915918,-7.652889687222011,0.0,0.13676287305399756,0.23999963791728765
quartic_d8,Quartic 8D,clustered,benefit: mean parental objective minus midpoint objective,49,-3.6499921795859995,0.08319649782153504,-3.7331886774075347,0.4765625,0.4921875,0.03125,-7.756068740187725,-7.606718099531986,0.0,0.14982860554227587,0.2783047957417228
quartic_d8,Quartic 8D,clustered,benefit: mean parental objective minus midpoint objective,50,-3.568550951719933,0.07966930125332647,-3.6482202529732604,0.486328125,0.482421875,0.03125,-7.751590971533142,-7.563606945656952,0.0,0.1542114667257331,0.25838840595587204
quartic_d8,Quartic 8D,clustered,benefit: mean parental objective minus midpoint objective,51,-3.6661496929139634,0.09015437221786224,-3.7563040651318254,0.46875,0.5,0.03125,-7.6940324059844425,-7.51385305168723,-7.1439182990928725,0.1659313149682241,0.32571267568003354
quartic_d8,Quartic 8D,clustered,benefit: mean parental objective minus midpoint objective,52,-3.748582698047842,0.06911750171117864,-3.8177001997590203,0.46875,0.5,0.03125,-7.811267625706133,-7.64760211128903,-7.18213690863185,0.12715724413167728,0.24691843131809493
quartic_d8,Quartic 8D,clustered,benefit: mean parental objective minus midpoint objective,53,-3.6418267908142936,0.08374263907643818,-3.7255694298907316,0.4765625,0.4921875,0.03125,-7.770588327530622,-7.575985365179958,0.0,0.16022668856939856,0.2856212726695701
quartic_d8,Quartic 8D,clustered,benefit: mean parental objective minus midpoint objective,54,-3.5931162290100183,0.0739296891062384,-3.6670459181162562,0.486328125,0.482421875,0.03125,-7.767106731573915,-7.607063217295453,0.0,0.12800754981874535,0.2668181950107251
quartic_d8,Quartic 8D,clustered,benefit: mean parental objective minus midpoint objective,55,-3.665005766204805,0.07806233689024351,-3.743068103095048,0.4765625,0.4921875,0.03125,-7.737084356091718,-7.623456261953007,0.0,0.14576635056163528,0.2742349712205916
quartic_d8,Quartic 8D,clustered,benefit: mean parental objective minus midpoint objective,56,-3.5909654672642217,0.07676854644202985,-3.6677340137062515,0.486328125,0.482421875,0.03125,-7.7588420552549495,-7.616861702821604,0.0,0.1404402938144829,0.265904400566917
quartic_d8,Quartic 8D,clustered,benefit: mean parental objective minus midpoint objective,57,-3.6983303753409555,0.06587236638163405,-3.764202741722589,0.4765625,0.4921875,0.03125,-7.775521686137005,-7.6481621143709955,0.0,0.12308637184438923,0.22089353622646551
quartic_d8,Quartic 8D,clustered,benefit: mean parental objective minus midpoint objective,58,-3.7066697407943474,0.07779561974934258,-3.7844653605436895,0.470703125,0.498046875,0.03125,-7.727085923358813,-7.608149302439731,0.0,0.15149423864983053,0.2635172901224525
quartic_d8,Quartic 8D,clustered,benefit: mean parental objective minus midpoint objective,59,-3.6114089644516882,0.07188878465978976,-3.6832977491114782,0.486328125,0.482421875,0.03125,-7.77700963544987,-7.647241807460771,0.0,0.13992989107779435,0.22553827156013428
quartic_d8,Quartic 8D,clustered,benefit: mean parental objective minus midpoint objective,60,-3.488673105056891,0.07795272870947736,-3.566625833766369,0.5,0.46875,0.03125,-7.7744098821111915,-7.624686187415346,0.0,0.13835344381477194,0.2671308919854329
quartic_d8,Quartic 8D,clustered,benefit: mean parental objective minus midpoint objective,61,-3.7152130481706185,0.07327301379092796,-3.7884860619615464,0.470703125,0.498046875,0.03125,-7.765353595683075,-7.609272370077572,0.0,0.14007994892199754,0.25114469689913926
quartic_d8,Quartic 8D,clustered,benefit: mean parental objective minus midpoint objective,62,-3.0239632460038655,0.07679920580675842,-3.100762451810624,0.564453125,0.404296875,0.03125,-7.8178300364809825,-7.637607993012059,0.05554252636550282,0.137278018961838,0.2453817618707012
quartic_d8,Quartic 8D,clustered,benefit: mean parental objective minus midpoint objective,63,-3.674702420730222,0.07083796288178447,-3.7455403836120063,0.4765625,0.4921875,0.03125,-7.777621312820869,-7.622700567717919,0.0,0.12439564156518176,0.26572944467638115
quartic_d8,Quartic 8D,clustered,benefit: mean parental objective minus midpoint objective,64,-3.6405723556327914,0.08192442419842402,-3.722496779831216,0.4765625,0.4921875,0.03125,-7.731206972294192,-7.585694576566765,0.0,0.1424289901292925,0.30474207741390924
quartic_d8,Quartic 8D,clustered,benefit: mean parental objective minus midpoint objective,65,-3.6845098289940816,0.07120329416996389,-3.7557131231640453,0.4765625,0.4921875,0.03125,-7.799996267590419,-7.628067538629225,0.0,0.13121482477412394,0.24141014815597855
quartic_d8,Quartic 8D,clustered,benefit: mean parental objective minus midpoint objective,66,-3.757682819836463,0.06895565239720612,-3.8266384722336695,0.46875,0.5,0.03125,-7.811679548414734,-7.6613771865310625,-7.239808326370073,0.13833644217428592,0.23209641990110957
quartic_d8,Quartic 8D,clustered,benefit: mean parental objective minus midpoint objective,67,-3.7046991001129483,0.07385354932667013,-3.7785526494396184,0.470703125,0.498046875,0.03125,-7.770303071397854,-7.606494566442508,0.0,0.13246556561532244,0.2921906950527867
quartic_d8,Quartic 8D,clustered,benefit: mean parental objective minus midpoint objective,68,-3.338788209890514,0.09225450826153579,-3.4310427181520495,0.517578125,0.451171875,0.03125,-7.775400747975203,-7.590309895317587,0.05130167121914744,0.16048882210441373,0.30658239229808326
quartic_d8,Quartic 8D,clustered,benefit: mean parental objective minus midpoint objective,69,-3.479752605166241,0.08267723610519549,-3.5624298412714364,0.5,0.46875,0.03125,-7.7893842228346575,-7.606319380212009,0.0,0.14637582713904368,0.2854083698535728
quartic_d8,Quartic 8D,clustered,benefit: mean parental objective minus midpoint objective,70,-3.6309938868099496,0.08796868974781169,-3.7189625765577614,0.4765625,0.4921875,0.03125,-7.7237510919896595,-7.580011019100395,0.0,0.15756402079629317,0.3136179030273172
quartic_d8,Quartic 8D,clustered,benefit: mean parental objective minus midpoint objective,71,-3.601877242412214,0.07450553931530252,-3.6763827817275168,0.486328125,0.482421875,0.03125,-7.794119209795773,-7.629703072145009,0.0,0.1346431436227305,0.25329507887560493
quartic_d8,Quartic 8D,clustered,benefit: mean parental objective minus midpoint objective,72,-3.688259449522372,0.08228141333774411,-3.7705408628601162,0.470703125,0.498046875,0.03125,-7.781747873194322,-7.606441619778818,0.0,0.1514787075712993,0.3051189464839984
quartic_d8,Quartic 8D,clustered,benefit: mean parental objective minus midpoint objective,73,-3.7474325515935667,0.06751561822168142,-3.8149481698152483,0.46875,0.5,0.03125,-7.771413379541847,-7.661559157747561,-7.216477699868215,0.12178298763270275,0.24647573569655
quartic_d8,Quartic 8D,clustered,benefit: mean parental objective minus midpoint objective,74,-3.706929232784217,0.0757582113221707,-3.782687444106388,0.470703125,0.498046875,0.03125,-7.741633006093672,-7.605324836270767,0.0,0.1425416900100089,0.26585858874494783
quartic_d8,Quartic 8D,clustered,benefit: mean parental objective minus midpoint objective,75,-3.727519496876189,0.06916742194105038,-3.7966869188172394,0.470703125,0.498046875,0.03125,-7.803855899286654,-7.629826360577465,0.0,0.12773751913267437,0.25506559663680484
quartic_d8,Quartic 8D,clustered,benefit: mean parental objective minus midpoint objective,76,-3.720216981652124,0.07567056659799568,-3.79588754825012,0.46875,0.5,0.03125,-7.760489817377872,-7.599250749575136,-7.185806044534385,0.14076986613049625,0.2618646391300701
quartic_d8,Quartic 8D,clustered,benefit: mean parental objective minus midpoint objective,77,-3.6491943134364693,0.07996824329380939,-3.7291625567302784,0.4765625,0.4921875,0.03125,-7.745925638335171,-7.583381404672729,0.0,0.14389892785286174,0.2820902784408366
quartic_d8,Quartic 8D,clustered,benefit: mean parental objective minus midpoint objective,78,-3.6756988549500784,0.06977570574266392,-3.7454745606927418,0.4765625,0.4921875,0.03125,-7.747852857316476,-7.619429278099703,0.0,0.13637796173746622,0.22393123547889185
quartic_d8,Quartic 8D,clustered,benefit: mean parental objective minus midpoint objective,79,-3.7388873548182087,0.0681721731009119,-3.8070595279191206,0.470703125,0.498046875,0.03125,-7.792936593794303,-7.650930899804122,0.0,0.1209221641317565,0.25733647050647385
quartic_d8,Quartic 8D,clustered,benefit: mean parental objective minus midpoint objective,80,-3.633847541405274,0.08491079524968316,-3.7187583366549575,0.4765625,0.4921875,0.03125,-7.750790280868078,-7.580209352028661,0.0,0.1606213057320015,0.2938361056895971
quartic_d8,Quartic 8D,clustered,benefit: mean parental objective minus midpoint objective,81,-3.675813007142657,0.07303112130088253,-3.7488441284435394,0.4765625,0.4921875,0.03125,-7.799047039505099,-7.640921137350795,0.0,0.13390735724606134,0.25916948997446454
quartic_d8,Quartic 8D,clustered,benefit: mean parental objective minus midpoint objective,82,-3.732576550012804,0.07253675243838678,-3.8051133024511907,0.46875,0.5,0.03125,-7.789544218369378,-7.626729958165499,-7.05267581992649,0.13418664323303037,0.2587097618444967
quartic_d8,Quartic 8D,clustered,benefit: mean parental objective minus midpoint objective,83,-3.7595954199915855,0.06396593494198966,-3.8235613549335756,0.46875,0.5,0.03125,-7.7734314156046915,-7.645457548823297,-7.326814798790411,0.1218212859733909,0.21998733980882687
quartic_d8,Quartic 8D,clustered,benefit: mean parental objective minus midpoint objective,84,-3.7263521527816073,0.07145880483781694,-3.7978109576194243,0.470703125,0.498046875,0.03125,-7.775155950037157,-7.645769595547963,0.0,0.13568012783102634,0.25045253500245
quartic_d8,Quartic 8D,clustered,benefit: mean parental objective minus midpoint objective,85,-3.6095104279056187,0.09131895514724543,-3.7008293830528647,0.4765625,0.4921875,0.03125,-7.681389666890766,-7.5476763625292085,0.0,0.17335307319207424,0.3023314953616457
quartic_d8,Quartic 8D,clustered,benefit: mean parental objective minus midpoint objective,86,-3.6693741353385088,0.07712822512289996,-3.7465023604614087,0.4765625,0.4921875,0.03125,-7.785802881527261,-7.638967272195582,0.0,0.14507870679890705,0.2658568475976412
quartic_d8,Quartic 8D,clustered,benefit: mean parental objective minus midpoint objective,87,-3.6084947496092123,0.0715731131521481,-3.6800678627613603,0.486328125,0.482421875,0.03125,-7.79019917583727,-7.627467278128754,0.0,0.12537639110626733,0.2542380891789035
quartic_d8,Quartic 8D,clustered,benefit: mean parental objective minus midpoint objective,88,-3.641562369075016,0.08507964130901796,-3.726642010384034,0.4765625,0.4921875,0.03125,-7.701350812754376,-7.577243452958592,0.0,0.17211955436657367,0.27743322728065156
quartic_d8,Quartic 8D,clustered,benefit: mean parental objective minus midpoint objective,89,-3.7738850678949616,0.05814741786933131,-3.8320324857642927,0.470703125,0.498046875,0.03125,-7.811495916860439,-7.703705616527898,0.0,0.11207963396806742,0.19657507710635053
quartic_d8,Quartic 8D,clustered,benefit: mean parental objective minus midpoint objective,90,-3.697486431453515,0.06901985829053173,-3.766506289744047,0.4765625,0.4921875,0.03125,-7.770692007416157,-7.654106690048001,0.0,0.1329307319661731,0.23377094553638578
quartic_d8,Quartic 8D,clustered,benefit: mean parental objective minus midpoint objective,91,-3.7162988334087714,0.07655530681794051,-3.7928541402267117,0.470703125,0.498046875,0.03125,-7.763015074643221,-7.621557228779247,0.0,0.1432804720297147,0.2608911301125175
quartic_d8,Quartic 8D,clustered,benefit: mean parental objective minus midpoint objective,92,-3.5698177753547293,0.08559669689027269,-3.6554144722450017,0.486328125,0.482421875,0.03125,-7.758162255104636,-7.578084819684468,0.0,0.16789759731311188,0.3005010384805372
quartic_d8,Quartic 8D,clustered,benefit: mean parental objective minus midpoint objective,93,-3.7068451419512485,0.07869359981079721,-3.7855387417620454,0.470703125,0.498046875,0.03125,-7.755464702770959,-7.645665591702694,0.0,0.134531935364055,0.24735849983217695
quartic_d8,Quartic 8D,clustered,benefit: mean parental objective minus midpoint objective,94,-3.6989784192645128,0.0834520311738435,-3.7824304504383566,0.46875,0.5,0.03125,-7.759388349590083,-7.600260920518423,-6.994947836772413,0.16107718894799486,0.2909317334191136
quartic_d8,Quartic 8D,clustered,benefit: mean parental objective minus midpoint objective,95,-3.6584977981072697,0.08148570560120783,-3.7399835037084777,0.4765625,0.4921875,0.03125,-7.79142893317815,-7.619512945675736,0.0,0.1470850523159273,0.28936584579119484
quartic_d8,Quartic 8D,clustered,benefit: mean parental objective minus midpoint objective,96,-3.730464864496427,0.06811755633955982,-3.798582420835987,0.470703125,0.498046875,0.03125,-7.762548477107707,-7.627683319907289,0.0,0.133272062119125,0.22758164653049728
quartic_d8,Quartic 8D,clustered,benefit: mean parental objective minus midpoint objective,97,-3.5918628809586703,0.07533557014042815,-3.667198451099099,0.486328125,0.482421875,0.03125,-7.743199465515227,-7.6085935601292745,0.0,0.14041482589728171,0.25037018945275474
quartic_d8,Quartic 8D,clustered,benefit: mean parental objective minus midpoint objective,98,-3.6852376180352953,0.08138151504039885,-3.766619133075694,0.470703125,0.498046875,0.03125,-7.706384041369412,-7.571511826708155,0.0,0.1658075369299734,0.27839433599858787
quartic_d8,Quartic 8D,clustered,benefit: mean parental objective minus midpoint objective,99,-3.38762998214925,0.07168363874780383,-3.4593136208970536,0.517578125,0.451171875,0.03125,-7.813951992820107,-7.66478305231137,0.040501751993387694,0.13030278165105838,0.23631076438230972
quartic_d8,Quartic 8D,clustered,benefit: mean parental objective minus midpoint objective,100,-3.703244939015425,0.07934479525959326,-3.7825897342750183,0.470703125,0.498046875,0.03125,-7.753764026565354,-7.614824411420445,0.0,0.14735319235524447,0.2748281864615477
quartic_d8,Quartic 8D,clustered,benefit: mean parental objective minus midpoint objective,101,-3.584246807512141,0.07893286020965215,-3.663179667721793,0.486328125,0.482421875,0.03125,-7.751794580062402,-7.595161757565199,0.0,0.1473294430056643,0.25942912822024405
quartic_d8,Quartic 8D,clustered,benefit: mean parental objective minus midpoint objective,102,-3.6659585900366505,0.07748688951416562,-3.743445479550816,0.4765625,0.4921875,0.03125,-7.781221982780462,-7.608074443367383,0.0,0.14385023958972676,0.2719342089505314
quartic_d8,Quartic 8D,clustered,benefit: mean parental objective minus midpoint objective,103,-3.7373233834318578,0.07061536708820669,-3.807938750520064,0.46875,0.5,0.03125,-7.769919619984921,-7.626716568598374,-7.199938097900657,0.13363695461076436,0.24341754288874928
quartic_d8,Quartic 8D,clustered,benefit: mean parental objective minus midpoint objective,104,-3.7152776984307745,0.08044703887615799,-3.7957247373069327,0.46875,0.5,0.03125,-7.788420306478877,-7.661543523323094,-7.012132723918812,0.12831845082035395,0.32694194953977956
quartic_d8,Quartic 8D,clustered,benefit: mean parental objective minus midpoint objective,105,-3.6954891631545896,0.08206008394796449,-3.777549247102554,0.470703125,0.498046875,0.03125,-7.759969979120957,-7.602088519228197,0.0,0.15720949373984378,0.28185385710797356
quartic_d8,Quartic 8D,clustered,benefit: mean parental objective minus midpoint objective,106,-3.6832016273045878,0.07484916661418288,-3.7580507939187706,0.4765625,0.4921875,0.03125,-7.788183146884326,-7.641453997887434,0.0,0.14526797553127213,0.24807371152967064
quartic_d8,Quartic 8D,clustered,benefit: mean parental objective minus midpoint objective,107,-3.5156874118505548,0.06838287823916353,-3.584070290089718,0.5,0.46875,0.03125,-7.7857333339391674,-7.638924469246566,0.0,0.12660885231996166,0.21634503237072394
quartic_d8,Quartic 8D,clustered,benefit: mean parental objective minus midpoint objective,108,-3.4832421909459637,0.0819203300951025,-3.5651625210410667,0.5,0.46875,0.03125,-7.793831020858551,-7.6011210630648804,0.0,0.15495582965743623,0.2643681136299185
quartic_d8,Quartic 8D,clustered,benefit: mean parental objective minus midpoint objective,109,-3.6618162563642533,0.07531418532002808,-3.7371304416842808,0.4765625,0.4921875,0.03125,-7.7720483751324165,-7.605524000657378,0.0,0.14370831829034209,0.26119205444466986
quartic_d8,Quartic 8D,clustered,benefit: mean parental objective minus midpoint objective,110,-3.4687794013389572,0.08609949958859059,-3.554878900927547,0.5,0.46875,0.03125,-7.8054567063728895,-7.5706748805237005,0.0,0.15648866358162467,0.2969932682673283
quartic_d8,Quartic 8D,clustered,benefit: mean parental objective minus midpoint objective,111,-3.1729507522972336,0.07977079474435511,-3.2527215470415887,0.5390625,0.4296875,0.03125,-7.741508947292322,-7.545038222831921,0.05984660388927707,0.1451066664969244,0.24474432461823292
quartic_d8,Quartic 8D,clustered,benefit: mean parental objective minus midpoint objective,112,-3.66226641686615,0.08947630220087557,-3.751742719067025,0.470703125,0.498046875,0.03125,-7.755273198191837,-7.5569288507552566,0.0,0.1561090915406771,0.3333010294696135
quartic_d8,Quartic 8D,clustered,benefit: mean parental objective minus midpoint objective,113,-3.705740258897676,0.07762931547787874,-3.7833695743755547,0.470703125,0.498046875,0.03125,-7.753215328771403,-7.62209848385798,0.0,0.14787359701715921,0.2670310663270954
quartic_d8,Quartic 8D,clustered,benefit: mean parental objective minus midpoint objective,114,-3.740641010355653,0.06843205052429191,-3.809073060879945,0.470703125,0.498046875,0.03125,-7.774973058180635,-7.652599856707539,0.0,0.12983272621319422,0.23537981865777108
quartic_d8,Quartic 8D,clustered,benefit: mean parental objective minus midpoint objective,115,-3.755684790132632,0.06554311362840214,-3.821227903761034,0.46875,0.5,0.03125,-7.800854038236746,-7.658214863763546,-7.18514944918543,0.12020416015678179,0.23174720609860927
quartic_d8,Quartic 8D,clustered,benefit: mean parental objective minus midpoint objective,116,-3.3350314929022726,0.08712081568839576,-3.422152308590668,0.517578125,0.451171875,0.03125,-7.736116470992346,-7.576371228504158,0.05136003224530289,0.15701116661328876,0.2797741190501247
quartic_d8,Quartic 8D,clustered,benefit: mean parental objective minus midpoint objective,117,-3.6999367222943524,0.07817771113901913,-3.7781144334333723,0.470703125,0.498046875,0.03125,-7.786769153349821,-7.626414234691256,0.0,0.13718204780793825,0.30589804559448674
quartic_d8,Quartic 8D,clustered,benefit: mean parental objective minus midpoint objective,118,-3.475871187250833,0.08663199438070383,-3.5625031816315365,0.5,0.46875,0.03125,-7.7676081234125345,-7.628596310613646,0.0,0.15400392071510138,0.29756998357790354
quartic_d8,Quartic 8D,clustered,benefit: mean parental objective minus midpoint objective,119,-3.1666724461766975,0.09337280816909947,-3.2600452543457967,0.5390625,0.4296875,0.03125,-7.721154398976038,-7.566346336644349,0.07003906135106314,0.17083827245639588,0.29479881407309316
quartic_d8,Quartic 8D,clustered,benefit: mean parental objective minus midpoint objective,120,-3.1890893972383285,0.08578173459353494,-3.2748711318318637,0.5390625,0.4296875,0.03125,-7.7898787591537655,-7.60076190545457,0.0633226244041086,0.1568551132661194,0.2742430962420805
quartic_d8,Quartic 8D,clustered,benefit: mean parental objective minus midpoint objective,121,-3.7235104094267726,0.0751982932161309,-3.7987087026429034,0.46875,0.5,0.03125,-7.728331864892669,-7.597743050071359,-7.223414476707029,0.1435251301730614,0.25150887010847844
quartic_d8,Quartic 8D,clustered,benefit: mean parental objective minus midpoint objective,122,-3.6853379085842217,0.0689172257708369,-3.754255134355059,0.4765625,0.4921875,0.03125,-7.827149994111761,-7.6219035101079315,0.0,0.12826144856033106,0.23282460844761613
quartic_d8,Quartic 8D,clustered,benefit: mean parental objective minus midpoint objective,123,-3.706632296670723,0.07905246669111747,-3.7856847633618402,0.470703125,0.498046875,0.03125,-7.796298774124117,-7.653298482282409,0.0,0.14031769079698608,0.28810598689926714
quartic_d8,Quartic 8D,clustered,benefit: mean parental objective minus midpoint objective,124,-3.5140506253264663,0.06614034661763382,-3.5801909719441003,0.5,0.46875,0.03125,-7.790251278814278,-7.648774501012292,0.0,0.12000162816087004,0.21636701834563682
quartic_d8,Quartic 8D,clustered,benefit: mean parental objective minus midpoint objective,125,-3.2792682182222714,0.09897140736864452,-3.3782396255909157,0.517578125,0.451171875,0.03125,-7.699393527003149,-7.454717803270281,0.04765910479818547,0.18232646308077233,0.3301418492258571
quartic_d8,Quartic 8D,clustered,benefit: mean parental objective minus midpoint objective,126,-3.575140689957449,0.0841040880409065,-3.6592447779983557,0.486328125,0.482421875,0.03125,-7.744791331855909,-7.595202180369467,0.0,0.1479227590670233,0.2949910099034501
quartic_d8,Quartic 8D,clustered,benefit: mean parental objective minus midpoint objective,127,-3.683988245584885,0.08203479484232881,-3.766023040427214,0.470703125,0.498046875,0.03125,-7.747785224046005,-7.609040676373758,0.0,0.14835681497243333,0.31727200764515734
rastrigin_d4,Rastrigin 4D,broad,benefit: mean parental objective minus midpoint objective,0,5.583312030990885,9.24200697316751,-3.6586949421766244,0.609375,0.359375,0.03125,-20.279642713949144,-4.486488767577228,4.535121083204615,15.85825318231953,32.703147863448365
rastrigin_d4,Rastrigin 4D,broad,benefit: mean parental objective minus midpoint objective,1,-2.954332143546452,5.160839888904986,-8.115172032451438,0.451171875,0.517578125,0.03125,-31.196695609181276,-13.923575248339581,-1.3324742000836807,8.489313989254846,23.529338676354534
rastrigin_d4,Rastrigin 4D,broad,benefit: mean parental objective minus midpoint objective,2,0.239184778724519,6.519078111083788,-6.2798933323592685,0.490234375,0.478515625,0.03125,-27.745800269843144,-9.599436014732369,0.0,11.361807705756625,27.601909927371263
rastrigin_d4,Rastrigin 4D,broad,benefit: mean parental objective minus midpoint objective,3,1.6211827679400688,7.254485115311537,-5.633302347371468,0.517578125,0.451171875,0.03125,-25.04543065415895,-8.730239925283719,0.9831920733775661,12.19441577188034,27.22307527017089
rastrigin_d4,Rastrigin 4D,broad,benefit: mean parental objective minus midpoint objective,4,4.636246836449131,8.866566773361154,-4.2303199369120215,0.59375,0.375,0.03125,-22.40187451024648,-6.0762686968731785,4.450838969455575,14.893943436996778,29.995943112118155
rastrigin_d4,Rastrigin 4D,broad,benefit: mean parental objective minus midpoint objective,5,5.516243447284561,9.738359917269516,-4.222116469984955,0.595703125,0.373046875,0.03125,-21.199580841260484,-5.455124543379291,4.407862780925832,16.16113560677296,35.22824880989013
rastrigin_d4,Rastrigin 4D,broad,benefit: mean parental objective minus midpoint objective,6,2.9069619298461085,8.063798570493125,-5.1568366406470165,0.5390625,0.4296875,0.03125,-24.205002615840357,-7.511643326549311,1.4462526913770617,13.754512826111075,30.847116388533035
rastrigin_d4,Rastrigin 4D,broad,benefit: mean parental objective minus midpoint objective,7,-1.255072733011925,5.696254783788771,-6.951327516800696,0.451171875,0.517578125,0.03125,-28.53222132124586,-11.646246685374201,-1.1523017472640902,8.627551935688878,27.549862532051023
rastrigin_d4,Rastrigin 4D,broad,benefit: mean parental objective minus midpoint objective,8,5.946349595340699,9.828413244602082,-3.8820636492613834,0.638671875,0.330078125,0.03125,-22.956449712067524,-5.219000951981798,5.358898875536916,16.939956637645054,30.931834186446675
rastrigin_d4,Rastrigin 4D,broad,benefit: mean parental objective minus midpoint objective,9,4.166072890392595,8.914888444930282,-4.748815554537688,0.6015625,0.3671875,0.03125,-24.987966408558442,-6.38297805890133,4.10398723357018,14.427840194519518,34.15771577688661
rastrigin_d4,Rastrigin 4D,broad,benefit: mean parental objective minus midpoint objective,10,4.219709566563826,8.732385533513177,-4.512675966949351,0.564453125,0.404296875,0.03125,-23.204039299506114,-5.631838405388855,2.5844496214474546,16.165112741325927,31.88982072610255
rastrigin_d4,Rastrigin 4D,broad,benefit: mean parental objective minus midpoint objective,11,5.112588684868218,9.196693808336942,-4.0841051234687225,0.62890625,0.33984375,0.03125,-21.48526614437833,-6.016439757134556,4.557772038974321,15.373219678473106,32.422911255875306
rastrigin_d4,Rastrigin 4D,broad,benefit: mean parental objective minus midpoint objective,12,2.862964966114969,8.412264578195005,-5.549299612080036,0.5390625,0.4296875,0.03125,-24.225876455546384,-10.053201293373448,1.7629070834880096,14.241932390526813,32.48454869690997
rastrigin_d4,Rastrigin 4D,broad,benefit: mean parental objective minus midpoint objective,13,1.2541916349973061,7.376710029796307,-6.122518394799,0.51171875,0.45703125,0.03125,-26.872306238103242,-9.80323657648836,0.376568536220212,12.256327192427023,30.955218669552654
rastrigin_d4,Rastrigin 4D,broad,benefit: mean parental objective minus midpoint objective,14,-1.2406289887488617,6.141483405795685,-7.382112394544547,0.4453125,0.5234375,0.03125,-28.789890396601773,-12.687566953717056,-0.9520111417620427,9.825880823912343,26.230677374213215
rastrigin_d4,Rastrigin 4D,broad,benefit: mean parental objective minus midpoint objective,15,3.90858515869375,8.561471478724542,-4.65288632003079,0.5859375,0.3828125,0.03125,-23.440601345160438,-6.444563549276204,3.193584136104022,15.135680999202606,31.700365850085145
rastrigin_d4,Rastrigin 4D,broad,benefit: mean parental objective minus midpoint objective,16,4.532944096413293,8.89544892404157,-4.362504827628277,0.591796875,0.376953125,0.03125,-22.061890359581675,-6.91857421225734,3.8872602757627917,15.338110847828382,31.74220497415522
rastrigin_d4,Rastrigin 4D,broad,benefit: mean parental objective minus midpoint objective,17,5.690952337836791,9.647249287791826,-3.956296949955036,0.60546875,0.36328125,0.03125,-19.239559444163064,-5.732741555957233,3.884403123317014,17.795942685316557,32.33235172851433
rastrigin_d4,Rastrigin 4D,broad,benefit: mean parental objective minus midpoint objective,18,-0.29521752167926696,6.532291757288743,-6.827509278968009,0.5,0.46875,0.03125,-27.838330661999315,-12.2719766816086,0.0,10.71680564253144,27.82349294578745
rastrigin_d4,Rastrigin 4D,broad,benefit: mean parental objective minus midpoint objective,19,2.528265718260887,7.901340034551577,-5.37307431629069,0.53515625,0.43359375,0.03125,-25.393782273818566,-8.842846788423323,1.3482701887590096,14.00208744968463,30.88670954268671
rastrigin_d4,Rastrigin 4D,broad,benefit: mean parental objective minus midpoint objective,20,4.066637605684698,8.352575937683236,-4.285938331998539,0.599609375,0.369140625,0.03125,-23.179483604632367,-5.47173199328391,2.7696004183792837,15.899286339232404,28.434819155672695
rastrigin_d4,Rastrigin 4D,broad,benefit: mean parental objective minus midpoint objective,21,0.8682443972271,6.756146576096359,-5.887902178869259,0.51953125,0.44921875,0.03125,-26.26519622658445,-10.21271123737533,0.6621203419789055,11.002001077717587,27.547369192371413
rastrigin_d4,Rastrigin 4D,broad,benefit: mean parental objective minus midpoint objective,22,3.207532541003026,8.578355816864164,-5.370823275861136,0.57421875,0.39453125,0.03125,-26.249815224774665,-8.421273052048356,2.8135280356267316,14.969062740859929,30.952854709696137
rastrigin_d4,Rastrigin 4D,broad,benefit: mean parental objective minus midpoint objective,23,3.2124977125024348,9.109255578514643,-5.896757866012209,0.56640625,0.40234375,0.03125,-28.978545069694967,-9.104878144223633,2.4580038961064403,17.23751229634255,32.16930264085895
rastrigin_d4,Rastrigin 4D,broad,benefit: mean parental objective minus midpoint objective,24,-0.2845210808464065,6.079555321887283,-6.364076402733691,0.470703125,0.498046875,0.03125,-24.867931689261205,-11.324209432480373,0.0,9.825684041724546,26.840552786204647
rastrigin_d4,Rastrigin 4D,broad,benefit: mean parental objective minus midpoint objective,25,1.0695514039660692,6.885378992982966,-5.815827589016898,0.533203125,0.435546875,0.03125,-26.661957754538527,-10.294321878955913,1.1263306075609734,11.625278019328228,27.694493385368652
rastrigin_d4,Rastrigin 4D,broad,benefit: mean parental objective minus midpoint objective,26,3.9837640797884566,8.544124446534607,-4.560360366746149,0.564453125,0.404296875,0.03125,-22.430019585587026,-6.588123093771706,3.524961093994797,15.992478047126127,31.308366002839158
rastrigin_d4,Rastrigin 4D,broad,benefit: mean parental objective minus midpoint objective,27,5.167443659953435,9.54058964753204,-4.373145987578605,0.591796875,0.376953125,0.03125,-24.24934113970689,-5.862045436412316,3.872659133170174,17.745958474571708,33.33493217841239
rastrigin_d4,Rastrigin 4D,broad,benefit: mean parental objective minus midpoint objective,28,-1.1355446577837331,6.391345733382874,-7.5268903911666065,0.484375,0.484375,0.03125,-32.07205723632464,-13.023246684947608,0.0,11.108465012087436,25.816017075233283
rastrigin_d4,Rastrigin 4D,broad,benefit: mean parental objective minus midpoint objective,29,-0.1491074828161354,6.7228178952094195,-6.871925378025555,0.498046875,0.470703125,0.03125,-30.217720890556578,-12.003073786740018,0.0,11.610506601929046,26.992282546448347
rastrigin_d4,Rastrigin 4D,broad,benefit: mean parental objective minus midpoint objective,30,6.565825492601192,10.137971600561116,-3.5721461079599237,0.642578125,0.326171875,0.03125,-19.732596549159588,-4.404746450634491,5.3879307712852835,16.592359982415537,35.452884268104
rastrigin_d4,Rastrigin 4D,broad,benefit: mean parental objective minus midpoint objective,31,4.081645323632277,8.577437639170043,-4.495792315537765,0.580078125,0.388671875,0.03125,-22.11186888918917,-7.172446034031992,2.6776375216677692,14.674276771872023,33.32253133709159
rastrigin_d4,Rastrigin 4D,broad,benefit: mean parental objective minus midpoint objective,32,3.2641440963063952,8.268999944377004,-5.0048558480706085,0.5390625,0.4296875,0.03125,-22.94258147337527,-7.708957052490405,1.9365609283315806,14.43326517644423,32.49782950785027
rastrigin_d4,Rastrigin 4D,broad,benefit: mean parental objective minus midpoint objective,33,4.65262232008741,9.401716856904272,-4.749094536816862,0.576171875,0.392578125,0.03125,-23.71599982809824,-7.135619422991965,3.1367999183601896,15.921205598829928,35.41900839945912
rastrigin_d4,Rastrigin 4D,broad,benefit: mean parental objective minus midpoint objective,34,-0.7782011668972528,5.494899907418313,-6.273101074315566,0.4609375,0.5078125,0.03125,-26.357514413175338,-10.217290103311896,-0.1449524461619447,9.471936104646485,23.38667147427792
rastrigin_d4,Rastrigin 4D,broad,benefit: mean parental objective minus midpoint objective,35,5.023388929167054,9.322340727667243,-4.298951798500189,0.58984375,0.37890625,0.03125,-21.297900519809318,-6.181386578740913,4.316716936567651,16.113189536895717,33.99492537523218
rastrigin_d4,Rastrigin 4D,broad,benefit: mean parental objective minus midpoint objective,36,5.031278493215853,9.1073171976568,-4.076038704440945,0.58984375,0.37890625,0.03125,-21.740535184349334,-5.42010739120839,3.806591579776452,17.420069615628314,31.449268847808924
rastrigin_d4,Rastrigin 4D,broad,benefit: mean parental objective minus midpoint objective,37,6.787111094176013,9.97416842451844,-3.187057330342428,0.638671875,0.330078125,0.03125,-17.271826582919964,-3.3301959586276766,5.5955432647727505,16.757756160853518,34.76429308362551
rastrigin_d4,Rastrigin 4D,broad,benefit: mean parental objective minus midpoint objective,38,3.9493204399704487,9.064226930343315,-5.114906490372867,0.58203125,0.38671875,0.03125,-25.703931226585908,-7.689947451356794,3.160152538055172,14.6956162051683,32.93583471062298
rastrigin_d4,Rastrigin 4D,broad,benefit: mean parental objective minus midpoint objective,39,-0.2779111896763802,6.905452162498875,-7.183363352175255,0.44140625,0.52734375,0.03125,-27.796967515360116,-13.120176258531501,-0.9397460838116132,11.040037460327206,33.070639046870326
rastrigin_d4,Rastrigin 4D,broad,benefit: mean parental objective minus midpoint objective,40,2.2498951854680214,8.076372937710573,-5.8264777522425515,0.515625,0.453125,0.03125,-26.303830379921266,-9.161977850211372,1.465838253682172,13.980834367682192,31.63004142759762
rastrigin_d4,Rastrigin 4D,broad,benefit: mean parental objective minus midpoint objective,41,4.004948553746729,8.605414187459168,-4.600465633712439,0.580078125,0.388671875,0.03125,-22.421284950846456,-6.3709149595361225,3.3774439911368717,14.042969420736966,32.0245564741229
rastrigin_d4,Rastrigin 4D,broad,benefit: mean parental objective minus midpoint objective,42,-1.671496702387718,5.912778187429595,-7.584274889817312,0.43359375,0.53515625,0.03125,-32.762673390426684,-12.398945613364006,-1.130511090455613,8.10258204249579,29.0336777235459
rastrigin_d4,Rastrigin 4D,broad,benefit: mean parental objective minus midpoint objective,43,2.1010347049495754,7.644842943007653,-5.543808238058077,0.521484375,0.447265625,0.03125,-26.18009100307431,-8.818378324997227,0.7883911445291858,13.401244326091515,31.00951132302956
rastrigin_d4,Rastrigin 4D,broad,benefit: mean parental objective minus midpoint objective,44,2.548782170370445,7.488534114188573,-4.939751943818127,0.5546875,0.4140625,0.03125,-22.607027222698832,-7.271458676614451,2.109330691492481,13.066655814926172,28.58556346587586
rastrigin_d4,Rastrigin 4D,broad,benefit: mean parental objective minus midpoint objective,45,4.554345523098519,9.199323622436124,-4.644978099337604,0.576171875,0.392578125,0.03125,-23.169214448516243,-6.905479173995545,3.1173581470342953,15.558295328729685,35.70070546675099
rastrigin_d4,Rastrigin 4D,broad,benefit: mean parental objective minus midpoint objective,46,3.3658453660126364,7.822513395704492,-4.456668029691857,0.587890625,0.380859375,0.03125,-21.60572297954004,-6.715006164058927,3.6012988895903746,12.92230320707288,28.15745426291885
rastrigin_d4,Rastrigin 4D,broad,benefit: mean parental objective minus midpoint objective,47,5.660223948048056,9.717094731227702,-4.056870783179646,0.625,0.34375,0.03125,-22.37049330508485,-4.846317046206394,4.646674884809336,17.041082672212465,33.77160832079057
rastrigin_d4,Rastrigin 4D,broad,benefit: mean parental objective minus midpoint objective,48,-5.178451178747257,4.904067386696653,-10.08251856544391,0.373046875,0.595703125,0.03125,-33.627148760017896,-17.061166177884616,-4.972140728892555,6.537911255567089,25.980121476806296
rastrigin_d4,Rastrigin 4D,broad,benefit: mean parental objective minus midpoint objective,49,-0.7804916538554139,6.304414038630055,-7.084905692485469,0.486328125,0.482421875,0.03125,-30.185388939308048,-11.58840308929777,0.0,10.756781022203235,26.206307440652164
rastrigin_d4,Rastrigin 4D,broad,benefit: mean parental objective minus midpoint objective,50,4.121550477399582,9.253888225773684,-5.132337748374102,0.564453125,0.404296875,0.03125,-23.929499071379396,-8.137155138183239,2.9697218877178244,16.20063873528901,35.41252273700144
rastrigin_d4,Rastrigin 4D,broad,benefit: mean parental objective minus midpoint objective,51,3.024259961845696,8.57520215167392,-5.550942189828227,0.55859375,0.41015625,0.03125,-25.722639537787522,-9.24295538716381,2.0659793605679653,14.48420311105971,33.05346837281115
rastrigin_d4,Rastrigin 4D,broad,benefit: mean parental objective minus midpoint objective,52,3.058352506936338,8.0400230875145,-4.981670580578163,0.556640625,0.412109375,0.03125,-23.66979514340254,-7.904283424510581,2.30826141708782,13.221420314277921,31.255883168582837
rastrigin_d4,Rastrigin 4D,broad,benefit: mean parental objective minus midpoint objective,53,-1.30160725819812,5.846122974179723,-7.147730232377843,0.44921875,0.51953125,0.03125,-29.157578468392813,-12.505872184023367,-0.3787119968608863,9.40226828283187,26.917062214086947
rastrigin_d4,Rastrigin 4D,broad,benefit: mean parental objective minus midpoint objective,54,5.450788290240569,9.727382121374186,-4.276593831133617,0.60546875,0.36328125,0.03125,-22.130773894012577,-5.988672747410586,5.211515301383038,15.910477474828042,33.856169806140734
rastrigin_d4,Rastrigin 4D,broad,benefit: mean parental objective minus midpoint objective,55,3.967570052415039,9.061244949370295,-5.093674896955255,0.58984375,0.37890625,0.03125,-23.68763658296311,-8.061436517857054,3.8998610096536908,15.000217847619183,34.75137101972097
rastrigin_d4,Rastrigin 4D,broad,benefit: mean parental objective minus midpoint objective,56,2.1923795681053435,8.08284479409911,-5.890465225993766,0.544921875,0.423828125,0.03125,-27.058894704830415,-9.128057491085293,1.7062686526850328,14.156003224604994,29.796619729049404
rastrigin_d4,Rastrigin 4D,broad,benefit: mean parental objective minus midpoint objective,57,3.0220207937415178,8.445124839733202,-5.423104045991685,0.54296875,0.42578125,0.03125,-26.402315374394504,-8.316943740935457,1.8897467672148593,14.545174991913655,31.649937837145522
rastrigin_d4,Rastrigin 4D,broad,benefit: mean parental objective minus midpoint objective,58,0.8454309157929952,6.707630718972354,-5.862199803179358,0.509765625,0.458984375,0.03125,-27.705676501262893,-9.020392825942828,0.4776524584778272,12.289706979749042,27.6371301822822
rastrigin_d4,Rastrigin 4D,broad,benefit: mean parental objective minus midpoint objective,59,5.097636070578324,9.462475947441082,-4.3648398768627565,0.60546875,0.36328125,0.03125,-21.121301502849214,-6.613516463361343,4.326415306235944,15.587067471044811,32.031410472709865
rastrigin_d4,Rastrigin 4D,broad,benefit: mean parental objective minus midpoint objective,60,-0.7711072825455737,6.456339938255696,-7.2274472208012694,0.46484375,0.50390625,0.03125,-29.684775287714473,-12.140821684749554,-0.3515142502607702,10.323438077594396,28.23088036853823
rastrigin_d4,Rastrigin 4D,broad,benefit: mean parental objective minus midpoint objective,61,4.411225651193731,8.522165203425196,-4.110939552231465,0.57421875,0.39453125,0.03125,-19.365777110831004,-6.060183397426059,3.5060266724006297,14.625146799092242,31.834148833198363
rastrigin_d4,Rastrigin 4D,broad,benefit: mean parental objective minus midpoint objective,62,4.8882155181549845,9.334911338284297,-4.446695820129314,0.58984375,0.37890625,0.03125,-23.36823673242587,-6.013149398200305,4.46932285702443,15.582307005405532,34.96654216124368
rastrigin_d4,Rastrigin 4D,broad,benefit: mean parental objective minus midpoint objective,63,4.319087931662766,8.631832136863652,-4.312744205200886,0.58984375,0.37890625,0.03125,-21.92004549343035,-5.974214752907876,3.806048215741015,15.46172568630146,29.53854303237529
rastrigin_d4,Rastrigin 4D,broad,benefit: mean parental objective minus midpoint objective,64,3.077977162348825,8.252375124767717,-5.17439796241889,0.556640625,0.412109375,0.03125,-23.104609128688253,-8.288232129243305,2.8711050428914717,14.95634757546987,29.583923644713586
rastrigin_d4,Rastrigin 4D,broad,benefit: mean parental objective minus midpoint objective,65,7.136689149571142,11.224306456677667,-4.087617307106525,0.619140625,0.349609375,0.03125,-22.56572086067579,-4.7490504032559215,5.974929851040301,19.311215380812165,38.416193874334084
rastrigin_d4,Rastrigin 4D,broad,benefit: mean parental objective minus midpoint objective,66,1.8800013307131809,7.335228564706004,-5.455227233992823,0.5390625,0.4296875,0.03125,-24.572199806486125,-9.267424309399061,1.2537494427799842,12.685203651912289,30.090704210844894
rastrigin_d4,Rastrigin 4D,broad,benefit: mean parental objective minus midpoint objective,67,3.173574747851335,8.238295612382656,-5.064720864531321,0.5703125,0.3984375,0.03125,-26.269230628537663,-6.979571778806232,3.4769878244821513,14.703271834532963,28.784568743378074
rastrigin_d4,Rastrigin 4D,broad,benefit: mean parental objective minus midpoint objective,68,1.5389907713457234,8.02033403020591,-6.481343258860188,0.5234375,0.4453125,0.03125,-31.058734167055682,-10.529300794786785,1.0351444895339839,12.980860796442101,32.42423487958285
rastrigin_d4,Rastrigin 4D,broad,benefit: mean parental objective minus midpoint objective,69,5.29370042637681,9.889645387782728,-4.59594496140592,0.57421875,0.39453125,0.03125,-22.644531119968754,-6.510436004642898,4.120237185605333,17.206323396326557,35.242287927510255
rastrigin_d4,Rastrigin 4D,broad,benefit: mean parental objective minus midpoint objective,70,4.438423219609241,9.178529955462455,-4.740106735853214,0.603515625,0.365234375,0.03125,-25.152040518090544,-6.2599381009112065,3.721923988308923,15.327284447281663,34.400361837890294
rastrigin_d4,Rastrigin 4D,broad,benefit: mean parental objective minus midpoint objective,71,0.2711158701209173,6.933881867308102,-6.662765997187186,0.501953125,0.466796875,0.03125,-29.258923504213627,-10.94621962057451,0.022958575864379327,11.381264524985596,29.259159988140823
rastrigin_d4,Rastrigin 4D,broad,benefit: mean parental objective minus midpoint objective,72,6.829583287084024,10.719099900731365,-3.889516613647342,0.626953125,0.341796875,0.03125,-19.738690277032646,-5.051588941972149,6.480063842557783,19.03858871628111,36.750990199486225
rastrigin_d4,Rastrigin 4D,broad,benefit: mean parental objective minus midpoint objective,73,2.2363393589688148,7.911343627372447,-5.675004268403632,0.544921875,0.423828125,0.03125,-25.833118023842147,-8.975120444108043,2.1753027406630068,14.551209548431366,30.88691281936466
rastrigin_d4,Rastrigin 4D,broad,benefit: mean parental objective minus midpoint objective,74,-0.6641058014066031,6.259923742233656,-6.924029543640259,0.470703125,0.498046875,0.03125,-29.178871957741368,-11.292508047653968,0.0,10.050457331086129,27.394002021158528
rastrigin_d4,Rastrigin 4D,broad,benefit: mean parental objective minus midpoint objective,75,3.9091050914897463,8.027702007456368,-4.11859691596662,0.583984375,0.384765625,0.03125,-22.306572350423018,-5.383283582979885,3.505533427783881,13.685340912616077,27.998203890617635
rastrigin_d4,Rastrigin 4D,broad,benefit: mean parental objective minus midpoint objective,76,2.9455325011604985,8.335896420548107,-5.390363919387607,0.56640625,0.40234375,0.03125,-25.591029075979307,-7.827691172665887,2.767560949430859,13.489336719456489,32.103616611178424
rastrigin_d4,Rastrigin 4D,broad,benefit: mean parental objective minus midpoint objective,77,4.028136780480692,8.909838871974184,-4.881702091493494,0.5625,0.40625,0.03125,-24.293382060651787,-6.6803913375068475,2.3180236142159316,16.16423138365021,33.093828090211645
rastrigin_d4,Rastrigin 4D,broad,benefit: mean parental objective minus midpoint objective,78,2.4670877680552126,8.02085478608689,-5.553767018031677,0.53515625,0.43359375,0.03125,-26.561713377932442,-8.497123768211559,1.373114279509771,14.296814109270521,30.237645823599493
rastrigin_d4,Rastrigin 4D,broad,benefit: mean parental objective minus midpoint objective,79,3.403394758555442,8.735716131993495,-5.332321373438052,0.556640625,0.412109375,0.03125,-25.42467216706998,-6.9914396923405135,3.186784447486801,15.07425777379973,32.806320498100334
rastrigin_d4,Rastrigin 4D,broad,benefit: mean parental objective minus midpoint objective,80,6.073831858674861,10.440215591904884,-4.366383733230022,0.609375,0.359375,0.03125,-22.021607484252485,-5.114102167493087,5.647245315925993,18.027346438820572,36.874307612765904
rastrigin_d4,Rastrigin 4D,broad,benefit: mean parental objective minus midpoint objective,81,7.684109440629799,11.016113043630975,-3.3320036030011755,0.642578125,0.326171875,0.03125,-20.196656312263386,-3.269877113528473,6.267099432451339,18.984045806217885,37.019158048354285
rastrigin_d4,Rastrigin 4D,broad,benefit: mean parental objective minus midpoint objective,82,1.4699243903854409,7.104038460445613,-5.634114070060173,0.521484375,0.447265625,0.03125,-26.170682615010797,-9.021003369153703,0.6071952667071088,12.13665347638183,28.495073138824452
rastrigin_d4,Rastrigin 4D,broad,benefit: mean parental objective minus midpoint objective,83,1.9600321822191906,7.805962651316699,-5.8459304690975085,0.525390625,0.443359375,0.03125,-25.92695785654403,-9.919050995642863,0.6995300788863759,13.612228421464781,30.57978216586482
rastrigin_d4,Rastrigin 4D,broad,benefit: mean parental objective minus midpoint objective,84,0.5993909320891837,7.253131273924529,-6.653740341835346,0.498046875,0.470703125,0.03125,-29.695976792379874,-10.447456331939037,0.0,11.77375918020904,31.151344941891892
rastrigin_d4,Rastrigin 4D,broad,benefit: mean parental objective minus midpoint objective,85,1.645424783050864,7.46469824626645,-5.819273463215586,0.537109375,0.431640625,0.03125,-24.712909969633657,-9.775618074526577,1.4329434501763316,12.87765362269647,29.715183025415143
rastrigin_d4,Rastrigin 4D,broad,benefit: mean parental objective minus midpoint objective,86,2.2007719431599706,7.987108357212696,-5.786336414052725,0.54296875,0.42578125,0.03125,-27.333135285410933,-9.53429335991635,1.5591136976621556,13.650358527328336,30.893472574242086
rastrigin_d4,Rastrigin 4D,broad,benefit: mean parental objective minus midpoint objective,87,3.535823246293566,8.635805100625422,-5.099981854331856,0.57421875,0.39453125,0.03125,-28.45814904405642,-6.562101567229092,3.675149159570797,15.624102022059681,32.69607363412423
rastrigin_d4,Rastrigin 4D,broad,benefit: mean parental objective minus midpoint objective,88,6.523980921099834,10.247140866306385,-3.7231599452065502,0.626953125,0.341796875,0.03125,-20.191572756834063,-3.913452468937791,6.182376800918696,16.94248482581927,34.52701366449885
rastrigin_d4,Rastrigin 4D,broad,benefit: mean parental objective minus midpoint objective,89,-4.2791779115604225,4.793444331031987,-9.07262224259241,0.384765625,0.583984375,0.03125,-33.905595543201926,-15.548671555220764,-3.4998197163227616,6.488737736682651,23.83451400609507
rastrigin_d4,Rastrigin 4D,broad,benefit: mean parental objective minus midpoint objective,90,3.162226892822534,8.36904137777886,-5.206814484956325,0.572265625,0.396484375,0.03125,-25.38122880727267,-7.841757735254404,3.4218392277418417,13.556996898308185,31.62287339578847
rastrigin_d4,Rastrigin 4D,broad,benefit: mean parental objective minus midpoint objective,91,5.738808487369462,10.456669357397317,-4.717860870027855,0.62109375,0.34765625,0.03125,-26.21860489860122,-5.6948406817620025,6.103151758308101,17.965307426808028,34.276729848989255
rastrigin_d4,Rastrigin 4D,broad,benefit: mean parental objective minus midpoint objective,92,3.8917335431922897,8.605581221521419,-4.713847678329129,0.55859375,0.41015625,0.03125,-22.9648615813731,-7.806933556588412,1.7462836613241137,15.695383024958591,30.35043844124424
rastrigin_d4,Rastrigin 4D,broad,benefit: mean parental objective minus midpoint objective,93,-1.068782651493374,5.80106882934564,-6.869851480839014,0.4609375,0.5078125,0.03125,-28.366536936119395,-11.485425292728088,-0.27956799575161284,8.504620164772213,25.133126037682956
rastrigin_d4,Rastrigin 4D,broad,benefit: mean parental objective minus midpoint objective,94,4.45458673854867,8.981079661180397,-4.526492922631728,0.576171875,0.392578125,0.03125,-20.79742812752704,-7.460584670403286,2.403104891870953,15.625075680496309,32.51916170809905
rastrigin_d4,Rastrigin 4D,broad,benefit: mean parental objective minus midpoint objective,95,3.921077953013545,8.865854822069512,-4.944776869055968,0.59765625,0.37109375,0.03125,-23.796602387097096,-7.261145452240704,4.455161982709065,15.016357764676158,30.222224060824864
rastrigin_d4,Rastrigin 4D,broad,benefit: mean parental objective minus midpoint objective,96,8.316866802186688,11.764060538783323,-3.447193736596633,0.65234375,0.31640625,0.03125,-21.75290843312321,-2.7735525670340664,8.060986164920912,20.50117231183134,36.86456762694729
rastrigin_d4,Rastrigin 4D,broad,benefit: mean parental objective minus midpoint objective,97,2.9775482864320786,8.396770283094133,-5.4192219966620545,0.546875,0.421875,0.03125,-24.94488176623642,-8.009484296730733,2.390351019877798,14.413190372501674,30.73599322618623
rastrigin_d4,Rastrigin 4D,broad,benefit: mean parental objective minus midpoint objective,98,-0.5966819851236721,6.3068212799576635,-6.903503265081335,0.482421875,0.486328125,0.03125,-31.66066575537826,-10.711108884641938,0.0,11.285490988734235,25.09440042782797
rastrigin_d4,Rastrigin 4D,broad,benefit: mean parental objective minus midpoint objective,99,0.8242606217135515,7.259900498697739,-6.4356398769841885,0.509765625,0.458984375,0.03125,-26.539020232742608,-11.249683357942388,0.11875075911742528,13.621244154112304,28.931449040181707
rastrigin_d4,Rastrigin 4D,broad,benefit: mean parental objective minus midpoint objective,100,4.583194598557622,9.5414941029567,-4.958299504399079,0.591796875,0.376953125,0.03125,-26.310372503227555,-7.352922121855322,4.3181369405943215,15.937031362406405,33.92850093581894
rastrigin_d4,Rastrigin 4D,broad,benefit: mean parental objective minus midpoint objective,101,3.39730010019655,9.220240809312042,-5.8229407091154926,0.564453125,0.404296875,0.03125,-28.30049501807072,-9.103261625996332,2.988851076642753,16.748516491649596,34.25209529716371
rastrigin_d4,Rastrigin 4D,broad,benefit: mean parental objective minus midpoint objective,102,2.92403564110654,8.147437860943175,-5.223402219836634,0.552734375,0.416015625,0.03125,-25.148368755607628,-8.284994510664959,2.249414624678515,14.630088784514431,31.39874140498702
rastrigin_d4,Rastrigin 4D,broad,benefit: mean parental objective minus midpoint objective,103,-2.3493619035134623,4.609330516716551,-6.9586924202300136,0.419921875,0.548828125,0.03125,-28.14778265213836,-12.779534786726387,-1.3439369107807053,7.196279403449754,22.130022580124873
rastrigin_d4,Rastrigin 4D,broad,benefit: mean parental objective minus midpoint objective,104,3.85224856489371,8.76149147819958,-4.90924291330587,0.564453125,0.404296875,0.03125,-24.6930191811109,-6.9303148507147085,2.2312344398892208,15.137053545536453,31.796445013227753
rastrigin_d4,Rastrigin 4D,broad,benefit: mean parental objective minus midpoint objective,105,0.7880000939797723,7.3303995303983625,-6.542399436418589,0.517578125,0.451171875,0.03125,-31.85714523825736,-10.305331566660854,0.6486576402307165,12.792856934748983,31.23200994146532
rastrigin_d4,Rastrigin 4D,broad,benefit: mean parental objective minus midpoint objective,106,1.4800862497865246,7.693138185589648,-6.213051935803124,0.525390625,0.443359375,0.03125,-27.824997202409627,-10.474795673690984,1.6523304043539895,13.3060194218871,30.70367135753358
rastrigin_d4,Rastrigin 4D,broad,benefit: mean parental objective minus midpoint objective,107,3.2703838431973256,7.691060600000756,-4.420676756803431,0.576171875,0.392578125,0.03125,-21.747687876308433,-6.5465100042433875,2.007691187990723,12.755303857936298,30.26270640641315
rastrigin_d4,Rastrigin 4D,broad,benefit: mean parental objective minus midpoint objective,108,5.778387179462847,9.957008018727446,-4.1786208392646005,0.599609375,0.369140625,0.03125,-23.26268243734328,-5.743389537989771,5.004216060128471,16.279519032789622,35.08171199826946
rastrigin_d4,Rastrigin 4D,broad,benefit: mean parental objective minus midpoint objective,109,6.065371273049494,10.094013354058692,-4.028642081009197,0.626953125,0.341796875,0.03125,-21.616278398563345,-5.551152341904242,5.438971613003602,17.540662012635554,35.10076906579266
rastrigin_d4,Rastrigin 4D,broad,benefit: mean parental objective minus midpoint objective,110,1.8583060714541066,7.934367644142227,-6.07606157268812,0.5390625,0.4296875,0.03125,-26.498804342734914,-10.733059045514807,2.027456327833562,13.512542676425795,32.79200256119063
rastrigin_d4,Rastrigin 4D,broad,benefit: mean parental objective minus midpoint objective,111,0.8007370819785757,7.359797090948335,-6.55906000896976,0.49609375,0.47265625,0.03125,-27.20566799134869,-11.61709273353107,0.0,12.872782056066178,30.185938857835506
rastrigin_d4,Rastrigin 4D,broad,benefit: mean parental objective minus midpoint objective,112,2.8213066063742915,7.5927105662680425,-4.771403959893751,0.5703125,0.3984375,0.03125,-22.348389614146022,-7.284929664556806,2.7532865660817407,12.526897591876676,28.96403690613318
rastrigin_d4,Rastrigin 4D,broad,benefit: mean parental objective minus midpoint objective,113,1.8472301451126478,7.462377905848612,-5.6151477607359634,0.513671875,0.455078125,0.03125,-25.122986170773807,-9.00679836725557,0.6491577736952721,12.73667609570672,29.572582238952062
rastrigin_d4,Rastrigin 4D,broad,benefit: mean parental objective minus midpoint objective,114,2.5929549347342826,7.938078254656636,-5.345123319922355,0.55078125,0.41796875,0.03125,-25.221647813728865,-8.614030487030533,2.1522080299079533,13.486403594188765,29.636920194829756
rastrigin_d4,Rastrigin 4D,broad,benefit: mean parental objective minus midpoint objective,115,6.0888223867554,10.447742681117163,-4.358920294361765,0.611328125,0.357421875,0.03125,-21.3014158291342,-5.731380851597777,5.4601506427264965,18.118417167302134,35.90804712588316
rastrigin_d4,Rastrigin 4D,broad,benefit: mean parental objective minus midpoint objective,116,1.9355511087517818,7.401330533198572,-5.46577942444679,0.537109375,0.431640625,0.03125,-25.720001657401262,-8.761272476047026,1.4394547217214964,13.169296773817116,27.757521496923754
rastrigin_d4,Rastrigin 4D,broad,benefit: mean parental objective minus midpoint objective,117,5.464547981428768,9.54210245073469,-4.077554469305922,0.611328125,0.357421875,0.03125,-20.638016635874166,-5.243376842303718,4.775225779088409,16.425599669269474,32.35490342305985
rastrigin_d4,Rastrigin 4D,broad,benefit: mean parental objective minus midpoint objective,118,1.471737879256044,8.252618557510042,-6.780880678253997,0.501953125,0.466796875,0.03125,-28.943331877217354,-11.952958722668754,0.014016448316439778,14.874175698208383,33.69132584160793
rastrigin_d4,Rastrigin 4D,broad,benefit: mean parental objective minus midpoint objective,119,3.2056860339324436,8.406384964319425,-5.200698930386981,0.576171875,0.392578125,0.03125,-26.642666258003437,-7.022247788394175,2.9102510164723725,13.231352655280556,34.70211295262515
rastrigin_d4,Rastrigin 4D,broad,benefit: mean parental objective minus midpoint objective,120,2.7317710099377757,8.068462848271588,-5.336691838333813,0.546875,0.421875,0.03125,-26.123788732318488,-9.49727904191893,2.0890764492337865,13.407133207119522,30.851484626728336
rastrigin_d4,Rastrigin 4D,broad,benefit: mean parental objective minus midpoint objective,121,2.6122974488133837,7.84659652496484,-5.234299076151457,0.556640625,0.412109375,0.03125,-24.11904586581472,-7.542042711011234,1.7992193449809477,14.268953146194285,29.34939127660304
rastrigin_d4,Rastrigin 4D,broad,benefit: mean parental objective minus midpoint objective,122,3.2069309833390545,8.856460052222697,-5.649529068883642,0.548828125,0.419921875,0.03125,-25.685934510841488,-7.950200924041027,2.291046696115046,14.910722443640893,35.20696762808723
rastrigin_d4,Rastrigin 4D,broad,benefit: mean parental objective minus midpoint objective,123,3.486858171672993,9.010744599934538,-5.523886428261545,0.546875,0.421875,0.03125,-25.637114743791074,-9.271570228696476,2.6182708150240472,15.491737908359951,33.341129134645946
rastrigin_d4,Rastrigin 4D,broad,benefit: mean parental objective minus midpoint objective,124,-0.3613294647591504,7.227444019187928,-7.588773483947078,0.4921875,0.4765625,0.03125,-32.04605594737216,-12.792489059356711,0.0,13.259131010596768,28.846216517638112
rastrigin_d4,Rastrigin 4D,broad,benefit: mean parental objective minus midpoint objective,125,1.3128922507542857,7.333273648881188,-6.0203813981269025,0.52734375,0.44140625,0.03125,-27.503904582140358,-9.99483488495634,0.9486168693245389,12.885448736483553,28.037867373956683
rastrigin_d4,Rastrigin 4D,broad,benefit: mean parental objective minus midpoint objective,126,7.051279406047219,10.502792984285342,-3.4515135782381243,0.66015625,0.30859375,0.03125,-19.862180633549883,-2.866902952831481,6.960275879080811,18.104388258217263,33.90721255520888
rastrigin_d4,Rastrigin 4D,broad,benefit: mean parental objective minus midpoint objective,127,3.3738642221763993,7.999567456044651,-4.6257032338682516,0.564453125,0.404296875,0.03125,-22.391928134136613,-7.000600246264945,2.68956339211492,13.110620432161948,30.439703484836976
rastrigin_d4,Rastrigin 4D,clustered,benefit: mean parental objective minus midpoint objective,0,4.766968008397916,4.766968008397916,0.0,0.96875,0.0,0.03125,0.3854162995372654,2.34277703392684,4.892273168698502,6.655068634151034,9.653979846707752
rastrigin_d4,Rastrigin 4D,clustered,benefit: mean parental objective minus midpoint objective,1,5.649015441185372,5.649015441185372,0.0,0.96875,0.0,0.03125,0.4139070366183999,3.3327046708909975,5.584270788463529,7.640722737546065,11.572605191264557
rastrigin_d4,Rastrigin 4D,clustered,benefit: mean parental objective minus midpoint objective,2,5.700440627609478,5.700440627609478,0.0,0.96875,0.0,0.03125,0.765048783048524,3.2544398907066237,5.561481860740996,7.768897851131673,11.349886369529923
rastrigin_d4,Rastrigin 4D,clustered,benefit: mean parental objective minus midpoint objective,3,5.289591752555559,5.289591752555559,0.0,0.96875,0.0,0.03125,0.5002700591291003,2.614376945013994,5.13153670829035,7.248096775695599,11.252477110600084
rastrigin_d4,Rastrigin 4D,clustered,benefit: mean parental objective minus midpoint objective,4,4.920207557052436,4.920207557052436,0.0,0.96875,0.0,0.03125,0.48863148555764013,2.2250789929370898,5.009950379715802,6.809762546963223,10.309436672165392
rastrigin_d4,Rastrigin 4D,clustered,benefit: mean parental objective minus midpoint objective,5,5.840893907152413,5.840893907152413,0.0,0.96875,0.0,0.03125,0.6264347585943142,3.1407307654305665,5.694847510890851,7.963887803217252,12.415493716618833
rastrigin_d4,Rastrigin 4D,clustered,benefit: mean parental objective minus midpoint objective,6,5.674372269942051,5.674372269942051,0.0,0.96875,0.0,0.03125,0.5094754322401052,3.0206164199301107,5.505541797042111,7.698414108650547,11.856821446899392
rastrigin_d4,Rastrigin 4D,clustered,benefit: mean parental objective minus midpoint objective,7,5.143705472561525,5.143705472561525,0.0,0.96875,0.0,0.03125,0.38774332656133126,2.669864127107374,5.301099244521828,7.079902889620256,10.02675467945241
rastrigin_d4,Rastrigin 4D,clustered,benefit: mean parental objective minus midpoint objective,8,5.193954567601411,5.193954567601411,0.0,0.96875,0.0,0.03125,0.4860131223719817,2.409981316791706,5.1112934465785695,7.199463209493634,10.920057944788978
rastrigin_d4,Rastrigin 4D,clustered,benefit: mean parental objective minus midpoint objective,9,4.338576640343133,4.338576640343133,0.0,0.96875,0.0,0.03125,0.3007407878764585,1.8602050442854523,4.527477851278139,6.116535141951317,9.449040390906797
rastrigin_d4,Rastrigin 4D,clustered,benefit: mean parental objective minus midpoint objective,10,5.289526935156089,5.289526935156089,0.0,0.96875,0.0,0.03125,0.548145359361687,2.5316131134664186,5.1637005009284085,7.220907470187262,11.010677953727283
rastrigin_d4,Rastrigin 4D,clustered,benefit: mean parental objective minus midpoint objective,11,5.759466042135675,5.759466042135675,0.0,0.96875,0.0,0.03125,0.6109184849751106,3.5220146011571263,5.606335653088787,7.958232153391524,11.3607557948797
rastrigin_d4,Rastrigin 4D,clustered,benefit: mean parental objective minus midpoint objective,12,5.281249335309176,5.281249335309176,0.0,0.96875,0.0,0.03125,0.42742589901212646,2.4710865840960174,5.221123390161096,7.368116522361454,10.752809201299211
rastrigin_d4,Rastrigin 4D,clustered,benefit: mean parental objective minus midpoint objective,13,5.108324200328504,5.108324200328504,0.0,0.96875,0.0,0.03125,0.6746694732613872,2.7019391300648303,5.118747795487835,7.189212304861953,10.047275270541782
rastrigin_d4,Rastrigin 4D,clustered,benefit: mean parental objective minus midpoint objective,14,5.172080786882161,5.172080786882161,0.0,0.96875,0.0,0.03125,0.7103640358237442,2.715712283551645,5.2474819615681,7.249996627353663,10.279129840934218
rastrigin_d4,Rastrigin 4D,clustered,benefit: mean parental objective minus midpoint objective,15,5.051479133109321,5.051479133109321,0.0,0.96875,0.0,0.03125,0.475539681072088,2.3788088477889042,5.0052392302011235,7.175985473568531,10.480690394247127
rastrigin_d4,Rastrigin 4D,clustered,benefit: mean parental objective minus midpoint objective,16,5.562688349847885,5.562688349847885,0.0,0.96875,0.0,0.03125,0.6630334486214515,3.065992328595417,5.41209760287438,7.692184514362813,11.354958192131491
rastrigin_d4,Rastrigin 4D,clustered,benefit: mean parental objective minus midpoint objective,17,5.598229568906152,5.598229568906152,0.0,0.96875,0.0,0.03125,0.6081523944699665,3.124733514087116,5.4157081325386,7.347291793652151,11.636189021300808
rastrigin_d4,Rastrigin 4D,clustered,benefit: mean parental objective minus midpoint objective,18,5.394412558546501,5.394412558546501,0.0,0.96875,0.0,0.03125,0.7162531284554641,2.631728704822611,5.264195777711673,7.3663070257397765,11.167953227780913
rastrigin_d4,Rastrigin 4D,clustered,benefit: mean parental objective minus midpoint objective,19,5.184098617075153,5.184098617075153,0.0,0.96875,0.0,0.03125,0.5250851423808651,2.423968390764056,5.076582183804261,7.047944042459786,11.139975262060847
rastrigin_d4,Rastrigin 4D,clustered,benefit: mean parental objective minus midpoint objective,20,5.218414763487374,5.218414763487374,0.0,0.96875,0.0,0.03125,0.7313596400012514,2.6723175482721526,5.19488957237989,7.292615259807738,10.353189525342684
rastrigin_d4,Rastrigin 4D,clustered,benefit: mean parental objective minus midpoint objective,21,5.191611903637016,5.191611903637016,0.0,0.96875,0.0,0.03125,0.5494808383444667,2.6597846968467085,5.111361253981806,7.160563270787328,10.432359782116638
rastrigin_d4,Rastrigin 4D,clustered,benefit: mean parental objective minus midpoint objective,22,5.872725814011692,5.872725814011692,0.0,0.96875,0.0,0.03125,0.6472531908832178,3.495034003886725,5.80379309821983,8.129226893138416,11.414691597984717
rastrigin_d4,Rastrigin 4D,clustered,benefit: mean parental objective minus midpoint objective,23,5.1844507305255,5.1844507305255,0.0,0.96875,0.0,0.03125,0.46155947486748516,2.411448516554996,5.15544823266629,7.341917208898901,10.917251595599827
rastrigin_d4,Rastrigin 4D,clustered,benefit: mean parental objective minus midpoint objective,24,4.984689701027512,4.984689701027512,0.0,0.96875,0.0,0.03125,0.42802724131004055,2.6054198018009833,5.059004790581821,6.927359765577342,9.770112752554049
rastrigin_d4,Rastrigin 4D,clustered,benefit: mean parental objective minus midpoint objective,25,5.154861669906819,5.154861669906819,0.0,0.96875,0.0,0.03125,0.6054562456251755,2.4311076383970533,4.985889874012665,7.285438766622592,10.707752720547749
rastrigin_d4,Rastrigin 4D,clustered,benefit: mean parental objective minus midpoint objective,26,5.780815418422128,5.780815418422128,0.0,0.96875,0.0,0.03125,0.7660472205007398,3.2955406758543964,5.898233611540364,7.927967195589713,11.100635495738267
rastrigin_d4,Rastrigin 4D,clustered,benefit: mean parental objective minus midpoint objective,27,5.317890078023387,5.317890078023387,0.0,0.96875,0.0,0.03125,0.5545782441092104,2.749323273446569,5.36209360123857,7.193055223859913,11.07403839182507
rastrigin_d4,Rastrigin 4D,clustered,benefit: mean parental objective minus midpoint objective,28,5.8173327094032,5.8173327094032,0.0,0.96875,0.0,0.03125,0.7475499279660003,3.2796232644202927,5.758155700714339,7.787216284982511,11.750674470302023
rastrigin_d4,Rastrigin 4D,clustered,benefit: mean parental objective minus midpoint objective,29,5.344244905728716,5.344244905728716,0.0,0.96875,0.0,0.03125,0.5019784529772728,2.630799204984992,5.165388908405882,7.202828135523517,11.502212306885262
rastrigin_d4,Rastrigin 4D,clustered,benefit: mean parental objective minus midpoint objective,30,5.661411943239626,5.661411943239626,0.0,0.96875,0.0,0.03125,0.6410089544092905,3.2497085184452636,5.562852661254462,7.290745425496984,12.010695299700178
rastrigin_d4,Rastrigin 4D,clustered,benefit: mean parental objective minus midpoint objective,31,5.173502931040484,5.173502931040484,0.0,0.96875,0.0,0.03125,0.5617828067203057,2.660692704337741,5.093334279398523,7.026933164918869,10.876972827553823
rastrigin_d4,Rastrigin 4D,clustered,benefit: mean parental objective minus midpoint objective,32,5.210464009466689,5.210464009466689,0.0,0.96875,0.0,0.03125,0.6149802391783439,2.3224160930327056,5.156874822355205,7.4245328012802485,10.916313472501885
rastrigin_d4,Rastrigin 4D,clustered,benefit: mean parental objective minus midpoint objective,33,5.3057629427949315,5.3057629427949315,0.0,0.96875,0.0,0.03125,0.4764274941110349,2.413836822446423,5.242248139293759,7.207157176618592,11.349198063402456
rastrigin_d4,Rastrigin 4D,clustered,benefit: mean parental objective minus midpoint objective,34,5.928514067873466,5.928514067873466,0.0,0.96875,0.0,0.03125,0.885641545138057,3.2398886367782413,5.68652066552637,8.030705579731581,12.183452479293582
rastrigin_d4,Rastrigin 4D,clustered,benefit: mean parental objective minus midpoint objective,35,4.9133065598165,4.9133065598165,0.0,0.96875,0.0,0.03125,0.6336308458753468,2.68319899714938,4.930542578020974,6.677187144802786,10.370358184115691
rastrigin_d4,Rastrigin 4D,clustered,benefit: mean parental objective minus midpoint objective,36,5.030349683241382,5.030349683241382,0.0,0.96875,0.0,0.03125,0.4114360072037462,2.4892872658840517,4.994969212666756,6.796378034730682,10.550597220755897
rastrigin_d4,Rastrigin 4D,clustered,benefit: mean parental objective minus midpoint objective,37,4.787413838837649,4.787413838837649,0.0,0.96875,0.0,0.03125,0.25666080806392344,1.7730169733865315,4.863286420819849,7.0205929641935265,9.983996575420495
rastrigin_d4,Rastrigin 4D,clustered,benefit: mean parental objective minus midpoint objective,38,5.079635373255863,5.079635373255863,0.0,0.96875,0.0,0.03125,0.44377735727096645,2.3487809862409854,5.011007892780413,7.125056211381374,10.96479016936654
rastrigin_d4,Rastrigin 4D,clustered,benefit: mean parental objective minus midpoint objective,39,4.957220892454463,4.957220892454463,0.0,0.96875,0.0,0.03125,0.5273861303160565,2.4586029397175535,4.978715319312484,6.90162894827709,10.118635803070317
rastrigin_d4,Rastrigin 4D,clustered,benefit: mean parental objective minus midpoint objective,40,5.1436613787348415,5.1436613787348415,0.0,0.96875,0.0,0.03125,0.7026047174937773,2.8891221319341636,5.207241984849002,6.920200314279054,10.513177996387753
rastrigin_d4,Rastrigin 4D,clustered,benefit: mean parental objective minus midpoint objective,41,5.04843316597672,5.04843316597672,0.0,0.96875,0.0,0.03125,0.5726287015691565,2.4320032951310626,5.032411060803248,6.998250437157879,10.40825684290055
rastrigin_d4,Rastrigin 4D,clustered,benefit: mean parental objective minus midpoint objective,42,4.666588367165692,4.666588367165692,0.0,0.96875,0.0,0.03125,0.5815975929811117,2.4795578518188943,4.67810470122597,6.55575476709519,8.951754515016676
rastrigin_d4,Rastrigin 4D,clustered,benefit: mean parental objective minus midpoint objective,43,5.213981331292217,5.213981331292217,0.0,0.96875,0.0,0.03125,0.5021026671117212,2.586633096860478,5.265773646238317,7.071373335269993,11.138014328578063
rastrigin_d4,Rastrigin 4D,clustered,benefit: mean parental objective minus midpoint objective,44,5.335616950643894,5.335616950643894,0.0,0.96875,0.0,0.03125,0.626384635403257,2.7724424930611384,5.338972940034989,7.337768686785903,10.8833550300836
rastrigin_d4,Rastrigin 4D,clustered,benefit: mean parental objective minus midpoint objective,45,5.861453606604278,5.861453606604278,0.0,0.96875,0.0,0.03125,0.6964567954172836,3.131229416140066,5.551472100545703,7.920098328601757,12.985133025533283
rastrigin_d4,Rastrigin 4D,clustered,benefit: mean parental objective minus midpoint objective,46,5.040851787327961,5.040851787327961,0.0,0.96875,0.0,0.03125,0.5030094639116269,2.38398903165269,5.037468418456045,7.149080611568916,10.327223462976317
rastrigin_d4,Rastrigin 4D,clustered,benefit: mean parental objective minus midpoint objective,47,5.054912068472962,5.054912068472962,0.0,0.96875,0.0,0.03125,0.5887867463686067,2.724361515275291,4.984184540811501,6.985316973615215,10.034169640361242
rastrigin_d4,Rastrigin 4D,clustered,benefit: mean parental objective minus midpoint objective,48,5.090894222084309,5.090894222084309,0.0,0.96875,0.0,0.03125,0.5468673455257136,2.5260841876593503,5.070715987118231,7.167690719729657,10.484642204516485
rastrigin_d4,Rastrigin 4D,clustered,benefit: mean parental objective minus midpoint objective,49,4.979894209509094,4.979894209509094,0.0,0.96875,0.0,0.03125,0.5330627705164908,2.631521441712146,5.084765161580173,6.8113553342292334,9.722697314950043
rastrigin_d4,Rastrigin 4D,clustered,benefit: mean parental objective minus midpoint objective,50,4.4044057034563835,4.4044057034563835,0.0,0.96875,0.0,0.03125,0.41305646918642314,2.116574868386479,4.284677363885748,6.372059989339471,9.18462083366284
rastrigin_d4,Rastrigin 4D,clustered,benefit: mean parental objective minus midpoint objective,51,5.888529781021026,5.888529781021026,0.0,0.96875,0.0,0.03125,0.4711994902147918,3.0270063010381687,5.953585975706021,8.000693697914993,12.147972567731854
rastrigin_d4,Rastrigin 4D,clustered,benefit: mean parental objective minus midpoint objective,52,6.109695485513557,6.109695485513557,0.0,0.96875,0.0,0.03125,0.7103087815227198,3.56576227819402,5.876934161158028,8.203597462589919,12.24308353489618
rastrigin_d4,Rastrigin 4D,clustered,benefit: mean parental objective minus midpoint objective,53,5.233578659500358,5.233578659500358,0.0,0.96875,0.0,0.03125,0.44269743519696725,2.528481512386258,5.166032790141273,7.511288924258876,11.135374675147304
rastrigin_d4,Rastrigin 4D,clustered,benefit: mean parental objective minus midpoint objective,54,5.065815447122214,5.065815447122214,0.0,0.96875,0.0,0.03125,0.49255696860254083,2.717452414633941,5.308805986080157,6.853743399707214,9.764891172374153
rastrigin_d4,Rastrigin 4D,clustered,benefit: mean parental objective minus midpoint objective,55,4.992654089591674,4.992654089591674,0.0,0.96875,0.0,0.03125,0.5479903424203556,2.481655704851801,4.961214068004082,6.949394515073257,10.315079560692329
rastrigin_d4,Rastrigin 4D,clustered,benefit: mean parental objective minus midpoint objective,56,5.061705898653881,5.061705898653881,0.0,0.96875,0.0,0.03125,0.6562865393564294,2.692708344611308,5.0709822911169224,7.118770083653663,9.891397618415727
rastrigin_d4,Rastrigin 4D,clustered,benefit: mean parental objective minus midpoint objective,57,4.846048418032976,4.846048418032976,0.0,0.96875,0.0,0.03125,0.5588791154951664,2.303379981928998,4.879374010593171,6.767129202122514,10.083320433481855
rastrigin_d4,Rastrigin 4D,clustered,benefit: mean parental objective minus midpoint objective,58,5.078010214095896,5.078010214095896,0.0,0.96875,0.0,0.03125,0.5971286665026714,2.5736483228962683,5.21479597619917,7.086796527263132,10.309984164054875
rastrigin_d4,Rastrigin 4D,clustered,benefit: mean parental objective minus midpoint objective,59,5.0594874660138185,5.0594874660138185,0.0,0.96875,0.0,0.03125,0.35259923327157683,2.34469334508165,5.125959351286501,6.874186708070088,10.613751591636301
rastrigin_d4,Rastrigin 4D,clustered,benefit: mean parental objective minus midpoint objective,60,5.704390269735224,5.704390269735224,0.0,0.96875,0.0,0.03125,0.6346871488688812,2.781374961292368,5.425171057253468,8.099288592949907,12.092432261772162
rastrigin_d4,Rastrigin 4D,clustered,benefit: mean parental objective minus midpoint objective,61,4.787125837493986,4.787125837493986,0.0,0.96875,0.0,0.03125,0.5589161342276157,2.3709574847474553,4.711488583992793,6.731178019068087,10.132554968590664
rastrigin_d4,Rastrigin 4D,clustered,benefit: mean parental objective minus midpoint objective,62,6.066451921105725,6.066451921105725,0.0,0.96875,0.0,0.03125,0.714337707281409,3.541917846376027,6.008913089705377,8.134280092959894,12.260009492661501
rastrigin_d4,Rastrigin 4D,clustered,benefit: mean parental objective minus midpoint objective,63,5.442228164359613,5.442228164359613,0.0,0.96875,0.0,0.03125,0.3916256382574286,2.8431861472679643,5.246930878133669,7.57653820051358,11.406419935578432
rastrigin_d4,Rastrigin 4D,clustered,benefit: mean parental objective minus midpoint objective,64,4.277555887035749,4.277555887035749,0.0,0.96875,0.0,0.03125,0.3048230563250627,1.8756854843885256,4.648140850610611,6.143368371085688,8.382813621830438
rastrigin_d4,Rastrigin 4D,clustered,benefit: mean parental objective minus midpoint objective,65,4.854084789182556,4.854084789182556,0.0,0.96875,0.0,0.03125,0.5271255536723718,2.4130259270224075,4.933385759183966,6.909675427914293,9.531307398598699
rastrigin_d4,Rastrigin 4D,clustered,benefit: mean parental objective minus midpoint objective,66,5.309934455093204,5.309934455093204,0.0,0.96875,0.0,0.03125,0.40595728169723344,2.830338111903692,5.2545488562277285,7.187827690843063,10.62310631006552
rastrigin_d4,Rastrigin 4D,clustered,benefit: mean parental objective minus midpoint objective,67,5.231517584087894,5.231517584087894,0.0,0.96875,0.0,0.03125,0.6516744017221674,2.514546044722704,5.403105831262991,7.173993116966503,10.256941055944498
rastrigin_d4,Rastrigin 4D,clustered,benefit: mean parental objective minus midpoint objective,68,5.5882267348761285,5.5882267348761285,0.0,0.96875,0.0,0.03125,0.7047531317575686,3.3078051260389225,5.574177063301922,7.654122391621976,10.753637208942838
rastrigin_d4,Rastrigin 4D,clustered,benefit: mean parental objective minus midpoint objective,69,4.755233190110327,4.755233190110327,0.0,0.96875,0.0,0.03125,0.5329431362386607,2.3525078425335098,4.785619269680804,6.687292634997069,9.62027563731236
rastrigin_d4,Rastrigin 4D,clustered,benefit: mean parental objective minus midpoint objective,70,5.1976877794441645,5.19773034202509,-4.256258092531773e-05,0.966796875,0.001953125,0.03125,0.4961771547861744,2.5359721045068735,5.1697682354738745,6.915178770689846,10.323526776299751
rastrigin_d4,Rastrigin 4D,clustered,benefit: mean parental objective minus midpoint objective,71,6.254057328599172,6.254057328599172,0.0,0.96875,0.0,0.03125,0.7373627663802758,3.4335865076711585,5.88237468847173,8.73838840188592,12.653483735437609
rastrigin_d4,Rastrigin 4D,clustered,benefit: mean parental objective minus midpoint objective,72,5.534080215429343,5.534080215429343,0.0,0.96875,0.0,0.03125,0.7554318304071863,3.168802744967481,5.584938043327028,7.473635795324498,10.722587208736034
rastrigin_d4,Rastrigin 4D,clustered,benefit: mean parental objective minus midpoint objective,73,4.875949517378169,4.875949517378169,0.0,0.96875,0.0,0.03125,0.5369878956056873,2.5077526836331883,4.884753376635251,6.800600741748412,9.749347440998525
rastrigin_d4,Rastrigin 4D,clustered,benefit: mean parental objective minus midpoint objective,74,5.273325767814133,5.273325767814133,0.0,0.96875,0.0,0.03125,0.5021699893782801,2.5127057214475457,5.466335694469629,7.416059815252832,10.464027066277847
rastrigin_d4,Rastrigin 4D,clustered,benefit: mean parental objective minus midpoint objective,75,5.036392274291888,5.036392274291888,0.0,0.96875,0.0,0.03125,0.6055421404116554,2.4308779079903706,5.120756939298618,7.165683755390036,10.330345034337647
rastrigin_d4,Rastrigin 4D,clustered,benefit: mean parental objective minus midpoint objective,76,5.448822356550236,5.448822356550236,0.0,0.96875,0.0,0.03125,0.5230588839882255,2.7443852071194836,5.324799146182137,7.5249008849308225,11.338395367271655
rastrigin_d4,Rastrigin 4D,clustered,benefit: mean parental objective minus midpoint objective,77,5.770118024146006,5.770118024146006,0.0,0.96875,0.0,0.03125,0.5191844021273839,2.821406497036657,5.700682922540958,8.115115402980871,11.944449468848262
rastrigin_d4,Rastrigin 4D,clustered,benefit: mean parental objective minus midpoint objective,78,5.345057219321964,5.345057219321964,0.0,0.96875,0.0,0.03125,0.6224633286226213,2.578919136139601,5.248625957830757,7.424161969138192,11.52354197093476
rastrigin_d4,Rastrigin 4D,clustered,benefit: mean parental objective minus midpoint objective,79,5.828194860645073,5.828194860645073,0.0,0.96875,0.0,0.03125,0.7506470787257866,3.481526544090606,5.748287316467363,7.865579243755701,11.32148985023417
rastrigin_d4,Rastrigin 4D,clustered,benefit: mean parental objective minus midpoint objective,80,6.060080170848444,6.060080170848444,0.0,0.96875,0.0,0.03125,0.601440313288105,3.5694250127037765,6.0323142707159345,8.352777734687292,11.957257298464722
rastrigin_d4,Rastrigin 4D,clustered,benefit: mean parental objective minus midpoint objective,81,4.704115867667143,4.704115867667143,0.0,0.96875,0.0,0.03125,0.5421447835257664,2.106473224331058,4.779367709817482,6.673703282334665,10.270605835690167
rastrigin_d4,Rastrigin 4D,clustered,benefit: mean parental objective minus midpoint objective,82,5.378376508210553,5.378376508210553,0.0,0.96875,0.0,0.03125,0.5021379159887616,3.033529700856727,5.3471256167570935,6.973909720772076,11.28633280404971
rastrigin_d4,Rastrigin 4D,clustered,benefit: mean parental objective minus midpoint objective,83,5.119750227252199,5.119750227252199,0.0,0.96875,0.0,0.03125,0.38445049588891145,2.465802617930411,5.172046496137909,7.156661872749663,9.862965593980823
rastrigin_d4,Rastrigin 4D,clustered,benefit: mean parental objective minus midpoint objective,84,5.291570674910308,5.291570674910308,0.0,0.96875,0.0,0.03125,0.5043948748706821,2.836207539314019,5.222922477281032,7.3505751583809555,10.368631264450416
rastrigin_d4,Rastrigin 4D,clustered,benefit: mean parental objective minus midpoint objective,85,5.780304471654752,5.780304471654752,0.0,0.96875,0.0,0.03125,0.5547172071885029,3.202234222649502,5.797339404494705,7.699982062032638,11.551131392375265
rastrigin_d4,Rastrigin 4D,clustered,benefit: mean parental objective minus midpoint objective,86,5.069359692484538,5.069359692484538,0.0,0.96875,0.0,0.03125,0.49977151711182977,2.4474956074645515,5.101914125948378,7.140587497445523,10.497852790434381
rastrigin_d4,Rastrigin 4D,clustered,benefit: mean parental objective minus midpoint objective,87,4.408330555862343,4.408330555862343,0.0,0.96875,0.0,0.03125,0.3029380616148103,1.9991879074335372,4.723331952895814,6.232104726403984,8.779554814866295
rastrigin_d4,Rastrigin 4D,clustered,benefit: mean parental objective minus midpoint objective,88,5.214897538555083,5.214897538555083,0.0,0.96875,0.0,0.03125,0.5423179823448994,2.8025074137178656,5.21144126305769,7.0581423049807865,9.973815980359584
rastrigin_d4,Rastrigin 4D,clustered,benefit: mean parental objective minus midpoint objective,89,5.167946986146373,5.167946986146373,0.0,0.96875,0.0,0.03125,0.4737105396623207,2.533711107228024,5.055499095145448,7.04698937582351,10.850573863566199
rastrigin_d4,Rastrigin 4D,clustered,benefit: mean parental objective minus midpoint objective,90,5.074965428254037,5.074965428254037,0.0,0.96875,0.0,0.03125,0.5609937170972881,2.4064595751758686,5.238227453704035,7.0810689458116265,10.690762669002599
rastrigin_d4,Rastrigin 4D,clustered,benefit: mean parental objective minus midpoint objective,91,4.857593309234147,4.857593309234147,0.0,0.96875,0.0,0.03125,0.4661582438235312,2.0870163981660834,4.811070185262821,6.834321428608358,10.23772006793585
rastrigin_d4,Rastrigin 4D,clustered,benefit: mean parental objective minus midpoint objective,92,5.435323143873742,5.435323143873742,0.0,0.96875,0.0,0.03125,0.5063924931196109,2.6576215940146453,5.06390967194914,7.446181548737741,12.6391377671326
rastrigin_d4,Rastrigin 4D,clustered,benefit: mean parental objective minus midpoint objective,93,6.302134464990072,6.302134464990072,0.0,0.96875,0.0,0.03125,0.8012114747582793,3.427214269726729,6.008853427672425,8.63370628597925,12.771260466005446
rastrigin_d4,Rastrigin 4D,clustered,benefit: mean parental objective minus midpoint objective,94,5.54833397445197,5.54833397445197,0.0,0.96875,0.0,0.03125,0.5838981525539939,2.967965709829227,5.581387929783549,7.522686258601047,11.525921825317832
rastrigin_d4,Rastrigin 4D,clustered,benefit: mean parental objective minus midpoint objective,95,5.343502751166687,5.343502751166687,0.0,0.96875,0.0,0.03125,0.5638612763482422,2.9927088947033464,5.303316461531914,7.1130130604246675,10.547431282607441
rastrigin_d4,Rastrigin 4D,clustered,benefit: mean parental objective minus midpoint objective,96,5.90320515431614,5.90320515431614,0.0,0.96875,0.0,0.03125,0.7323592659001363,3.482964938687438,5.684618352827463,8.060217059439422,11.993514686154876
rastrigin_d4,Rastrigin 4D,clustered,benefit: mean parental objective minus midpoint objective,97,5.445446872612729,5.445446872612729,0.0,0.96875,0.0,0.03125,0.5169583275052831,2.807703716423811,5.317534651840177,7.600642404478357,11.317526491021358
rastrigin_d4,Rastrigin 4D,clustered,benefit: mean parental objective minus midpoint objective,98,5.256286938412137,5.256286938412137,0.0,0.96875,0.0,0.03125,0.5145254107454189,2.6789748293428666,5.13800921268783,7.075737281951381,10.527303318139584
rastrigin_d4,Rastrigin 4D,clustered,benefit: mean parental objective minus midpoint objective,99,5.140962065263775,5.140962065263775,0.0,0.96875,0.0,0.03125,0.6334421146568161,2.6947419619243105,5.330309786390194,7.246807158576977,9.916884156960556
rastrigin_d4,Rastrigin 4D,clustered,benefit: mean parental objective minus midpoint objective,100,5.474790526616683,5.474790526616683,0.0,0.96875,0.0,0.03125,0.6127462760324018,2.862856090412782,5.43491684345365,7.527874555382261,11.568910524572996
rastrigin_d4,Rastrigin 4D,clustered,benefit: mean parental objective minus midpoint objective,101,5.360293467629347,5.360293467629347,0.0,0.96875,0.0,0.03125,0.7048279538499358,2.405097656134946,5.195107065914236,7.315280591326579,11.449028959996104
rastrigin_d4,Rastrigin 4D,clustered,benefit: mean parental objective minus midpoint objective,102,5.6425735933606855,5.6425735933606855,0.0,0.96875,0.0,0.03125,0.5747394004259636,2.928586917196194,5.452124321690995,7.9452967447962255,11.453842301724233
rastrigin_d4,Rastrigin 4D,clustered,benefit: mean parental objective minus midpoint objective,103,5.434725757052268,5.434725757052268,0.0,0.96875,0.0,0.03125,0.6034966700533868,2.810144078862937,5.4055751986794425,7.345503295614492,10.93638621565201
rastrigin_d4,Rastrigin 4D,clustered,benefit: mean parental objective minus midpoint objective,104,5.418459838973821,5.418459838973821,0.0,0.96875,0.0,0.03125,0.7062701519389192,2.7989445273377047,5.342095142459511,7.231335142165044,11.189701431043959
rastrigin_d4,Rastrigin 4D,clustered,benefit: mean parental objective minus midpoint objective,105,5.13877128381778,5.13877128381778,0.0,0.96875,0.0,0.03125,0.479851944646013,2.5418879258002534,5.124978265718235,7.122865815839509,10.49947158150884
rastrigin_d4,Rastrigin 4D,clustered,benefit: mean parental objective minus midpoint objective,106,5.287633221565194,5.287633221565194,0.0,0.96875,0.0,0.03125,0.5124111506927358,2.922314072350942,5.232531500046819,7.058505809926119,10.802888931877824
rastrigin_d4,Rastrigin 4D,clustered,benefit: mean parental objective minus midpoint objective,107,5.043923775379024,5.043923775379024,0.0,0.96875,0.0,0.03125,0.5323615292734161,2.2306938446421007,5.371887551216448,7.100610049335293,10.192996974564478
rastrigin_d4,Rastrigin 4D,clustered,benefit: mean parental objective minus midpoint objective,108,5.548544943532381,5.548544943532381,0.0,0.96875,0.0,0.03125,0.5224966320790578,2.9148597906309153,5.525537678916371,7.457697207351835,11.788617845850304
rastrigin_d4,Rastrigin 4D,clustered,benefit: mean parental objective minus midpoint objective,109,4.647365646001882,4.647365646001882,0.0,0.96875,0.0,0.03125,0.5622539125282326,2.3636985411020417,4.697111660304747,6.444484303053464,9.559542820548604
rastrigin_d4,Rastrigin 4D,clustered,benefit: mean parental objective minus midpoint objective,110,5.734865988048265,5.734865988048265,0.0,0.96875,0.0,0.03125,0.6346353234411559,3.2352604947039616,5.489805985155758,7.920227121072191,11.362591060223941
rastrigin_d4,Rastrigin 4D,clustered,benefit: mean parental objective minus midpoint objective,111,5.036317191165647,5.036317191165647,0.0,0.96875,0.0,0.03125,0.5870476936909448,2.4747711037516336,5.066539819433025,6.959135338211367,10.137571710667075
rastrigin_d4,Rastrigin 4D,clustered,benefit: mean parental objective minus midpoint objective,112,5.005901536754919,5.005901536754919,0.0,0.96875,0.0,0.03125,0.5547415767913364,2.3618746101963266,5.0486425770166115,6.975286592578616,9.89747947702143
rastrigin_d4,Rastrigin 4D,clustered,benefit: mean parental objective minus midpoint objective,113,4.718000732912699,4.718000732912699,0.0,0.96875,0.0,0.03125,0.5365782242167842,2.0123535677159667,4.76651321427202,6.7734563749537,9.631973051710071
rastrigin_d4,Rastrigin 4D,clustered,benefit: mean parental objective minus midpoint objective,114,5.020989770942377,5.020989770942377,0.0,0.96875,0.0,0.03125,0.5374273883599177,2.652645947974764,5.092249327723378,6.856291678725645,10.258068691345766
rastrigin_d4,Rastrigin 4D,clustered,benefit: mean parental objective minus midpoint objective,115,5.542010304312602,5.542010304312602,0.0,0.96875,0.0,0.03125,0.6503651225959928,2.8920199919002982,5.390060033403802,7.454952288931203,11.489986561075739
rastrigin_d4,Rastrigin 4D,clustered,benefit: mean parental objective minus midpoint objective,116,5.897771993418214,5.897771993418214,0.0,0.96875,0.0,0.03125,0.5454581246169248,3.261247098580766,5.80167985128648,8.082527906251983,12.003884852484287
rastrigin_d4,Rastrigin 4D,clustered,benefit: mean parental objective minus midpoint objective,117,5.110675211614799,5.110675211614799,0.0,0.96875,0.0,0.03125,0.3846236351498167,2.5296442223042845,5.019657941407765,7.233653441569041,10.875886457672607
rastrigin_d4,Rastrigin 4D,clustered,benefit: mean parental objective minus midpoint objective,118,5.854765538205582,5.854765538205582,0.0,0.96875,0.0,0.03125,0.5722453301837476,3.0304169385573054,5.544970499633713,7.986253091416973,12.31905150466431
rastrigin_d4,Rastrigin 4D,clustered,benefit: mean parental objective minus midpoint objective,119,5.197997869341082,5.197997869341082,0.0,0.96875,0.0,0.03125,0.45277247127441367,2.898848071478845,5.187137474280717,6.954173845424551,10.669197238230256
rastrigin_d4,Rastrigin 4D,clustered,benefit: mean parental objective minus midpoint objective,120,5.517127555834274,5.517127555834274,0.0,0.96875,0.0,0.03125,0.5910389535884617,2.8029124665121348,5.3887514339215,7.74825809949706,10.926683957278033
rastrigin_d4,Rastrigin 4D,clustered,benefit: mean parental objective minus midpoint objective,121,5.249967014840462,5.249967014840462,0.0,0.96875,0.0,0.03125,0.5118936873003559,2.660984944554401,5.115301996879063,7.181484304904091,10.784695303257696
rastrigin_d4,Rastrigin 4D,clustered,benefit: mean parental objective minus midpoint objective,122,5.049715646362176,5.049715646362176,0.0,0.96875,0.0,0.03125,0.4835947969312855,2.3634602392435706,5.143259610946934,6.761193765462398,10.753773621309644
rastrigin_d4,Rastrigin 4D,clustered,benefit: mean parental objective minus midpoint objective,123,5.651928167997141,5.651928167997141,0.0,0.96875,0.0,0.03125,0.6419222872999253,2.9492024591339057,5.307983340826021,7.548062683773667,12.405987796727869
rastrigin_d4,Rastrigin 4D,clustered,benefit: mean parental objective minus midpoint objective,124,5.002340799749302,5.002340799749302,0.0,0.96875,0.0,0.03125,0.49877258653226697,2.4815920889498555,5.110218907636943,6.909074609687474,9.956305671720353
rastrigin_d4,Rastrigin 4D,clustered,benefit: mean parental objective minus midpoint objective,125,5.255810425006105,5.255810425006105,0.0,0.96875,0.0,0.03125,0.5462268832136488,2.76372329769109,5.300432360231076,7.141268305039032,10.55476324840692
rastrigin_d4,Rastrigin 4D,clustered,benefit: mean parental objective minus midpoint objective,126,4.925586316018409,4.925586316018409,0.0,0.96875,0.0,0.03125,0.5179481871294982,2.2145006441125883,4.9390056765419255,6.845287293126799,10.437453691179378
rastrigin_d4,Rastrigin 4D,clustered,benefit: mean parental objective minus midpoint objective,127,5.4687463512273276,5.4687463512273276,0.0,0.96875,0.0,0.03125,0.8710408940390177,3.0246185316895478,5.4011531176910434,7.534600461966747,10.612293535921768
rosenbrock_d4,Rosenbrock 4D,broad,benefit: mean parental objective minus midpoint objective,0,17.040807435345044,17.046596898442935,-0.0057894630978872555,0.955078125,0.013671875,0.03125,0.11215734940904265,3.2466607133623064,6.741201169397459,17.321442475134386,79.90897529376622
rosenbrock_d4,Rosenbrock 4D,broad,benefit: mean parental objective minus midpoint objective,1,27.42759357406208,27.428295182992855,-0.0007016089307699223,0.966796875,0.001953125,0.03125,0.8102188476198933,6.0508998487862,13.37271041816701,30.41343844054653,114.72960686809424
rosenbrock_d4,Rosenbrock 4D,broad,benefit: mean parental objective minus midpoint objective,2,28.499059786532044,28.499059786532044,0.0,0.96875,0.0,0.03125,0.7190171480199758,7.300091088295705,18.365194170606397,39.66266303047822,91.34673440132755
rosenbrock_d4,Rosenbrock 4D,broad,benefit: mean parental objective minus midpoint objective,3,46.89373125715157,46.917239140864,-0.023507883712425355,0.94921875,0.01953125,0.03125,0.0,4.889230926881715,14.800583174126995,44.09691285962008,315.5135623808292
rosenbrock_d4,Rosenbrock 4D,broad,benefit: mean parental objective minus midpoint objective,4,21.71180680342185,21.714042260956006,-0.0022354575341584056,0.9609375,0.0078125,0.03125,0.21898886306820042,3.250196964059004,8.915848031796841,27.46180369562773,99.15154396185312
rosenbrock_d4,Rosenbrock 4D,broad,benefit: mean parental objective minus midpoint objective,5,18.0878795035922,18.108047195986792,-0.020167692394592717,0.955078125,0.013671875,0.03125,0.368328391318248,5.21278885051813,12.177982104919577,23.372763624497473,60.453836081133225
rosenbrock_d4,Rosenbrock 4D,broad,benefit: mean parental objective minus midpoint objective,6,23.36542372942742,23.374858347752372,-0.009434618324955188,0.953125,0.015625,0.03125,0.12544813689888157,5.132052914501047,14.879155790170044,38.58006472826885,69.12674158460479
rosenbrock_d4,Rosenbrock 4D,broad,benefit: mean parental objective minus midpoint objective,7,12.42545839370013,12.435417642068535,-0.009959248368405126,0.955078125,0.013671875,0.03125,0.1621357580369711,3.153500870366872,6.534519278834374,17.32033125976124,45.46100245955856
rosenbrock_d4,Rosenbrock 4D,broad,benefit: mean parental objective minus midpoint objective,8,8.861756670456936,8.883455490737074,-0.021698820280139454,0.9375,0.03125,0.03125,0.0,1.8477398663893707,4.805165850690441,12.228665063604357,29.64320453327669
rosenbrock_d4,Rosenbrock 4D,broad,benefit: mean parental objective minus midpoint objective,9,25.87363242925379,25.876593356197063,-0.0029609269432717498,0.955078125,0.013671875,0.03125,0.11784449308282707,4.306873472043064,12.885079157107313,38.38934603866911,96.30026278667299
rosenbrock_d4,Rosenbrock 4D,broad,benefit: mean parental objective minus midpoint objective,10,34.293099301843014,34.29809913321489,-0.004999831371879444,0.9609375,0.0078125,0.03125,0.1171756837445237,4.4168116107607,15.00477131770143,33.89196911890516,235.72920597323713
rosenbrock_d4,Rosenbrock 4D,broad,benefit: mean parental objective minus midpoint objective,11,15.056980834149766,15.075290846172873,-0.018310012023106538,0.947265625,0.021484375,0.03125,0.0,3.614236648746573,9.202899343650602,21.07800368637398,48.81466426774537
rosenbrock_d4,Rosenbrock 4D,broad,benefit: mean parental objective minus midpoint objective,12,25.033267987788456,25.036700063939115,-0.0034320761506604304,0.9609375,0.0078125,0.03125,0.6072883342498838,4.339192124858155,14.140511283177139,41.22716527359228,81.64554879017885
rosenbrock_d4,Rosenbrock 4D,broad,benefit: mean parental objective minus midpoint objective,13,18.076505720296705,18.079725995751527,-0.0032202754548210175,0.962890625,0.005859375,0.03125,0.5417118452963905,4.518035241022687,11.931279577277595,26.285206045812462,53.86387287148372
rosenbrock_d4,Rosenbrock 4D,broad,benefit: mean parental objective minus midpoint objective,14,29.977849150431126,29.977849150431126,0.0,0.96875,0.0,0.03125,0.9200591736919037,7.529288286697225,15.075453042372434,28.970631320204618,167.1508815246151
rosenbrock_d4,Rosenbrock 4D,broad,benefit: mean parental objective minus midpoint objective,15,22.5041005067496,22.511247279652068,-0.007146772902466863,0.955078125,0.013671875,0.03125,0.053108584951995,3.540914722829274,9.208124452630692,23.778942429668977,108.99360702829232
rosenbrock_d4,Rosenbrock 4D,broad,benefit: mean parental objective minus midpoint objective,16,17.143001525402877,17.15466037543648,-0.011658850033607594,0.95703125,0.01171875,0.03125,0.3006912752442912,5.22216352277518,11.324403956081763,22.949177567793985,58.151605090322334
rosenbrock_d4,Rosenbrock 4D,broad,benefit: mean parental objective minus midpoint objective,17,13.333676316146502,13.344587261124605,-0.010910944978104402,0.953125,0.015625,0.03125,0.05550012439395324,3.70425770009908,8.732048305391546,17.465165469661663,45.471422801174484
rosenbrock_d4,Rosenbrock 4D,broad,benefit: mean parental objective minus midpoint objective,18,16.09351928527649,16.09628988081275,-0.002770595536260523,0.962890625,0.005859375,0.03125,0.29371714726969333,4.103576837727623,9.883312877508573,20.111256124343143,53.90868630009854
rosenbrock_d4,Rosenbrock 4D,broad,benefit: mean parental objective minus midpoint objective,19,21.772017814320606,21.772017814320606,0.0,0.96875,0.0,0.03125,0.5472407773399879,5.514769819030187,14.72894276865,31.740287577665512,67.99788309484131
rosenbrock_d4,Rosenbrock 4D,broad,benefit: mean parental objective minus midpoint objective,20,37.240557011339085,37.2407427584958,-0.00018574715671783489,0.96484375,0.00390625,0.03125,0.5401570219991321,4.598280235154849,10.947253484259823,31.18796348866745,224.15407712242308
rosenbrock_d4,Rosenbrock 4D,broad,benefit: mean parental objective minus midpoint objective,21,24.937986717615104,24.952580935626614,-0.014594218011508321,0.95703125,0.01171875,0.03125,0.36924935443246865,4.876499421061433,12.449099721756482,28.796713161098932,99.56833852311755
rosenbrock_d4,Rosenbrock 4D,broad,benefit: mean parental objective minus midpoint objective,22,18.427051474922546,18.428543195427594,-0.0014917205050465473,0.962890625,0.005859375,0.03125,0.42457132429019584,3.8188111092339927,9.132470725419932,17.953155818185962,89.25718832572554
rosenbrock_d4,Rosenbrock 4D,broad,benefit: mean parental objective minus midpoint objective,23,30.269112555549384,30.27703494681488,-0.007922391265493708,0.951171875,0.017578125,0.03125,0.011477446269750224,2.9655450178005784,17.78642373985131,48.28946702863919,100.40346590727637
rosenbrock_d4,Rosenbrock 4D,broad,benefit: mean parental objective minus midpoint objective,24,18.67150703851793,18.68178258785969,-0.010275549341759867,0.947265625,0.021484375,0.03125,0.0,3.6390736924121403,8.550901428868032,19.548137414945877,87.06756845871281
rosenbrock_d4,Rosenbrock 4D,broad,benefit: mean parental objective minus midpoint objective,25,24.72210790950035,24.725538986786283,-0.003431077285929899,0.966796875,0.001953125,0.03125,0.8638547665754359,7.491965970514432,15.693752505697663,33.30841920842456,72.11239716569604
rosenbrock_d4,Rosenbrock 4D,broad,benefit: mean parental objective minus midpoint objective,26,18.73286049071321,18.742234888558276,-0.009374397845064357,0.955078125,0.013671875,0.03125,0.45378978316517227,4.3336410497971425,10.126200220192157,26.69663178900805,65.04976070004659
rosenbrock_d4,Rosenbrock 4D,broad,benefit: mean parental objective minus midpoint objective,27,23.865864360848136,23.881696065449546,-0.015831704601414528,0.94140625,0.02734375,0.03125,0.0,4.162290631613817,14.935063466831528,35.3097632652671,79.5005036275837
rosenbrock_d4,Rosenbrock 4D,broad,benefit: mean parental objective minus midpoint objective,28,21.55050660014168,21.552538483651205,-0.002031883509524281,0.962890625,0.005859375,0.03125,0.32169608265799265,4.514262146019459,11.975315117290277,31.214424166372027,74.67006010174248
rosenbrock_d4,Rosenbrock 4D,broad,benefit: mean parental objective minus midpoint objective,29,18.118560336650763,18.123935795587165,-0.005375458936401595,0.94921875,0.01953125,0.03125,0.0,3.4878608440285968,9.781776773687128,22.57550312284454,69.4117436964634
rosenbrock_d4,Rosenbrock 4D,broad,benefit: mean parental objective minus midpoint objective,30,11.511522239004996,11.524716410141721,-0.013194171136722513,0.9453125,0.0234375,0.03125,0.0,2.9641021874622115,6.59328080125187,16.203081700234193,41.154953567303366
rosenbrock_d4,Rosenbrock 4D,broad,benefit: mean parental objective minus midpoint objective,31,15.921251809063063,15.922100089798256,-0.0008482807351940444,0.96484375,0.00390625,0.03125,0.34430445724854514,2.489962233587515,7.733348776522163,22.71226432167598,59.28011166182963
rosenbrock_d4,Rosenbrock 4D,broad,benefit: mean parental objective minus midpoint objective,32,16.934910368038075,16.936303904341663,-0.0013935363035930542,0.96484375,0.00390625,0.03125,0.5757274856440926,4.464260323274132,10.347274715132201,24.20425410654484,56.3151433746203
rosenbrock_d4,Rosenbrock 4D,broad,benefit: mean parental objective minus midpoint objective,33,12.892105276524724,12.90557399446086,-0.013468717936137452,0.947265625,0.021484375,0.03125,0.0,2.0954863411032587,8.15514232325916,17.70995653153517,46.56105122876558
rosenbrock_d4,Rosenbrock 4D,broad,benefit: mean parental objective minus midpoint objective,34,20.82491868920075,20.826509923101245,-0.0015912339004936042,0.962890625,0.005859375,0.03125,0.2798587918537585,3.272133410989667,8.11866740377548,17.566877263569083,122.89243450247778
rosenbrock_d4,Rosenbrock 4D,broad,benefit: mean parental objective minus midpoint objective,35,16.959505518516533,16.96132572539667,-0.001820206880137204,0.962890625,0.005859375,0.03125,0.3054147525583142,3.686277742084921,11.719916526908806,24.511964349910485,52.11330010140256
rosenbrock_d4,Rosenbrock 4D,broad,benefit: mean parental objective minus midpoint objective,36,20.54195546606598,20.559230060239983,-0.017274594174003736,0.955078125,0.013671875,0.03125,0.2589408262868753,6.046832068935625,14.999568948502485,28.83915764450473,65.40099363598794
rosenbrock_d4,Rosenbrock 4D,broad,benefit: mean parental objective minus midpoint objective,37,28.78977626593044,28.80622624120683,-0.016449975276393136,0.95703125,0.01171875,0.03125,0.33218869098136794,4.390485807732768,14.980998147390663,33.15737643169081,111.5467272323265
rosenbrock_d4,Rosenbrock 4D,broad,benefit: mean parental objective minus midpoint objective,38,31.558579547395745,31.575433125427402,-0.016853578031654905,0.94140625,0.02734375,0.03125,0.0,4.408435938867015,14.61698004080899,36.370852023837884,133.05840824532157
rosenbrock_d4,Rosenbrock 4D,broad,benefit: mean parental objective minus midpoint objective,39,22.261617525974913,22.26543368568039,-0.0038161597054759506,0.9609375,0.0078125,0.03125,0.6618650176197391,6.542913457374868,16.01941063055091,29.889754135649632,65.80081512128803
rosenbrock_d4,Rosenbrock 4D,broad,benefit: mean parental objective minus midpoint objective,40,16.753209282272774,16.762395569125317,-0.009186286852541192,0.958984375,0.009765625,0.03125,0.20041174328277,6.181400431730253,12.862187290941097,24.405002496134426,44.932452814452795
rosenbrock_d4,Rosenbrock 4D,broad,benefit: mean parental objective minus midpoint objective,41,21.216042425570066,21.217188825996757,-0.0011464004266901855,0.966796875,0.001953125,0.03125,0.7594775465156758,5.057750668681685,10.649177808612052,24.484134413206977,88.22975959378164
rosenbrock_d4,Rosenbrock 4D,broad,benefit: mean parental objective minus midpoint objective,42,20.322895017657373,20.32513124589798,-0.002236228240608186,0.962890625,0.005859375,0.03125,0.4302801154676228,5.794811541937175,12.919804060618825,28.733537535782947,66.81152558814699
rosenbrock_d4,Rosenbrock 4D,broad,benefit: mean parental objective minus midpoint objective,43,12.992748922827733,12.995899672494188,-0.0031507496664554494,0.96484375,0.00390625,0.03125,0.3905887059622063,3.6534787739566337,9.838472668807098,18.977614969095765,36.37213678947411
rosenbrock_d4,Rosenbrock 4D,broad,benefit: mean parental objective minus midpoint objective,44,33.80728897964456,33.829254092401925,-0.021965112757366127,0.962890625,0.005859375,0.03125,0.6530518800120331,7.818094723974745,18.487291170340402,37.71867984343741,138.2864543955214
rosenbrock_d4,Rosenbrock 4D,broad,benefit: mean parental objective minus midpoint objective,45,19.137123737085805,19.14266375926561,-0.005540022179801853,0.962890625,0.005859375,0.03125,0.8123935577940884,5.989056996213197,12.054945665259016,25.786069494469757,64.88628825107133
rosenbrock_d4,Rosenbrock 4D,broad,benefit: mean parental objective minus midpoint objective,46,19.82462876990954,19.825039408451936,-0.0004106385423926842,0.966796875,0.001953125,0.03125,0.25759843123014825,4.337790986420009,9.94698886610218,27.558104255845322,83.42039251980758
rosenbrock_d4,Rosenbrock 4D,broad,benefit: mean parental objective minus midpoint objective,47,18.735821103838532,18.74534739084236,-0.009526287003825512,0.962890625,0.005859375,0.03125,0.5535389813866125,5.260246453912773,11.523554596152465,22.943297504137433,68.51848993338827
rosenbrock_d4,Rosenbrock 4D,broad,benefit: mean parental objective minus midpoint objective,48,20.951811023984305,20.95607467412357,-0.004263650139263467,0.95703125,0.01171875,0.03125,0.13358577782711833,2.2899340208799837,7.024426453262935,15.912948310873045,153.83128102180063
rosenbrock_d4,Rosenbrock 4D,broad,benefit: mean parental objective minus midpoint objective,49,19.341626577755996,19.346432910734258,-0.004806332978262565,0.962890625,0.005859375,0.03125,0.47569439052328377,4.516414991076466,11.73606218197244,28.670400805389537,59.15928031767678
rosenbrock_d4,Rosenbrock 4D,broad,benefit: mean parental objective minus midpoint objective,50,27.32710435404077,27.3282505389721,-0.0011461849313307623,0.966796875,0.001953125,0.03125,0.5603138021685993,4.671460135114764,9.638680847286732,29.237977867556285,153.5669522667435
rosenbrock_d4,Rosenbrock 4D,broad,benefit: mean parental objective minus midpoint objective,51,15.426322487040213,15.431171785854556,-0.004849298814341401,0.9609375,0.0078125,0.03125,0.17464931368675818,3.739221650192576,9.806923390088933,21.301270216044074,51.591030978022744
rosenbrock_d4,Rosenbrock 4D,broad,benefit: mean parental objective minus midpoint objective,52,32.75878557740718,32.75964354692384,-0.0008579695166556767,0.966796875,0.001953125,0.03125,0.37026331225711406,6.022599544420681,17.921683721338756,43.520800068784865,117.27589129372878
rosenbrock_d4,Rosenbrock 4D,broad,benefit: mean parental objective minus midpoint objective,53,16.476767144159528,16.484598251544636,-0.007831107385107625,0.95703125,0.01171875,0.03125,0.13614302135198197,4.647595951475489,12.225597599653245,23.159199599993087,49.411569637235075
rosenbrock_d4,Rosenbrock 4D,broad,benefit: mean parental objective minus midpoint objective,54,22.88626419628737,22.90630737072237,-0.020043174434999297,0.947265625,0.021484375,0.03125,0.0,4.082608375015967,13.141772878788286,32.030289463820544,78.87825156259821
rosenbrock_d4,Rosenbrock 4D,broad,benefit: mean parental objective minus midpoint objective,55,24.477387373407268,24.48022074282855,-0.00283336942128359,0.96484375,0.00390625,0.03125,0.7507924387953488,5.066423350073848,13.51773121789271,30.614577468214023,98.6656940893148
rosenbrock_d4,Rosenbrock 4D,broad,benefit: mean parental objective minus midpoint objective,56,15.633052557665488,15.65128111110196,-0.018228553436470826,0.9453125,0.0234375,0.03125,0.0,4.5212153542708275,10.056070690449014,22.05381139990468,52.563711057361104
rosenbrock_d4,Rosenbrock 4D,broad,benefit: mean parental objective minus midpoint objective,57,12.52236727020658,12.547080031401837,-0.024712761195256304,0.939453125,0.029296875,0.03125,0.0,2.651079080842627,6.746984491993013,12.2694462546682,77.78148489153828
rosenbrock_d4,Rosenbrock 4D,broad,benefit: mean parental objective minus midpoint objective,58,27.996640037377396,28.00114625917704,-0.004506221799644221,0.958984375,0.009765625,0.03125,0.17923598392952844,3.729585793758159,18.45990516923119,41.143175497209306,94.67198280970675
rosenbrock_d4,Rosenbrock 4D,broad,benefit: mean parental objective minus midpoint objective,59,25.078500415216627,25.080387171011857,-0.001886755795232801,0.96484375,0.00390625,0.03125,0.4652038661842539,3.1894572496977895,10.723192818002447,26.345038092938168,105.34617568405089
rosenbrock_d4,Rosenbrock 4D,broad,benefit: mean parental objective minus midpoint objective,60,34.414704119753,34.415749844699796,-0.0010457249468035536,0.96484375,0.00390625,0.03125,0.5175869858776707,6.714768646400785,16.851073071945518,41.55390075594775,143.02483941204113
rosenbrock_d4,Rosenbrock 4D,broad,benefit: mean parental objective minus midpoint objective,61,22.815220530348338,22.837704652080568,-0.02248412173222966,0.951171875,0.017578125,0.03125,0.048183319092494736,2.8325616085674334,8.69736451999428,24.217466776697645,126.37027112292921
rosenbrock_d4,Rosenbrock 4D,broad,benefit: mean parental objective minus midpoint objective,62,19.484514169649565,19.484580510910305,-6.634126074281377e-05,0.966796875,0.001953125,0.03125,0.6163385930234151,5.312323228822923,14.107949435488255,30.35481977321734,55.85532867620259
rosenbrock_d4,Rosenbrock 4D,broad,benefit: mean parental objective minus midpoint objective,63,15.6283481153495,15.633894690046738,-0.0055465746972377244,0.951171875,0.017578125,0.03125,0.07836652300035585,3.5615993694810655,9.655351480012094,19.698729490748438,62.08878632249966
rosenbrock_d4,Rosenbrock 4D,broad,benefit: mean parental objective minus midpoint objective,64,26.311389580253824,26.32280750471321,-0.011417924459388596,0.958984375,0.009765625,0.03125,0.49499933588045053,6.351460011394283,18.335688786890803,36.60085869143466,79.19847851094127
rosenbrock_d4,Rosenbrock 4D,broad,benefit: mean parental objective minus midpoint objective,65,28.661518055399053,28.670201745686832,-0.008683690287779473,0.95703125,0.01171875,0.03125,0.2644365583885886,4.2590984892014205,12.078462014839651,32.70951042308228,137.24262664566098
rosenbrock_d4,Rosenbrock 4D,broad,benefit: mean parental objective minus midpoint objective,66,19.053584270521718,19.053608770697604,-2.4500175884899743e-05,0.966796875,0.001953125,0.03125,0.5678720815085248,3.9093433572105267,13.248332535141005,30.152938259207637,59.808599784557515
rosenbrock_d4,Rosenbrock 4D,broad,benefit: mean parental objective minus midpoint objective,67,19.70853778405558,19.720858242568816,-0.012320458513236703,0.955078125,0.013671875,0.03125,0.12130456054371486,4.784820866696079,12.76341138646291,28.06181679986493,64.40429388916704
rosenbrock_d4,Rosenbrock 4D,broad,benefit: mean parental objective minus midpoint objective,68,18.183104235602556,18.22581883133198,-0.04271459572942335,0.927734375,0.041015625,0.03125,0.0,2.996520503850988,11.420587966644364,26.634158067994193,60.73767805668261
rosenbrock_d4,Rosenbrock 4D,broad,benefit: mean parental objective minus midpoint objective,69,24.752506518597514,24.75434456001793,-0.001838041420414692,0.958984375,0.009765625,0.03125,0.2860366570736943,2.521114526528108,6.9080095238549415,13.949635112316594,137.18650106899452
rosenbrock_d4,Rosenbrock 4D,broad,benefit: mean parental objective minus midpoint objective,70,16.39476834632316,16.398443079134644,-0.0036747328114864336,0.966796875,0.001953125,0.03125,0.33951731197082546,3.4614227173894108,8.617804060196388,24.657111970144825,54.50386266589592
rosenbrock_d4,Rosenbrock 4D,broad,benefit: mean parental objective minus midpoint objective,71,11.230019278460931,11.231546137219873,-0.0015268587589415726,0.962890625,0.005859375,0.03125,0.3261461824333316,2.9748355204937162,6.02600687652653,16.120044006754057,36.75784764756424
rosenbrock_d4,Rosenbrock 4D,broad,benefit: mean parental objective minus midpoint objective,72,17.380489907985236,17.410230101569116,-0.029740193583882486,0.935546875,0.033203125,0.03125,0.0,2.71169146322466,8.208662978562932,26.69990296327438,62.443380218450734
rosenbrock_d4,Rosenbrock 4D,broad,benefit: mean parental objective minus midpoint objective,73,26.17468755775139,26.1751134777072,-0.000425919955808169,0.966796875,0.001953125,0.03125,0.7088770433193767,4.446736377853771,12.54645274211683,36.110741147902274,103.85764448880175
rosenbrock_d4,Rosenbrock 4D,broad,benefit: mean parental objective minus midpoint objective,74,13.049048186334245,13.059029723346153,-0.00998153701190792,0.9453125,0.0234375,0.03125,0.0,3.885029430941467,9.263468030003102,18.743340894004753,42.14983955364287
rosenbrock_d4,Rosenbrock 4D,broad,benefit: mean parental objective minus midpoint objective,75,13.253527372407232,13.257487945629915,-0.003960573222683497,0.95703125,0.01171875,0.03125,0.28876788090609384,3.200471390362779,8.463192062814084,18.679505179936175,40.846862404652136
rosenbrock_d4,Rosenbrock 4D,broad,benefit: mean parental objective minus midpoint objective,76,27.080116205338122,27.086135332220767,-0.0060191268826452135,0.962890625,0.005859375,0.03125,0.5883013369965973,8.01492034354404,17.715260818883863,37.27273422822745,85.15758038774433
rosenbrock_d4,Rosenbrock 4D,broad,benefit: mean parental objective minus midpoint objective,77,12.174857689742273,12.175992886549611,-0.001135196807337275,0.9609375,0.0078125,0.03125,0.2708968309857466,4.301661468455876,9.863421045572235,18.45360166254391,31.068639928251088
rosenbrock_d4,Rosenbrock 4D,broad,benefit: mean parental objective minus midpoint objective,78,20.530836555433453,20.536270615104442,-0.0054340596709894235,0.95703125,0.01171875,0.03125,0.38478454651218774,4.590544494565091,12.972180427254266,26.417202258127165,73.78995265002956
rosenbrock_d4,Rosenbrock 4D,broad,benefit: mean parental objective minus midpoint objective,79,16.603176056156776,16.603187229345977,-1.1173189198800462e-05,0.96484375,0.00390625,0.03125,0.5469356951226123,5.2736094731642105,12.028893721575647,22.728742824097854,50.42878010136167
rosenbrock_d4,Rosenbrock 4D,broad,benefit: mean parental objective minus midpoint objective,80,32.06412289950234,32.06412289950234,0.0,0.96875,0.0,0.03125,1.5544355028730759,11.256372078245178,24.933366740885624,44.16027874670488,90.58080051362961
rosenbrock_d4,Rosenbrock 4D,broad,benefit: mean parental objective minus midpoint objective,81,16.787405405494898,16.78917588347615,-0.0017704779812523115,0.96484375,0.00390625,0.03125,0.2655396300280328,3.549427464964965,8.783488374676438,22.621810189175967,62.54587152503413
rosenbrock_d4,Rosenbrock 4D,broad,benefit: mean parental objective minus midpoint objective,82,22.91279680973897,22.924846884988952,-0.01205007524997799,0.951171875,0.017578125,0.03125,0.07969929697832168,4.155287812200994,13.81040802795706,33.06611732517155,80.31544436495746
rosenbrock_d4,Rosenbrock 4D,broad,benefit: mean parental objective minus midpoint objective,83,16.38204230379908,16.39433130688055,-0.01228900308146845,0.9609375,0.0078125,0.03125,0.20389466671979517,2.006561080425681,4.539328660300317,21.947392873366542,75.08767330771606
rosenbrock_d4,Rosenbrock 4D,broad,benefit: mean parental objective minus midpoint objective,84,26.969573762890366,26.97234532137268,-0.0027715584823124716,0.96484375,0.00390625,0.03125,0.8252038542320408,6.429921842729371,16.386296938042094,33.80071698011158,101.02979084875321
rosenbrock_d4,Rosenbrock 4D,broad,benefit: mean parental objective minus midpoint objective,85,20.33772663437682,20.339487021731067,-0.0017603873542471398,0.962890625,0.005859375,0.03125,0.1542750115485334,4.083015323628627,11.673664168215126,27.892031728682866,74.3843091115896
rosenbrock_d4,Rosenbrock 4D,broad,benefit: mean parental objective minus midpoint objective,86,23.941662290813078,23.943186767308863,-0.0015244764957847122,0.962890625,0.005859375,0.03125,0.16598959422136483,2.412277202676318,11.496949363306385,26.744453652128616,117.60353463794226
rosenbrock_d4,Rosenbrock 4D,broad,benefit: mean parental objective minus midpoint objective,87,21.928212022391698,21.92840008663497,-0.0001880642432695286,0.966796875,0.001953125,0.03125,0.6991325703574393,5.821804489902409,15.416312916420857,27.907659780117687,82.71660349717601
rosenbrock_d4,Rosenbrock 4D,broad,benefit: mean parental objective minus midpoint objective,88,11.828237116508515,11.828237116508515,0.0,0.96875,0.0,0.03125,0.5611921096412699,2.9430587294017556,7.536646627790313,16.45252986794815,38.59235840229899
rosenbrock_d4,Rosenbrock 4D,broad,benefit: mean parental objective minus midpoint objective,89,17.17858521340634,17.179059045067973,-0.0004738316616318219,0.962890625,0.005859375,0.03125,0.4889759714696691,5.288666714529241,11.096207055705609,19.97506378739634,60.427402226989884
rosenbrock_d4,Rosenbrock 4D,broad,benefit: mean parental objective minus midpoint objective,90,27.691459244482033,27.69847165300893,-0.007012408526897091,0.953125,0.015625,0.03125,0.08924400907200658,4.665242281427394,12.699956167526445,37.37437369104424,95.52525460077742
rosenbrock_d4,Rosenbrock 4D,broad,benefit: mean parental objective minus midpoint objective,91,17.653874524139486,17.656580063752592,-0.002705539613108172,0.95703125,0.01171875,0.03125,0.1490368830303479,2.4190231182536652,7.8412439689247755,21.83711754841294,85.34866491265835
rosenbrock_d4,Rosenbrock 4D,broad,benefit: mean parental objective minus midpoint objective,92,21.285990376598225,21.286059651719633,-6.927512140917562e-05,0.966796875,0.001953125,0.03125,0.7466606926535515,5.452811693412552,11.883637721931871,33.18951062777061,64.76417495949764
rosenbrock_d4,Rosenbrock 4D,broad,benefit: mean parental objective minus midpoint objective,93,15.354699923878538,15.362231887238597,-0.007531963360058412,0.958984375,0.009765625,0.03125,0.2356298430244692,4.836372404295226,12.602130524466626,20.806534072727377,44.429944123722805
rosenbrock_d4,Rosenbrock 4D,broad,benefit: mean parental objective minus midpoint objective,94,18.41226585108782,18.428159141540842,-0.01589329045302165,0.947265625,0.021484375,0.03125,0.0,3.637525441899336,12.33809085894947,25.705756444125683,61.462761169111175
rosenbrock_d4,Rosenbrock 4D,broad,benefit: mean parental objective minus midpoint objective,95,39.489258025355056,39.489258025355056,0.0,0.96875,0.0,0.03125,1.5190590759208664,9.61284145554809,19.299852084374876,39.97234951505605,185.687389685061
rosenbrock_d4,Rosenbrock 4D,broad,benefit: mean parental objective minus midpoint objective,96,15.680980409591669,15.68597060491155,-0.004990195319877762,0.953125,0.015625,0.03125,0.23569356192147017,3.20876858816637,8.182922886993529,22.208094282027233,56.81932858079523
rosenbrock_d4,Rosenbrock 4D,broad,benefit: mean parental objective minus midpoint objective,97,10.539119940616844,10.549497554715408,-0.010377614098561885,0.958984375,0.009765625,0.03125,0.1430604989065175,2.5292048432547674,7.134806338592751,15.323273038153223,31.888497350246464
rosenbrock_d4,Rosenbrock 4D,broad,benefit: mean parental objective minus midpoint objective,98,11.117444016265683,11.134979819697698,-0.017535803432015197,0.9453125,0.0234375,0.03125,0.0,4.136569000377982,8.66120507536672,15.892480264138797,30.099592935056485
rosenbrock_d4,Rosenbrock 4D,broad,benefit: mean parental objective minus midpoint objective,99,16.21279185894631,16.224577711220967,-0.011785852274657407,0.9609375,0.0078125,0.03125,0.6007558731874081,4.270076899575789,8.993675130654267,18.089261577896632,49.43175546522515
rosenbrock_d4,Rosenbrock 4D,broad,benefit: mean parental objective minus midpoint objective,100,28.47394420549406,28.482137125539495,-0.008192920045432836,0.95703125,0.01171875,0.03125,0.3271510746849664,3.0586688993227105,9.342093313152134,29.259101169547982,209.30185490238858
rosenbrock_d4,Rosenbrock 4D,broad,benefit: mean parental objective minus midpoint objective,101,23.30971820070194,23.32609387582488,-0.016375675122941247,0.95703125,0.01171875,0.03125,0.21248943954047572,6.024733152179309,16.704428242399516,26.655367802955162,90.64086450507294
rosenbrock_d4,Rosenbrock 4D,broad,benefit: mean parental objective minus midpoint objective,102,15.065421963854146,15.065421963854146,0.0,0.96875,0.0,0.03125,0.7942542902178182,3.6039113068529707,9.852178706975502,20.477805174277133,49.34445086122628
rosenbrock_d4,Rosenbrock 4D,broad,benefit: mean parental objective minus midpoint objective,103,16.725164239309883,16.728305785348624,-0.0031415460387442043,0.955078125,0.013671875,0.03125,0.29284237293194937,3.2633831613772157,9.702894650536068,26.870944807210222,48.785661831200756
rosenbrock_d4,Rosenbrock 4D,broad,benefit: mean parental objective minus midpoint objective,104,32.583902977141676,32.58823531712142,-0.004332339979752898,0.953125,0.015625,0.03125,0.10888690683611912,4.328705780539501,16.242782165938785,36.78695697899097,143.090084103425
rosenbrock_d4,Rosenbrock 4D,broad,benefit: mean parental objective minus midpoint objective,105,18.28274502067582,18.28445671576127,-0.0017116950854495598,0.96484375,0.00390625,0.03125,0.44481782276134396,6.431540425533826,13.410837009371441,23.970258542282465,52.30728227110612
rosenbrock_d4,Rosenbrock 4D,broad,benefit: mean parental objective minus midpoint objective,106,18.49053273936903,18.503304823310533,-0.012772083941503183,0.955078125,0.013671875,0.03125,0.4322294287481441,4.124241784547607,9.143304097126565,17.97581326324858,83.23571083518402
rosenbrock_d4,Rosenbrock 4D,broad,benefit: mean parental objective minus midpoint objective,107,25.924537464498957,25.925349293599933,-0.0008118291009805625,0.962890625,0.005859375,0.03125,0.7528267777025375,6.1248853909975285,13.583150982404346,30.164854344342807,92.63194783659114
rosenbrock_d4,Rosenbrock 4D,broad,benefit: mean parental objective minus midpoint objective,108,17.283122168228207,17.28524268074485,-0.002120512516641325,0.962890625,0.005859375,0.03125,0.6121780956517116,4.716580345825072,12.808313085496053,25.065155806776602,49.42494648346769
rosenbrock_d4,Rosenbrock 4D,broad,benefit: mean parental objective minus midpoint objective,109,19.941749730180483,19.95042898728189,-0.008679257101403822,0.953125,0.015625,0.03125,0.10865555943640137,3.988273883910068,11.957323640798613,25.496117800927426,82.03396819090473
rosenbrock_d4,Rosenbrock 4D,broad,benefit: mean parental objective minus midpoint objective,110,13.484151185672438,13.489447378568595,-0.005296192896155676,0.955078125,0.013671875,0.03125,0.14272565054754027,3.504890261453248,8.848898735977569,19.75438407429765,41.89800664921629
rosenbrock_d4,Rosenbrock 4D,broad,benefit: mean parental objective minus midpoint objective,111,29.13818685989451,29.156819354511008,-0.018632494616496513,0.951171875,0.017578125,0.03125,0.06094500854484686,3.843445791862373,11.357389645408967,24.3206259721847,160.95684318834324
rosenbrock_d4,Rosenbrock 4D,broad,benefit: mean parental objective minus midpoint objective,112,22.901308582585578,22.901308582585578,0.0,0.96875,0.0,0.03125,0.8739587204574426,5.7615838284839,13.530015233102295,30.22982967328229,74.75876947608745
rosenbrock_d4,Rosenbrock 4D,broad,benefit: mean parental objective minus midpoint objective,113,23.38772321573756,23.390537858305272,-0.002814642567713759,0.958984375,0.009765625,0.03125,0.17600028417174207,4.8692631062166685,11.358100241628236,38.865866005499974,74.229762758174
rosenbrock_d4,Rosenbrock 4D,broad,benefit: mean parental objective minus midpoint objective,114,9.548812195785729,9.555704256034726,-0.0068920602489972085,0.95703125,0.01171875,0.03125,0.13179937739748127,3.010136726324177,7.990120519555438,13.484441486211383,25.73065343221917
rosenbrock_d4,Rosenbrock 4D,broad,benefit: mean parental objective minus midpoint objective,115,18.697043798868847,18.711906062935025,-0.014862264066174594,0.955078125,0.013671875,0.03125,0.49505739812903604,7.265410158974008,15.135312122033362,26.655355275663943,50.46809424695089
rosenbrock_d4,Rosenbrock 4D,broad,benefit: mean parental objective minus midpoint objective,116,18.79396400494938,18.794424214399207,-0.00046020944982999926,0.966796875,0.001953125,0.03125,0.5786410251520142,4.925910386912655,11.52406914739543,26.837119417272135,63.665808603219425
rosenbrock_d4,Rosenbrock 4D,broad,benefit: mean parental objective minus midpoint objective,117,11.040999429855347,11.045236991323684,-0.00423756146833585,0.96484375,0.00390625,0.03125,0.37212029617651243,3.0376845190600594,6.476814467010206,17.039233096605052,33.92296289382514
rosenbrock_d4,Rosenbrock 4D,broad,benefit: mean parental objective minus midpoint objective,118,13.163111704226935,13.163111704226935,0.0,0.96875,0.0,0.03125,0.5188709396717925,2.758399544501761,8.158532616896462,19.43785462079881,42.55393771481796
rosenbrock_d4,Rosenbrock 4D,broad,benefit: mean parental objective minus midpoint objective,119,10.022459191963403,10.02283193565832,-0.0003727436949178646,0.96484375,0.00390625,0.03125,0.5687278483241653,3.2487774840585857,7.484860625075317,13.89298380224676,28.60155097394122
rosenbrock_d4,Rosenbrock 4D,broad,benefit: mean parental objective minus midpoint objective,120,17.69115552791596,17.69247148934788,-0.0013159614319150003,0.962890625,0.005859375,0.03125,0.19790283622631932,2.5713743129343403,11.235674187004689,25.76818337980676,55.50864472442049
rosenbrock_d4,Rosenbrock 4D,broad,benefit: mean parental objective minus midpoint objective,121,8.912528154697146,8.91293383674006,-0.0004056820429139763,0.96484375,0.00390625,0.03125,0.18793321893945336,2.4744306379884713,6.72478823402984,12.77430696979896,25.57310232856612
rosenbrock_d4,Rosenbrock 4D,broad,benefit: mean parental objective minus midpoint objective,122,22.579826110708005,22.580743283236806,-0.0009171725288002266,0.966796875,0.001953125,0.03125,0.36648864227406097,3.665750933556976,13.50297686386255,34.258744673721736,76.32460071391485
rosenbrock_d4,Rosenbrock 4D,broad,benefit: mean parental objective minus midpoint objective,123,32.32597443236282,32.33794001958631,-0.011965587223495326,0.951171875,0.017578125,0.03125,0.00576307236637863,3.3202703351450342,10.289341485342966,28.238963284071417,195.82620726063328
rosenbrock_d4,Rosenbrock 4D,broad,benefit: mean parental objective minus midpoint objective,124,19.18249921111599,19.184774701112897,-0.002275489996907045,0.9609375,0.0078125,0.03125,0.3847430326654724,4.033781233405394,8.559044890017912,17.537064953264117,99.24085866873371
rosenbrock_d4,Rosenbrock 4D,broad,benefit: mean parental objective minus midpoint objective,125,26.718440811233076,26.723885128965165,-0.005444317732089733,0.962890625,0.005859375,0.03125,0.5217194351123773,6.224464509309629,13.908827714474342,33.100784107317324,111.24936205007673
rosenbrock_d4,Rosenbrock 4D,broad,benefit: mean parental objective minus midpoint objective,126,12.837856494834085,12.839149752096482,-0.0012932572623973234,0.962890625,0.005859375,0.03125,0.5047711497672578,4.363646021503404,9.006345000852564,19.247901593055346,35.39352136989959
rosenbrock_d4,Rosenbrock 4D,broad,benefit: mean parental objective minus midpoint objective,127,20.465761702681423,20.473870222122454,-0.008108519441031534,0.958984375,0.009765625,0.03125,0.30093031078831345,2.71534113492414,7.84383242448445,15.182216299108871,154.4753126504635
rosenbrock_d4,Rosenbrock 4D,clustered,benefit: mean parental objective minus midpoint objective,0,3.864423820767789,3.8645017325747713,-7.791180698251375e-05,0.958984375,0.009765625,0.03125,0.004504232572150713,0.055605305090173474,0.3773210045422797,7.6644126085729924,8.87093181184847
rosenbrock_d4,Rosenbrock 4D,clustered,benefit: mean parental objective minus midpoint objective,1,3.975385926541626,3.975566717463214,-0.00018079092158807333,0.953125,0.015625,0.03125,0.0015921180890092756,0.06411336419052738,0.4007768909522138,7.859538022334933,9.362241912045974
rosenbrock_d4,Rosenbrock 4D,clustered,benefit: mean parental objective minus midpoint objective,2,3.6759248681169816,3.6759269182919847,-2.050175003320831e-06,0.96484375,0.00390625,0.03125,0.0042229245570997165,0.05482159008721332,0.22782645554168113,7.587922260748988,8.914557366348774
rosenbrock_d4,Rosenbrock 4D,clustered,benefit: mean parental objective minus midpoint objective,3,3.766366349787088,3.766763503063097,-0.00039715327600902024,0.953125,0.015625,0.03125,0.000892146185353937,0.05072666529553338,0.692995017789201,7.355507833729566,8.869519422812903
rosenbrock_d4,Rosenbrock 4D,clustered,benefit: mean parental objective minus midpoint objective,4,3.8275527878000615,3.827590886455032,-3.8098654970182555e-05,0.96484375,0.00390625,0.03125,0.007121360898123541,0.06520515121053982,0.30550295598188093,7.745421644807672,9.123104567736519
rosenbrock_d4,Rosenbrock 4D,clustered,benefit: mean parental objective minus midpoint objective,5,3.5555566304437107,3.5555566304437107,0.0,0.96875,0.0,0.03125,0.007939426515353176,0.05967933722531882,0.263066308626275,7.381208690265227,9.509912425536257
rosenbrock_d4,Rosenbrock 4D,clustered,benefit: mean parental objective minus midpoint objective,6,3.9201960851652213,3.920305227707474,-0.0001091425422528481,0.95703125,0.01171875,0.03125,0.0022338849801561977,0.042253985090921375,0.30769365137095583,7.825876223896198,9.018960723324259
rosenbrock_d4,Rosenbrock 4D,clustered,benefit: mean parental objective minus midpoint objective,7,3.8954388399885724,3.895527889249851,-8.904926127852562e-05,0.955078125,0.013671875,0.03125,0.0024457393139094563,0.06893851157517084,0.3431594823777617,7.831788281191829,9.495644106215194
rosenbrock_d4,Rosenbrock 4D,clustered,benefit: mean parental objective minus midpoint objective,8,3.9276769912378238,3.927726073214278,-4.908197645443757e-05,0.9609375,0.0078125,0.03125,0.006459981319578034,0.07799923546039977,0.6016946517838306,7.801219678485179,9.386567936970678
rosenbrock_d4,Rosenbrock 4D,clustered,benefit: mean parental objective minus midpoint objective,9,3.662074317394274,3.662074317394274,0.0,0.96875,0.0,0.03125,0.007219419278145622,0.07737892833228255,0.3788298294021999,7.1362243756078,9.175397296383169
rosenbrock_d4,Rosenbrock 4D,clustered,benefit: mean parental objective minus midpoint objective,10,2.953482125480182,2.953558139136807,-7.601365662454791e-05,0.951171875,0.017578125,0.03125,0.00019125284139320797,0.042306145757018854,0.15813009372098996,7.191252775935574,8.85572984531032
rosenbrock_d4,Rosenbrock 4D,clustered,benefit: mean parental objective minus midpoint objective,11,4.036051157366516,4.036198983041811,-0.0001478256752949509,0.94921875,0.01953125,0.03125,0.0,0.06679146903306066,0.6694702950704361,7.834030713956045,9.580556972777734
rosenbrock_d4,Rosenbrock 4D,clustered,benefit: mean parental objective minus midpoint objective,12,4.032893141057933,4.032966895529553,-7.37544716200144e-05,0.958984375,0.009765625,0.03125,0.005849795084749587,0.06674627250387033,0.37439092385810824,8.070340280314642,9.406191131847168
rosenbrock_d4,Rosenbrock 4D,clustered,benefit: mean parental objective minus midpoint objective,13,3.7698297506337886,3.7698988465041303,-6.909587034133365e-05,0.95703125,0.01171875,0.03125,0.0014117854409416708,0.07347942587855272,0.34782215497976665,7.674166157097762,8.899178457560343
rosenbrock_d4,Rosenbrock 4D,clustered,benefit: mean parental objective minus midpoint objective,14,3.278855010976284,3.278855010976284,0.0,0.96875,0.0,0.03125,0.00677438286243337,0.0418401389200751,0.13954158135274053,7.389503148373757,8.608866543909508
rosenbrock_d4,Rosenbrock 4D,clustered,benefit: mean parental objective minus midpoint objective,15,3.8159325795042127,3.815967057513437,-3.447800922390734e-05,0.962890625,0.005859375,0.03125,0.004775480901272999,0.05684651852761391,0.2746190512325004,7.860860130027194,9.208103890657112
rosenbrock_d4,Rosenbrock 4D,clustered,benefit: mean parental objective minus midpoint objective,16,3.9526088973080604,3.952720984974289,-0.00011208766622819964,0.955078125,0.013671875,0.03125,0.0017106153503938515,0.08581894672999724,0.40905304235883033,7.878608830345578,9.62418596649411
rosenbrock_d4,Rosenbrock 4D,clustered,benefit: mean parental objective minus midpoint objective,17,3.7473744439022285,3.747586824874862,-0.00021238097263377026,0.943359375,0.025390625,0.03125,0.0,0.051288924815507286,0.39408445689537075,7.578077133600453,9.0243934185436
rosenbrock_d4,Rosenbrock 4D,clustered,benefit: mean parental objective minus midpoint objective,18,3.9658876978966022,3.965943694789034,-5.59968924317162e-05,0.9609375,0.0078125,0.03125,0.0034997302734787183,0.052415694589016404,0.42606725566795944,7.863642842868346,9.27195729573267
rosenbrock_d4,Rosenbrock 4D,clustered,benefit: mean parental objective minus midpoint objective,19,3.940824559346169,3.9410201148782464,-0.0001955555320771931,0.951171875,0.017578125,0.03125,0.003741972777214997,0.06439584202357729,0.4546404593920492,7.719468985879442,9.229542164349347
rosenbrock_d4,Rosenbrock 4D,clustered,benefit: mean parental objective minus midpoint objective,20,3.581199272685655,3.581966674691099,-0.0007674020054433493,0.92578125,0.04296875,0.03125,0.0,0.04051539932798853,0.3397655578505123,7.104991545583703,8.425905712293591
rosenbrock_d4,Rosenbrock 4D,clustered,benefit: mean parental objective minus midpoint objective,21,3.811120695494049,3.8111514376287787,-3.074213472969989e-05,0.962890625,0.005859375,0.03125,0.004092524066207304,0.04648273379227774,0.5795679064305057,7.565369312284944,8.803766537324906
rosenbrock_d4,Rosenbrock 4D,clustered,benefit: mean parental objective minus midpoint objective,22,3.687470706264028,3.687470706264028,0.0,0.96875,0.0,0.03125,0.0058084093525794245,0.08144506063940948,0.3757929387654464,7.409053303670744,9.17458837238582
rosenbrock_d4,Rosenbrock 4D,clustered,benefit: mean parental objective minus midpoint objective,23,3.967045661327101,3.9674543881612485,-0.0004087268341481931,0.9453125,0.0234375,0.03125,0.0,0.05627982843269841,0.5489279383522412,7.705689872916041,9.409715017892005
rosenbrock_d4,Rosenbrock 4D,clustered,benefit: mean parental objective minus midpoint objective,24,3.5006585084424193,3.5009116345363567,-0.00025312609393715775,0.943359375,0.025390625,0.03125,0.0,0.05366242645968988,0.2173889443972321,7.780238236222107,9.326115978769499
rosenbrock_d4,Rosenbrock 4D,clustered,benefit: mean parental objective minus midpoint objective,25,3.8776718505169505,3.8777075937067975,-3.5743189846875606e-05,0.962890625,0.005859375,0.03125,0.0029434920231299344,0.06244858956600119,0.37760492959887415,7.495575197983768,9.276838479076888
rosenbrock_d4,Rosenbrock 4D,clustered,benefit: mean parental objective minus midpoint objective,26,4.028842622417727,4.028898473257035,-5.585083930713039e-05,0.95703125,0.01171875,0.03125,0.00402763009153162,0.07181241359561596,0.8193223068665247,7.821909310105698,9.672772910338656
rosenbrock_d4,Rosenbrock 4D,clustered,benefit: mean parental objective minus midpoint objective,27,3.8286444118307528,3.8286696258606434,-2.5214029890502365e-05,0.96484375,0.00390625,0.03125,0.004704000911345929,0.057542268742650116,0.2841357426157005,7.748559791071803,9.016052040854271
rosenbrock_d4,Rosenbrock 4D,clustered,benefit: mean parental objective minus midpoint objective,28,4.05219255850948,4.052222737182924,-3.0178673444385823e-05,0.966796875,0.001953125,0.03125,0.005812151706926727,0.05807235923513776,0.5168755010969104,7.891179075325942,9.627201617347016
rosenbrock_d4,Rosenbrock 4D,clustered,benefit: mean parental objective minus midpoint objective,29,4.034149514736984,4.03415236614727,-2.85141028624758e-06,0.966796875,0.001953125,0.03125,0.005867851793469825,0.06624243139928598,0.7625517079026736,7.783306484402876,9.952522029366927
rosenbrock_d4,Rosenbrock 4D,clustered,benefit: mean parental objective minus midpoint objective,30,3.7032844688408417,3.703339362706658,-5.489386581636335e-05,0.958984375,0.009765625,0.03125,0.005270189528271629,0.06746201672187357,0.6092262972773925,7.256006005717841,8.912197760538207
rosenbrock_d4,Rosenbrock 4D,clustered,benefit: mean parental objective minus midpoint objective,31,3.1885971417837062,3.1887072707997515,-0.00011012901604496618,0.951171875,0.017578125,0.03125,0.00019241662329960718,0.044626667331909786,0.17352273112436123,7.379064330650731,8.983822487386911
rosenbrock_d4,Rosenbrock 4D,clustered,benefit: mean parental objective minus midpoint objective,32,3.830441895351501,3.830562371944005,-0.00012047659250451204,0.9609375,0.0078125,0.03125,0.0040348440382240724,0.04922641232132552,0.28113300108843475,7.690300658343982,9.224631142000957
rosenbrock_d4,Rosenbrock 4D,clustered,benefit: mean parental objective minus midpoint objective,33,4.003475452161642,4.003508515650964,-3.30634893212986e-05,0.9609375,0.0078125,0.03125,0.003404294024509369,0.06726125189214471,0.32272788471688596,7.953457981780116,9.485028929123612
rosenbrock_d4,Rosenbrock 4D,clustered,benefit: mean parental objective minus midpoint objective,34,4.109436668819772,4.109440145990213,-3.4771704414890414e-06,0.966796875,0.001953125,0.03125,0.004471605094728659,0.055824617376255325,0.4284538595289664,8.247485254462978,10.080893750125203
rosenbrock_d4,Rosenbrock 4D,clustered,benefit: mean parental objective minus midpoint objective,35,3.63797087351022,3.638157816125827,-0.00018694261560742338,0.951171875,0.017578125,0.03125,7.207327462488422e-05,0.05039373671591196,0.227374658465056,7.532459048152222,9.283972961413314
rosenbrock_d4,Rosenbrock 4D,clustered,benefit: mean parental objective minus midpoint objective,36,3.8404260035587097,3.840541884625828,-0.00011588106711900303,0.9609375,0.0078125,0.03125,0.004784895426482194,0.06875980475280752,0.6497594120702459,7.439316849173781,9.458032389077319
rosenbrock_d4,Rosenbrock 4D,clustered,benefit: mean parental objective minus midpoint objective,37,3.9955633326196627,3.9955759754888476,-1.2642869184949918e-05,0.966796875,0.001953125,0.03125,0.004087786451291819,0.07481584885212555,0.7223691260556775,7.75017389574528,9.882352541550961
rosenbrock_d4,Rosenbrock 4D,clustered,benefit: mean parental objective minus midpoint objective,38,3.873047188761906,3.8730608113179623,-1.3622556056490376e-05,0.966796875,0.001953125,0.03125,0.008238941761842256,0.04943247947961282,0.2641545018339926,7.722066192422953,9.154160476996845
rosenbrock_d4,Rosenbrock 4D,clustered,benefit: mean parental objective minus midpoint objective,39,3.688925060312987,3.68914429699468,-0.00021923668169364884,0.9453125,0.0234375,0.03125,0.0,0.05616858159373894,0.23812928300065028,7.445522559984582,8.897508573527025
rosenbrock_d4,Rosenbrock 4D,clustered,benefit: mean parental objective minus midpoint objective,40,3.8566733820186396,3.8567789433226025,-0.0001055613039627791,0.958984375,0.009765625,0.03125,0.0032545624559316977,0.05236144533496123,0.2908835446138296,7.833013863208182,8.80691139639049
rosenbrock_d4,Rosenbrock 4D,clustered,benefit: mean parental objective minus midpoint objective,41,4.027986819450566,4.0281617376009535,-0.00017491815038702188,0.95703125,0.01171875,0.03125,0.0017504637519305533,0.07548875985987813,0.4877610202520417,7.98569102192607,9.696289609847641
rosenbrock_d4,Rosenbrock 4D,clustered,benefit: mean parental objective minus midpoint objective,42,4.059370850434641,4.059456661937486,-8.58115028441412e-05,0.9609375,0.0078125,0.03125,0.002343038677222964,0.048743491091800095,0.33110582043656844,8.069241817925528,9.483325590519309
rosenbrock_d4,Rosenbrock 4D,clustered,benefit: mean parental objective minus midpoint objective,43,3.8559205453295746,3.85593542995115,-1.4884621575141782e-05,0.96484375,0.00390625,0.03125,0.0051787391194313415,0.05183284550111278,0.2879390910881501,7.854139338237706,9.700779141083965
rosenbrock_d4,Rosenbrock 4D,clustered,benefit: mean parental objective minus midpoint objective,44,3.925491814708901,3.9255239850183825,-3.217030948236138e-05,0.9609375,0.0078125,0.03125,0.005131993244766875,0.06381943878331597,0.581814805178702,7.800140107731197,9.274889782811304
rosenbrock_d4,Rosenbrock 4D,clustered,benefit: mean parental objective minus midpoint objective,45,3.6406889373204443,3.6407844324891245,-9.549516867983325e-05,0.9609375,0.0078125,0.03125,0.005508328690835285,0.04873056702694001,0.23241288591908216,7.478013085399216,9.098847510216062
rosenbrock_d4,Rosenbrock 4D,clustered,benefit: mean parental objective minus midpoint objective,46,4.106301361740304,4.10662605196897,-0.00032469022866684835,0.947265625,0.021484375,0.03125,0.0,0.057298839295780724,0.6004438606224625,8.180088059916638,9.530036411570167
rosenbrock_d4,Rosenbrock 4D,clustered,benefit: mean parental objective minus midpoint objective,47,4.13356057399835,4.133872096571843,-0.0003115225734925831,0.951171875,0.017578125,0.03125,7.810923117190782e-06,0.0744169377035746,0.4717408959080567,8.283758636829809,9.948376562801807
rosenbrock_d4,Rosenbrock 4D,clustered,benefit: mean parental objective minus midpoint objective,48,4.206004869391081,4.206008314196729,-3.4448056479424727e-06,0.966796875,0.001953125,0.03125,0.004737958394549935,0.0849753187166069,0.4215626198518363,8.34226878666135,9.828904310397991
rosenbrock_d4,Rosenbrock 4D,clustered,benefit: mean parental objective minus midpoint objective,49,3.93265772892816,3.93265772892816,0.0,0.96875,0.0,0.03125,0.00823910173721476,0.06766401054245108,0.4870138325799527,8.102874298646183,9.281158737692929
rosenbrock_d4,Rosenbrock 4D,clustered,benefit: mean parental objective minus midpoint objective,50,3.978834838618424,3.978912425992469,-7.758737404498992e-05,0.95703125,0.01171875,0.03125,0.002732894098407712,0.07039178291148929,0.5987936886988603,7.845441385909908,9.242526882316294
rosenbrock_d4,Rosenbrock 4D,clustered,benefit: mean parental objective minus midpoint objective,51,3.9673377956649576,3.9674083973781906,-7.060171323331962e-05,0.955078125,0.013671875,0.03125,0.002928144000119204,0.07233264149187413,0.5665444961706321,7.813661685564969,9.226390626744461
rosenbrock_d4,Rosenbrock 4D,clustered,benefit: mean parental objective minus midpoint objective,52,3.8462826548631237,3.846435859661092,-0.00015320479796871074,0.953125,0.015625,0.03125,0.0007350755183352931,0.05281399905820727,0.3575778816623085,7.6912478734472085,9.84199676718709
rosenbrock_d4,Rosenbrock 4D,clustered,benefit: mean parental objective minus midpoint objective,53,3.8268824602828553,3.8269735935447082,-9.113326185290413e-05,0.95703125,0.01171875,0.03125,0.0050814529578984136,0.0568058731519816,0.33499580608404855,7.641687436063574,8.683123063342899
rosenbrock_d4,Rosenbrock 4D,clustered,benefit: mean parental objective minus midpoint objective,54,3.994965115395945,3.9950003214961547,-3.52061002098069e-05,0.962890625,0.005859375,0.03125,0.009040742291634984,0.08209908857149717,0.6118765733269118,7.972169164695729,9.634606279569011
rosenbrock_d4,Rosenbrock 4D,clustered,benefit: mean parental objective minus midpoint objective,55,3.40490534980942,3.405172614757741,-0.0002672649483210932,0.943359375,0.025390625,0.03125,0.0,0.04983517657170289,0.16173907353706873,7.6718577213163135,9.019398638040304
rosenbrock_d4,Rosenbrock 4D,clustered,benefit: mean parental objective minus midpoint objective,56,4.148714227405995,4.148768569939246,-5.434253324996391e-05,0.962890625,0.005859375,0.03125,0.005351305445555177,0.08546654108203633,0.5923193965908728,8.305867358800217,10.234384233106391
rosenbrock_d4,Rosenbrock 4D,clustered,benefit: mean parental objective minus midpoint objective,57,4.173867030513396,4.17393739360754,-7.03630941433879e-05,0.955078125,0.013671875,0.03125,0.0009974003185142521,0.06039132200098862,0.3470506096070469,8.434053356830828,9.999347998607416
rosenbrock_d4,Rosenbrock 4D,clustered,benefit: mean parental objective minus midpoint objective,58,3.7662988501975025,3.766413349565347,-0.00011449936784399886,0.94921875,0.01953125,0.03125,0.0,0.0486478215520636,0.3617021837497578,7.3754519050739455,9.12845845868379
rosenbrock_d4,Rosenbrock 4D,clustered,benefit: mean parental objective minus midpoint objective,59,3.9475058209584435,3.947535562007116,-2.974104867226393e-05,0.966796875,0.001953125,0.03125,0.008540831537697358,0.08045371347891805,0.681032067799257,7.825054334228287,9.487352346071882
rosenbrock_d4,Rosenbrock 4D,clustered,benefit: mean parental objective minus midpoint objective,60,3.827987936879926,3.8281108137133213,-0.00012287683339539182,0.962890625,0.005859375,0.03125,0.004985123254797941,0.05215125168722423,0.2815283606934731,7.646633263293794,9.328679600591569
rosenbrock_d4,Rosenbrock 4D,clustered,benefit: mean parental objective minus midpoint objective,61,3.5923983810706575,3.5925292128550215,-0.0001308317843636067,0.962890625,0.005859375,0.03125,0.003703802837790704,0.05258163250777148,0.22745070881564633,7.628225829258614,9.286165682091637
rosenbrock_d4,Rosenbrock 4D,clustered,benefit: mean parental objective minus midpoint objective,62,3.9927550979717865,3.9929183229362137,-0.00016322496442697405,0.955078125,0.013671875,0.03125,0.003517240969719282,0.05521889248568801,0.35858701494783496,7.969637733779776,9.464189456104863
rosenbrock_d4,Rosenbrock 4D,clustered,benefit: mean parental objective minus midpoint objective,63,3.70639008949259,3.706444610212672,-5.4520720082157706e-05,0.96484375,0.00390625,0.03125,0.003570415289111395,0.0730115356581944,0.40772371456116474,7.391123425403233,8.919350986946062
rosenbrock_d4,Rosenbrock 4D,clustered,benefit: mean parental objective minus midpoint objective,64,4.03229843524703,4.032353959316938,-5.552406990729647e-05,0.958984375,0.009765625,0.03125,0.003066124068970666,0.06712870851416142,0.6192447309296227,8.006258008506359,9.746298652534831
rosenbrock_d4,Rosenbrock 4D,clustered,benefit: mean parental objective minus midpoint objective,65,4.352102116474918,4.352102116474918,0.0,0.96875,0.0,0.03125,0.0072138298577222315,0.06940596604383487,0.4161266726774695,8.508051857225478,10.33254808154353
rosenbrock_d4,Rosenbrock 4D,clustered,benefit: mean parental objective minus midpoint objective,66,3.9769704535153987,3.976982545146158,-1.2091630759162447e-05,0.96484375,0.00390625,0.03125,0.0060851967167794285,0.05986566248533176,0.826267665131402,7.68137714215967,9.840381757313326
rosenbrock_d4,Rosenbrock 4D,clustered,benefit: mean parental objective minus midpoint objective,67,3.2902686472413034,3.2902907637813987,-2.2116540094981735e-05,0.96484375,0.00390625,0.03125,0.008883718802465523,0.07254844294498053,0.2462503107565972,7.263849724570149,9.025413846571606
rosenbrock_d4,Rosenbrock 4D,clustered,benefit: mean parental objective minus midpoint objective,68,3.465952233297502,3.465990855498487,-3.86222009849755e-05,0.96484375,0.00390625,0.03125,0.005417838622523874,0.06612715588704532,0.3505450846306202,7.18419254258165,9.452935148674607
rosenbrock_d4,Rosenbrock 4D,clustered,benefit: mean parental objective minus midpoint objective,69,3.8141030919138457,3.8141394219656943,-3.633005184908514e-05,0.962890625,0.005859375,0.03125,0.006738667785629815,0.06036833202369074,0.5590368862620814,7.481468034635584,9.321590913910088
rosenbrock_d4,Rosenbrock 4D,clustered,benefit: mean parental objective minus midpoint objective,70,3.509593325636658,3.5096406775262565,-4.735188959845843e-05,0.96484375,0.00390625,0.03125,0.006271717739034344,0.058830976151481806,0.28539292612274014,7.202218259457728,8.634900550183229
rosenbrock_d4,Rosenbrock 4D,clustered,benefit: mean parental objective minus midpoint objective,71,3.9524323378764996,3.952459135713778,-2.679783727867896e-05,0.962890625,0.005859375,0.03125,0.00632270901251708,0.06222542840690437,0.3717644726902396,7.9112344259393925,9.02834689632608
rosenbrock_d4,Rosenbrock 4D,clustered,benefit: mean parental objective minus midpoint objective,72,3.890936680518478,3.8909632049191374,-2.6524400659146477e-05,0.96484375,0.00390625,0.03125,0.005850970731030358,0.06657892859052694,0.651209166787968,7.515657767005816,9.108743024007886
rosenbrock_d4,Rosenbrock 4D,clustered,benefit: mean parental objective minus midpoint objective,73,3.797781573609421,3.797781573609421,0.0,0.96875,0.0,0.03125,0.007452207492017138,0.08923786252140431,0.48777846535433866,7.403401385795998,9.330489653487868
rosenbrock_d4,Rosenbrock 4D,clustered,benefit: mean parental objective minus midpoint objective,74,3.555491524935029,3.555572683426436,-8.115849140656779e-05,0.955078125,0.013671875,0.03125,0.001737466677584898,0.053589943133297346,0.30325815988387284,7.2093435680382765,8.31695003379271
rosenbrock_d4,Rosenbrock 4D,clustered,benefit: mean parental objective minus midpoint objective,75,4.132521068256633,4.132588020588583,-6.695233195070857e-05,0.958984375,0.009765625,0.03125,0.0032225024545535774,0.08215093977974064,0.45246903236744096,8.137360358286637,9.883606320124581
rosenbrock_d4,Rosenbrock 4D,clustered,benefit: mean parental objective minus midpoint objective,76,3.18023433146809,3.1802602651541436,-2.5933686053730004e-05,0.96484375,0.00390625,0.03125,0.0042936142952063605,0.060707723071208974,0.27109822397699457,7.266259753092475,9.063533081117466
rosenbrock_d4,Rosenbrock 4D,clustered,benefit: mean parental objective minus midpoint objective,77,3.322928008922875,3.3232193663665344,-0.0002913574436588795,0.947265625,0.021484375,0.03125,0.0,0.0568998702434671,0.26706212883520664,7.085531186504459,8.568715908207997
rosenbrock_d4,Rosenbrock 4D,clustered,benefit: mean parental objective minus midpoint objective,78,3.7492598178301515,3.749265897583479,-6.079753327319776e-06,0.966796875,0.001953125,0.03125,0.005030409705541139,0.058306265079283826,0.2557815802169401,7.708861287577639,9.005223626279635
rosenbrock_d4,Rosenbrock 4D,clustered,benefit: mean parental objective minus midpoint objective,79,3.895268072695411,3.8953551169684237,-8.704427301283596e-05,0.95703125,0.01171875,0.03125,0.004375710800416321,0.052144079312663294,0.3327207532769041,7.67098425940576,8.859780865860197
rosenbrock_d4,Rosenbrock 4D,clustered,benefit: mean parental objective minus midpoint objective,80,3.886749849659602,3.88675680972159,-6.960061987984489e-06,0.966796875,0.001953125,0.03125,0.007395057601364385,0.06312313662259328,0.278141542610598,8.243665412336512,10.080875561970835
rosenbrock_d4,Rosenbrock 4D,clustered,benefit: mean parental objective minus midpoint objective,81,3.3257949181493682,3.3258204958234705,-2.5577674102616327e-05,0.96484375,0.00390625,0.03125,0.005698629787669773,0.04135433458937321,0.238266942018301,7.154739389499507,9.000575979010705
rosenbrock_d4,Rosenbrock 4D,clustered,benefit: mean parental objective minus midpoint objective,82,3.687529466806825,3.687587768011942,-5.830120511697741e-05,0.9609375,0.0078125,0.03125,0.0014672188908999573,0.049894553568023525,0.3410523176938449,7.43512639606046,8.76472508122563
rosenbrock_d4,Rosenbrock 4D,clustered,benefit: mean parental objective minus midpoint objective,83,3.9274275069255777,3.9275979543447805,-0.00017044741920258302,0.962890625,0.005859375,0.03125,0.006140780055101658,0.07841889705417593,0.7102742096418933,7.6671576340038685,9.418264005919088
rosenbrock_d4,Rosenbrock 4D,clustered,benefit: mean parental objective minus midpoint objective,84,3.563060807129391,3.5631542412251527,-9.343409576188268e-05,0.955078125,0.013671875,0.03125,0.0029279321779656087,0.06395512455047303,0.21196244157242194,7.530971861892839,9.16691274030044
rosenbrock_d4,Rosenbrock 4D,clustered,benefit: mean parental objective minus midpoint objective,85,4.076528508120526,4.076558222081259,-2.9713960733085756e-05,0.9609375,0.0078125,0.03125,0.007598928422419604,0.09219810421794161,0.7031996376616458,7.96659070817352,10.118538414625885
rosenbrock_d4,Rosenbrock 4D,clustered,benefit: mean parental objective minus midpoint objective,86,3.8486431894637043,3.84864464214988,-1.4526861758668713e-06,0.966796875,0.001953125,0.03125,0.004969053645995203,0.04799416045321969,0.30039317199215887,7.602062319197846,9.01713292170943
rosenbrock_d4,Rosenbrock 4D,clustered,benefit: mean parental objective minus midpoint objective,87,4.180776470842498,4.1808556856932455,-7.92148507466478e-05,0.9609375,0.0078125,0.03125,0.004663124290798848,0.07077254979659209,0.41682204045216587,8.356395179449347,10.070281372538675
rosenbrock_d4,Rosenbrock 4D,clustered,benefit: mean parental objective minus midpoint objective,88,3.971771592535423,3.9718991699003676,-0.00012757736494455225,0.955078125,0.013671875,0.03125,0.0016859506406756708,0.05558919985028332,0.5766899341599032,7.925855990771157,9.18507010133293
rosenbrock_d4,Rosenbrock 4D,clustered,benefit: mean parental objective minus midpoint objective,89,3.638750627822386,3.638844736160513,-9.4108338127891e-05,0.95703125,0.01171875,0.03125,0.0037380147574719302,0.049523544030040334,0.27506055198957924,7.3519405951711,8.735004151172244
rosenbrock_d4,Rosenbrock 4D,clustered,benefit: mean parental objective minus midpoint objective,90,3.7747262733967952,3.7747568684726374,-3.0595075842233116e-05,0.958984375,0.009765625,0.03125,0.004275184759970685,0.07467810365297911,0.4577007118028398,7.496670912697874,9.226265768050917
rosenbrock_d4,Rosenbrock 4D,clustered,benefit: mean parental objective minus midpoint objective,91,3.886857077550987,3.8868885808665596,-3.1503315572596266e-05,0.962890625,0.005859375,0.03125,0.004035014019361682,0.05936506720741086,0.5732200644331034,7.517658887861385,8.873201026757764
rosenbrock_d4,Rosenbrock 4D,clustered,benefit: mean parental objective minus midpoint objective,92,3.6361876603470145,3.636189627689013,-1.967341998974567e-06,0.966796875,0.001953125,0.03125,0.004513990810475654,0.056131929223196764,0.18749378861503807,7.723455510906449,9.284945642733893
rosenbrock_d4,Rosenbrock 4D,clustered,benefit: mean parental objective minus midpoint objective,93,3.8497437770987246,3.8497499589366715,-6.1818379472090845e-06,0.96484375,0.00390625,0.03125,0.006061036641600737,0.07642225980370121,0.7263855635991394,7.546188352072256,9.083142419056205
rosenbrock_d4,Rosenbrock 4D,clustered,benefit: mean parental objective minus midpoint objective,94,4.079355623482444,4.079365303792747,-9.680310302927209e-06,0.962890625,0.005859375,0.03125,0.005032374988241273,0.05333140462881758,0.4342788136584801,8.012430220154636,9.562316128122347
rosenbrock_d4,Rosenbrock 4D,clustered,benefit: mean parental objective minus midpoint objective,95,3.5882448620070826,3.5883320002283696,-8.713822128701351e-05,0.962890625,0.005859375,0.03125,0.002784280407518658,0.07378008882462161,0.35714242849507194,7.265101354020585,8.962102051726442
rosenbrock_d4,Rosenbrock 4D,clustered,benefit: mean parental objective minus midpoint objective,96,3.10725310280663,3.1073716353358023,-0.00011853252917243089,0.958984375,0.009765625,0.03125,0.0009215041522505629,0.04403880930568427,0.1854590411105903,6.831606185995129,8.23650536333575
rosenbrock_d4,Rosenbrock 4D,clustered,benefit: mean parental objective minus midpoint objective,97,3.997637684546893,3.9977041379193174,-6.645337242468241e-05,0.95703125,0.01171875,0.03125,0.0034183153524622867,0.07382725404530532,0.39627895581027506,7.966529487193872,9.53026170674608
rosenbrock_d4,Rosenbrock 4D,clustered,benefit: mean parental objective minus midpoint objective,98,3.7419301497011705,3.7419301497011705,0.0,0.96875,0.0,0.03125,0.008140750579614497,0.0534385540870117,0.3686417204423167,7.4222478618652765,9.053394141506706
rosenbrock_d4,Rosenbrock 4D,clustered,benefit: mean parental objective minus midpoint objective,99,4.150509994019504,4.150559091150886,-4.909713138230229e-05,0.96484375,0.00390625,0.03125,0.005661145496896225,0.05603921710230786,0.38739371787434784,8.295221503749374,9.403311554912653
rosenbrock_d4,Rosenbrock 4D,clustered,benefit: mean parental objective minus midpoint objective,100,3.973938185976848,3.9740037656825438,-6.557970569561096e-05,0.96484375,0.00390625,0.03125,0.008497596477518243,0.06531551709469241,0.716327025778261,7.720176140378427,9.610200927284785
rosenbrock_d4,Rosenbrock 4D,clustered,benefit: mean parental objective minus midpoint objective,101,3.7951201973359647,3.795122883790082,-2.6864541173340223e-06,0.966796875,0.001953125,0.03125,0.007185145492039524,0.06081955666776473,0.3337494799612788,7.612433195587252,8.777780180273881
rosenbrock_d4,Rosenbrock 4D,clustered,benefit: mean parental objective minus midpoint objective,102,3.5960298255114473,3.5960575940809485,-2.776856950099764e-05,0.96484375,0.00390625,0.03125,0.008051037897949698,0.06812927354754628,0.2944568270230672,7.565744486559225,9.239250507537083
rosenbrock_d4,Rosenbrock 4D,clustered,benefit: mean parental objective minus midpoint objective,103,3.5432181069448276,3.543310926060895,-9.281911606738927e-05,0.951171875,0.017578125,0.03125,0.0005002917246867966,0.05750213094988155,0.25242760883160464,7.570495321326014,9.091481431961073
rosenbrock_d4,Rosenbrock 4D,clustered,benefit: mean parental objective minus midpoint objective,104,3.7256383268109907,3.7256383268109907,0.0,0.96875,0.0,0.03125,0.0063837266180399865,0.06728858479788613,0.32649518760636553,7.435119873902329,8.791356863828012
rosenbrock_d4,Rosenbrock 4D,clustered,benefit: mean parental objective minus midpoint objective,105,3.680114690871613,3.6803627864229362,-0.0002480955513236259,0.94140625,0.02734375,0.03125,0.0,0.047549072908202206,0.2516455827193198,7.6210464464440015,9.730867623587256
rosenbrock_d4,Rosenbrock 4D,clustered,benefit: mean parental objective minus midpoint objective,106,3.7878799376518,3.787975477335319,-9.553968351928843e-05,0.955078125,0.013671875,0.03125,0.003906994004402975,0.062185114363040306,0.2795355705318183,7.626970932806756,9.80124708894726
rosenbrock_d4,Rosenbrock 4D,clustered,benefit: mean parental objective minus midpoint objective,107,3.6241656247126475,3.624298121030061,-0.00013249631741369533,0.953125,0.015625,0.03125,0.0005493594262180324,0.057195505848616435,0.24839810547951657,7.530711236640792,8.984277050928112
rosenbrock_d4,Rosenbrock 4D,clustered,benefit: mean parental objective minus midpoint objective,108,3.7714382369386694,3.771446240527789,-8.00358911952348e-06,0.966796875,0.001953125,0.03125,0.00700640683418019,0.05705821526117916,0.9341340347321276,7.396823741195322,9.071027867821064
rosenbrock_d4,Rosenbrock 4D,clustered,benefit: mean parental objective minus midpoint objective,109,3.7196124250962996,3.7197043020942537,-9.187699795387173e-05,0.95703125,0.01171875,0.03125,0.00452157828428934,0.06862380753054698,0.3846027687591764,7.476692914848506,9.202947588854519
rosenbrock_d4,Rosenbrock 4D,clustered,benefit: mean parental objective minus midpoint objective,110,4.0927228823969015,4.092742924966682,-2.0042569781112546e-05,0.962890625,0.005859375,0.03125,0.003697083721982075,0.05937208488279211,0.4231633044271783,8.025307711608798,9.649468994958507
rosenbrock_d4,Rosenbrock 4D,clustered,benefit: mean parental objective minus midpoint objective,111,3.8348389470544935,3.8348777949259474,-3.8847871454099694e-05,0.96484375,0.00390625,0.03125,0.006367352563567685,0.06748834611052335,0.5078901377605156,7.611527521843931,8.836942189152436
rosenbrock_d4,Rosenbrock 4D,clustered,benefit: mean parental objective minus midpoint objective,112,4.069835913697372,4.069872459080732,-3.6545383358864425e-05,0.9609375,0.0078125,0.03125,0.004369932130424914,0.06266342375859058,0.318418495654214,8.266776723001605,9.810041648303814
rosenbrock_d4,Rosenbrock 4D,clustered,benefit: mean parental objective minus midpoint objective,113,3.9782114199862755,3.978317526646155,-0.00010610665987870194,0.95703125,0.01171875,0.03125,0.003641398727227241,0.059744537537998355,0.37553809304567665,7.957202135604779,9.94060400930363
rosenbrock_d4,Rosenbrock 4D,clustered,benefit: mean parental objective minus midpoint objective,114,3.660394279438083,3.6604177771339983,-2.3497695915315753e-05,0.966796875,0.001953125,0.03125,0.002769292614702934,0.06499306540418992,0.4477576768748399,7.342811560585758,9.341723614631022
rosenbrock_d4,Rosenbrock 4D,clustered,benefit: mean parental objective minus midpoint objective,115,3.7069404385588642,3.707154500754789,-0.00021406219592428298,0.953125,0.015625,0.03125,0.0019522148788748694,0.04933451754324203,0.22936425254292292,7.5546817278670195,8.769513735243992
rosenbrock_d4,Rosenbrock 4D,clustered,benefit: mean parental objective minus midpoint objective,116,4.058672351404525,4.0586944791776025,-2.212777307708698e-05,0.962890625,0.005859375,0.03125,0.006407263888428716,0.06498307540934256,0.45805547348043163,8.027509155051503,9.57181330098913
rosenbrock_d4,Rosenbrock 4D,clustered,benefit: mean parental objective minus midpoint objective,117,3.8499241231471966,3.8499425195465102,-1.839639931391565e-05,0.9609375,0.0078125,0.03125,0.005672961703405477,0.07269692498835134,0.34458355267349017,7.648992201891953,9.117981983699998
rosenbrock_d4,Rosenbrock 4D,clustered,benefit: mean parental objective minus midpoint objective,118,4.035211299021898,4.03522157262627,-1.0273604372192796e-05,0.966796875,0.001953125,0.03125,0.0063465087384955154,0.05725210045462248,0.45845445115132577,8.000199340616104,9.561180988545487
rosenbrock_d4,Rosenbrock 4D,clustered,benefit: mean parental objective minus midpoint objective,119,3.629633472697059,3.6297000275944074,-6.655489734841771e-05,0.9453125,0.0234375,0.03125,0.0,0.05827846511897938,0.3189292327441322,7.395498669556136,8.333603925691952
rosenbrock_d4,Rosenbrock 4D,clustered,benefit: mean parental objective minus midpoint objective,120,3.666858567032528,3.6668870609423916,-2.8493909863216982e-05,0.96484375,0.00390625,0.03125,0.007371929636445174,0.05703872716733738,0.2194281788389727,7.853918957768016,9.274859001249112
rosenbrock_d4,Rosenbrock 4D,clustered,benefit: mean parental objective minus midpoint objective,121,3.8737962905060908,3.8738016359719287,-5.345465838059449e-06,0.96484375,0.00390625,0.03125,0.007028699887396073,0.09691673955551927,0.5779664117807144,7.564889213015345,9.707133846965384
rosenbrock_d4,Rosenbrock 4D,clustered,benefit: mean parental objective minus midpoint objective,122,3.923778027596473,3.92401984122481,-0.00024181362833654643,0.95703125,0.01171875,0.03125,0.004233553478071528,0.05813287940402567,0.4605514366259458,7.99432559522533,9.690262357373388
rosenbrock_d4,Rosenbrock 4D,clustered,benefit: mean parental objective minus midpoint objective,123,3.847028913647043,3.8470311056924356,-2.192045393074535e-06,0.966796875,0.001953125,0.03125,0.0069547334973565356,0.07439061531087177,0.47271035969819053,7.560412714547656,9.079437501410546
rosenbrock_d4,Rosenbrock 4D,clustered,benefit: mean parental objective minus midpoint objective,124,3.7084707359754803,3.708518661721012,-4.792574553127808e-05,0.962890625,0.005859375,0.03125,0.004962990696686376,0.08171382962261298,0.32749152541840587,7.348125996316574,9.30334086217441
rosenbrock_d4,Rosenbrock 4D,clustered,benefit: mean parental objective minus midpoint objective,125,3.8011991334595083,3.8012908950838886,-9.176162438026547e-05,0.953125,0.015625,0.03125,0.000495703692543259,0.054705449185325605,0.552969986268609,7.548036679644319,8.582495070408756
rosenbrock_d4,Rosenbrock 4D,clustered,benefit: mean parental objective minus midpoint objective,126,3.126449489777891,3.126449489777891,0.0,0.96875,0.0,0.03125,0.004904742773127246,0.04711858879608144,0.12672810397727297,7.291141819131804,8.678683053121578
rosenbrock_d4,Rosenbrock 4D,clustered,benefit: mean parental objective minus midpoint objective,127,3.913296985856131,3.9133006426365715,-3.656780440482524e-06,0.966796875,0.001953125,0.03125,0.009416267450870208,0.09529654580828772,0.7424817324931361,7.654111491571145,9.334828079098559
wells_d4,Unequal wells 4D,broad,benefit: mean parental objective minus midpoint objective,0,9.027274051064813,9.031578579121723,-0.004304528056910816,0.947265625,0.021484375,0.03125,0.0,0.9716441317538047,2.382055995326076,10.812891964228005,41.04154580710895
wells_d4,Unequal wells 4D,broad,benefit: mean parental objective minus midpoint objective,1,23.3483454242011,23.350768787540343,-0.0024233633392427593,0.958984375,0.009765625,0.03125,0.09575489272834226,1.098594221803431,2.4322512503918663,5.9622307424108225,159.34900372314468
wells_d4,Unequal wells 4D,broad,benefit: mean parental objective minus midpoint objective,2,3.1309308894836216,3.141401549515412,-0.010470660031790466,0.927734375,0.041015625,0.03125,0.0,0.797280652138598,1.831919927099952,4.309924404405117,10.382968812609995
wells_d4,Unequal wells 4D,broad,benefit: mean parental objective minus midpoint objective,3,17.848601877716224,17.855105137091233,-0.006503259375010386,0.935546875,0.033203125,0.03125,0.0,1.0147915847955749,2.411801617844116,7.325182943270757,123.9812423846322
wells_d4,Unequal wells 4D,broad,benefit: mean parental objective minus midpoint objective,4,6.2372591251301195,6.243342831564741,-0.006083706434621684,0.93359375,0.03515625,0.03125,0.0,0.7165641781062471,1.6845564118678702,5.027473949806383,33.37580014459284
wells_d4,Unequal wells 4D,broad,benefit: mean parental objective minus midpoint objective,5,2.6266586050799354,2.631089718959845,-0.004431113879908909,0.939453125,0.029296875,0.03125,0.0,0.6708586754882586,1.4913830488089652,3.3267404223185144,8.570078850350924
wells_d4,Unequal wells 4D,broad,benefit: mean parental objective minus midpoint objective,6,5.955750069095323,5.963127157996822,-0.00737708890149818,0.93359375,0.03515625,0.03125,0.0,0.6077184685906829,1.7194899039834746,5.110464697057433,29.908537944173702
wells_d4,Unequal wells 4D,broad,benefit: mean parental objective minus midpoint objective,7,5.762797715078792,5.772390775125772,-0.009593060046980122,0.935546875,0.033203125,0.03125,0.0,0.9109213081403682,2.1707407309442077,6.925723723250189,24.02846445966621
wells_d4,Unequal wells 4D,broad,benefit: mean parental objective minus midpoint objective,8,4.725589738013953,4.729641777086173,-0.004052039072219106,0.947265625,0.021484375,0.03125,0.0,0.979681992468975,2.150777633567561,6.534532611371059,16.883864359431488
wells_d4,Unequal wells 4D,broad,benefit: mean parental objective minus midpoint objective,9,15.727555767475287,15.731249696821703,-0.003693929346416887,0.9453125,0.0234375,0.03125,0.0,0.9687207567990153,3.0416074500467793,6.607602496258245,114.39481402613542
wells_d4,Unequal wells 4D,broad,benefit: mean parental objective minus midpoint objective,10,6.040846637488244,6.051780022454018,-0.010933384965774558,0.923828125,0.044921875,0.03125,0.0,0.7984690691586347,2.3274853788303087,5.399633580088387,36.434507340785004
wells_d4,Unequal wells 4D,broad,benefit: mean parental objective minus midpoint objective,11,3.6963367213010914,3.7042688340773586,-0.007932112776267276,0.91796875,0.05078125,0.03125,-0.008411796385822345,0.4380374412935626,1.2452305485375135,2.605459793110305,25.08549952086979
wells_d4,Unequal wells 4D,broad,benefit: mean parental objective minus midpoint objective,12,5.073913986825804,5.0810587226337365,-0.007144735807932902,0.93359375,0.03515625,0.03125,0.0,0.6247455069663383,1.6036123953879908,3.7976839730593377,26.369475758372182
wells_d4,Unequal wells 4D,broad,benefit: mean parental objective minus midpoint objective,13,2.499431462269899,2.5068031301745903,-0.007371667904691471,0.935546875,0.033203125,0.03125,0.0,0.4401908297173347,1.0505714162685722,2.4293447333467846,13.693413066560971
wells_d4,Unequal wells 4D,broad,benefit: mean parental objective minus midpoint objective,14,2.2202544079147515,2.2374406462752137,-0.017186238360462243,0.890625,0.078125,0.03125,-0.11320783280673252,0.3333989219328166,0.9157020030462797,2.313351371800908,9.475774758190784
wells_d4,Unequal wells 4D,broad,benefit: mean parental objective minus midpoint objective,15,12.796561963575275,12.804694887582986,-0.008132924007711612,0.94140625,0.02734375,0.03125,0.0,0.8932881072676775,2.468890385532031,14.111745515856281,60.65279065014421
wells_d4,Unequal wells 4D,broad,benefit: mean parental objective minus midpoint objective,16,2.1252502002871116,2.130994955805579,-0.005744755518467153,0.93359375,0.03515625,0.03125,0.0,0.6011018459202524,1.5108596900480746,3.1353241403500167,6.81231674785385
wells_d4,Unequal wells 4D,broad,benefit: mean parental objective minus midpoint objective,17,5.517502753630778,5.522405533505791,-0.004902779875013412,0.94921875,0.01953125,0.03125,0.0,0.9557608441626402,2.289483855786314,6.031378215475495,21.413173096602257
wells_d4,Unequal wells 4D,broad,benefit: mean parental objective minus midpoint objective,18,4.7235577767612345,4.737124143778317,-0.013566367017083006,0.9140625,0.0546875,0.03125,-0.028954316989925566,0.6221151891914429,1.8934958329260567,4.672080852034641,20.3907588537297
wells_d4,Unequal wells 4D,broad,benefit: mean parental objective minus midpoint objective,19,11.431096388701079,11.433662592988632,-0.0025662042875547898,0.951171875,0.017578125,0.03125,0.02254992434566816,1.0105105205148681,2.4178554879655043,16.964638697521153,50.212084485710996
wells_d4,Unequal wells 4D,broad,benefit: mean parental objective minus midpoint objective,20,4.92244875295261,4.9248307982044155,-0.0023820452518060345,0.953125,0.015625,0.03125,0.10067853472782229,0.7839350157364446,1.7210578285541938,6.063102200371385,18.605672847029428
wells_d4,Unequal wells 4D,broad,benefit: mean parental objective minus midpoint objective,21,8.564337836974635,8.59151851447127,-0.027180677496635573,0.888671875,0.080078125,0.03125,-0.25545687397250916,0.49169650453819624,1.6172362540258929,4.788414451408363,63.972299146020056
wells_d4,Unequal wells 4D,broad,benefit: mean parental objective minus midpoint objective,22,3.9776084694607428,3.9886201403336043,-0.011011670872861286,0.923828125,0.044921875,0.03125,0.0,0.5672719930158232,1.6179799923922689,4.827608923865672,17.32449932456171
wells_d4,Unequal wells 4D,broad,benefit: mean parental objective minus midpoint objective,23,9.022794713598113,9.02569014694546,-0.0028954333473448163,0.953125,0.015625,0.03125,0.029900894679586898,1.0538068359228845,2.6758763066311473,8.645492170986655,47.918278950881295
wells_d4,Unequal wells 4D,broad,benefit: mean parental objective minus midpoint objective,24,6.988317229532223,6.9932792040976395,-0.004961974565416822,0.93359375,0.03515625,0.03125,0.0,0.8432835483056254,2.0727906908601867,4.419461038290603,46.02754503182209
wells_d4,Unequal wells 4D,broad,benefit: mean parental objective minus midpoint objective,25,9.780857736025876,9.791221769476833,-0.010364033450955929,0.927734375,0.041015625,0.03125,0.0,0.7219668760820466,1.9794285252749844,8.916115505486385,61.509115846056325
wells_d4,Unequal wells 4D,broad,benefit: mean parental objective minus midpoint objective,26,3.230785793999031,3.2471157467258767,-0.016329952726845662,0.90234375,0.06640625,0.03125,-0.065912392734087,0.4960218780164396,1.3846285850372329,3.4513067287152173,13.180912545117675
wells_d4,Unequal wells 4D,broad,benefit: mean parental objective minus midpoint objective,27,5.041767647242949,5.05155662180799,-0.0097889745650412,0.935546875,0.033203125,0.03125,0.0,0.7381327584690096,1.7018769031031789,3.7872734995284114,25.72383174007027
wells_d4,Unequal wells 4D,broad,benefit: mean parental objective minus midpoint objective,28,3.6555328489071592,3.6588346783523162,-0.0033018294451570432,0.951171875,0.017578125,0.03125,0.010685188721058836,0.7775933217891473,1.8281889899645574,5.090355633198264,13.687211146989384
wells_d4,Unequal wells 4D,broad,benefit: mean parental objective minus midpoint objective,29,4.628093590727504,4.6383849829105,-0.010291392182995966,0.923828125,0.044921875,0.03125,0.0,0.6325027057580588,1.759889776900136,3.3408805877532073,22.5881180582716
wells_d4,Unequal wells 4D,broad,benefit: mean parental objective minus midpoint objective,30,5.700775068618485,5.706584449472128,-0.005809380853642965,0.939453125,0.029296875,0.03125,0.0,0.818193706402246,2.6917880164703925,7.271039223079814,21.330960762663686
wells_d4,Unequal wells 4D,broad,benefit: mean parental objective minus midpoint objective,31,8.745045227110015,8.74898533145861,-0.003940104348593567,0.935546875,0.033203125,0.03125,0.0,0.6856786955722991,1.6084028724216934,6.919845460935709,57.18031298663031
wells_d4,Unequal wells 4D,broad,benefit: mean parental objective minus midpoint objective,32,3.947058001057994,3.9555472660506887,-0.008489264992694628,0.919921875,0.048828125,0.03125,0.0,0.5780836569799161,1.427784008291269,3.0904755237533603,22.4723772011704
wells_d4,Unequal wells 4D,broad,benefit: mean parental objective minus midpoint objective,33,3.2296721468642398,3.2523503717585003,-0.02267822489426026,0.890625,0.078125,0.03125,-0.16495965651910538,0.4702567862128375,1.4607694352645098,3.507255983113266,12.543100459222266
wells_d4,Unequal wells 4D,broad,benefit: mean parental objective minus midpoint objective,34,4.7435647721353185,4.74961387498221,-0.006049102846891793,0.9375,0.03125,0.03125,0.0,0.6350462200223232,1.4236618345292764,2.7187095120553124,48.17024759210343
wells_d4,Unequal wells 4D,broad,benefit: mean parental objective minus midpoint objective,35,4.276606194765739,4.282633842592092,-0.006027647826352404,0.94140625,0.02734375,0.03125,0.0,0.7790658580872734,1.7487709803486369,5.220773342433496,16.12092096054118
wells_d4,Unequal wells 4D,broad,benefit: mean parental objective minus midpoint objective,36,13.52398971032309,13.525894570932845,-0.0019048606097559965,0.955078125,0.013671875,0.03125,0.016812098704298784,0.9615950418394519,2.5423331866638064,19.478829716105196,58.98436126808252
wells_d4,Unequal wells 4D,broad,benefit: mean parental objective minus midpoint objective,37,2.1372552855636346,2.144390525783062,-0.007135240219427461,0.9296875,0.0390625,0.03125,0.0,0.7206714802666063,1.5076954249819075,2.954009542068409,6.789746587149343
wells_d4,Unequal wells 4D,broad,benefit: mean parental objective minus midpoint objective,38,4.608636457727204,4.617549725318758,-0.008913267591554346,0.923828125,0.044921875,0.03125,0.0,0.8694407334838345,1.751437921775977,3.714121208939598,25.195929885964414
wells_d4,Unequal wells 4D,broad,benefit: mean parental objective minus midpoint objective,39,2.4325085648277525,2.438873940209589,-0.0063653753818366295,0.9296875,0.0390625,0.03125,0.0,0.7069806202214202,1.4976348209682762,2.8240511080725934,10.456464455816986
wells_d4,Unequal wells 4D,broad,benefit: mean parental objective minus midpoint objective,40,3.867563204137201,3.8751866763999137,-0.007623472262713125,0.935546875,0.033203125,0.03125,0.0,0.8492464296279927,1.8408941721877006,6.755590653815506,13.2273373842055
wells_d4,Unequal wells 4D,broad,benefit: mean parental objective minus midpoint objective,41,6.227970671789489,6.233511581490458,-0.00554090970096903,0.9375,0.03125,0.03125,0.0,1.122414094407425,3.320743681115083,7.001699851820347,25.668021451815196
wells_d4,Unequal wells 4D,broad,benefit: mean parental objective minus midpoint objective,42,12.717346466061002,12.722957333391978,-0.005610867330975097,0.927734375,0.041015625,0.03125,0.0,0.6238718449366756,2.3366943460783887,11.642503819507116,65.41742995084209
wells_d4,Unequal wells 4D,broad,benefit: mean parental objective minus midpoint objective,43,2.9418125206540333,2.9459328559705265,-0.004120335316492802,0.943359375,0.025390625,0.03125,0.0,0.6301012841616185,1.4666082434792578,3.7731840800103735,12.637490904724027
wells_d4,Unequal wells 4D,broad,benefit: mean parental objective minus midpoint objective,44,5.5992799421713775,5.6015424778557215,-0.002262535684343786,0.9609375,0.0078125,0.03125,0.10058715195786316,1.014222698340937,2.2215041685981856,7.658593871030986,21.101032039681623
wells_d4,Unequal wells 4D,broad,benefit: mean parental objective minus midpoint objective,45,8.356991700017279,8.366092843279613,-0.009101143262333022,0.94140625,0.02734375,0.03125,0.0,0.8822621571477869,2.2988196390487703,5.158472473241726,52.25609316784988
wells_d4,Unequal wells 4D,broad,benefit: mean parental objective minus midpoint objective,46,7.677629394655043,7.6805116706302,-0.002882275975156451,0.95703125,0.01171875,0.03125,0.05543528524962005,1.3009141560503912,3.436949419952761,9.180333290683551,28.992758049333702
wells_d4,Unequal wells 4D,broad,benefit: mean parental objective minus midpoint objective,47,3.692583277490354,3.700334909339852,-0.007751631849497883,0.935546875,0.033203125,0.03125,0.0,0.716539582243584,2.157791755219383,5.154368273723957,14.300592830952818
wells_d4,Unequal wells 4D,broad,benefit: mean parental objective minus midpoint objective,48,7.88196803426808,7.883697917269915,-0.0017298830018361478,0.953125,0.015625,0.03125,0.03426131492698259,1.0793531227840134,2.543338746149945,8.03600959832521,38.31774495433581
wells_d4,Unequal wells 4D,broad,benefit: mean parental objective minus midpoint objective,49,5.617991638641991,5.620083307364483,-0.0020916687224928395,0.958984375,0.009765625,0.03125,0.1130238546810487,0.9348780654516118,2.361575979890521,6.205498832719179,24.801819231628528
wells_d4,Unequal wells 4D,broad,benefit: mean parental objective minus midpoint objective,50,4.29990060162887,4.313315085563145,-0.013414483934275762,0.9140625,0.0546875,0.03125,-0.019780719748015985,0.4794537742352125,1.3648526591205528,4.208319714774804,29.14478153725276
wells_d4,Unequal wells 4D,broad,benefit: mean parental objective minus midpoint objective,51,5.198203313240327,5.207074319045139,-0.008871005804812359,0.9375,0.03125,0.03125,0.0,0.646290432913359,1.836846315441726,3.681530152109377,31.398480836272814
wells_d4,Unequal wells 4D,broad,benefit: mean parental objective minus midpoint objective,52,4.152833322926211,4.153662540012989,-0.0008292170867777895,0.958984375,0.009765625,0.03125,0.09150757935921838,1.1978052030218573,2.739034641526777,5.378013263216122,13.892987372877654
wells_d4,Unequal wells 4D,broad,benefit: mean parental objective minus midpoint objective,53,3.2930790516752912,3.304993308504498,-0.011914256829206708,0.919921875,0.048828125,0.03125,0.0,0.49396461840277395,1.6800517498225784,4.914874196933621,10.965514014117868
wells_d4,Unequal wells 4D,broad,benefit: mean parental objective minus midpoint objective,54,8.311041594214519,8.325361323814505,-0.014319729599984888,0.904296875,0.064453125,0.03125,-0.06915843413517475,0.4845288538813799,2.412637535664604,8.086154636997259,34.74024807068905
wells_d4,Unequal wells 4D,broad,benefit: mean parental objective minus midpoint objective,55,8.875972831387251,8.884244159348642,-0.008271327961388634,0.935546875,0.033203125,0.03125,0.0,0.5677450370282497,1.718097971448899,5.634162862010155,47.97141780074916
wells_d4,Unequal wells 4D,broad,benefit: mean parental objective minus midpoint objective,56,8.459545832854076,8.469022229960448,-0.009476397106371038,0.9296875,0.0390625,0.03125,0.0,0.6466778749648121,1.6896274718601383,7.207244427911354,55.70499940878058
wells_d4,Unequal wells 4D,broad,benefit: mean parental objective minus midpoint objective,57,7.318848937561466,7.324399149312299,-0.0055502117508332395,0.935546875,0.033203125,0.03125,0.0,1.016080529669039,2.0644074520918427,6.156955532519724,35.87175698824709
wells_d4,Unequal wells 4D,broad,benefit: mean parental objective minus midpoint objective,58,5.82252659792549,5.826298322350147,-0.003771724424656682,0.94921875,0.01953125,0.03125,0.0,0.9148090707202108,2.553837607299496,6.830753106965279,23.49968085082626
wells_d4,Unequal wells 4D,broad,benefit: mean parental objective minus midpoint objective,59,4.9296158804251995,4.932691541098567,-0.003075660673367435,0.955078125,0.013671875,0.03125,0.06331036871375373,0.6259951663397831,1.5259441492877723,3.218253816096096,25.114762450358665
wells_d4,Unequal wells 4D,broad,benefit: mean parental objective minus midpoint objective,60,2.7985885777485544,2.810677154106775,-0.012088576358220119,0.927734375,0.041015625,0.03125,0.0,0.46279071196145105,1.2218960699309205,2.5431944801695385,14.644641364713983
wells_d4,Unequal wells 4D,broad,benefit: mean parental objective minus midpoint objective,61,4.035099807699935,4.037869931810436,-0.002770124110500873,0.947265625,0.021484375,0.03125,0.0,0.8496568108187597,1.8309269644468609,3.6634242760839566,23.7342952487108
wells_d4,Unequal wells 4D,broad,benefit: mean parental objective minus midpoint objective,62,4.411325048319641,4.4154616630582115,-0.00413661473857019,0.943359375,0.025390625,0.03125,0.0,0.958950404847573,1.9980408476146372,4.986856912446759,21.942193853358233
wells_d4,Unequal wells 4D,broad,benefit: mean parental objective minus midpoint objective,63,3.919528606628058,3.9317996838591656,-0.012271077231106771,0.91015625,0.05859375,0.03125,-0.05230796871504584,0.5564553136386341,1.621573928215538,6.259685167654162,12.892810371950414
wells_d4,Unequal wells 4D,broad,benefit: mean parental objective minus midpoint objective,64,7.072420195674659,7.076462560278451,-0.004042364603792011,0.94921875,0.01953125,0.03125,0.0,0.7956485867695284,1.7796957274382497,5.285458917413001,46.692363341803976
wells_d4,Unequal wells 4D,broad,benefit: mean parental objective minus midpoint objective,65,5.425651465519785,5.435579328687492,-0.009927863167705617,0.93359375,0.03515625,0.03125,0.0,0.5130419922665135,1.422874155110894,3.0605187032773493,55.166112510069716
wells_d4,Unequal wells 4D,broad,benefit: mean parental objective minus midpoint objective,66,2.542237256308807,2.5454607531160747,-0.003223496807267783,0.951171875,0.017578125,0.03125,0.008777569624163206,0.6733560454962213,1.7200826306892947,3.06718804961908,8.48682484360596
wells_d4,Unequal wells 4D,broad,benefit: mean parental objective minus midpoint objective,67,3.033836090005249,3.04399736934533,-0.010161279340080868,0.919921875,0.048828125,0.03125,0.0,0.6128853436604924,1.866495771107902,4.495890987798157,9.611497138629147
wells_d4,Unequal wells 4D,broad,benefit: mean parental objective minus midpoint objective,68,8.341135658689478,8.347957039650804,-0.006821380961327776,0.931640625,0.037109375,0.03125,0.0,0.5156587328983875,1.448508737318897,4.970286630689367,51.94494696091943
wells_d4,Unequal wells 4D,broad,benefit: mean parental objective minus midpoint objective,69,5.4687460840297994,5.480736233873644,-0.011990149843844115,0.916015625,0.052734375,0.03125,-0.05336287363847236,0.714551039038652,1.7306815463437317,5.354551153030456,25.033571555868434
wells_d4,Unequal wells 4D,broad,benefit: mean parental objective minus midpoint objective,70,3.8954076911982836,3.9071438640757146,-0.011736172877431256,0.92578125,0.04296875,0.03125,0.0,0.7692468948277726,2.0714359025188225,5.280410492917525,14.59943614463415
wells_d4,Unequal wells 4D,broad,benefit: mean parental objective minus midpoint objective,71,6.2311996997157975,6.23642242168116,-0.005222721965362353,0.94921875,0.01953125,0.03125,0.0,0.5857016333880658,1.5065834440781884,5.760061845572904,32.85946402464614
wells_d4,Unequal wells 4D,broad,benefit: mean parental objective minus midpoint objective,72,4.152021133064877,4.1604801633349044,-0.008459030270028069,0.9296875,0.0390625,0.03125,0.0,0.9155751059880197,2.0720580311695613,5.303334110841409,13.391398957144895
wells_d4,Unequal wells 4D,broad,benefit: mean parental objective minus midpoint objective,73,3.190632176513388,3.1983581068232576,-0.007725930309869414,0.93359375,0.03515625,0.03125,0.0,0.5685084491039696,1.4580105984798877,3.199357644395335,13.678274146451631
wells_d4,Unequal wells 4D,broad,benefit: mean parental objective minus midpoint objective,74,3.1454271400815377,3.1549718112093332,-0.00954467112779546,0.919921875,0.048828125,0.03125,0.0,0.5043741916671234,1.4484587440430081,3.4813284773626774,11.278527298743622
wells_d4,Unequal wells 4D,broad,benefit: mean parental objective minus midpoint objective,75,3.7056356237646373,3.713103898061691,-0.007468274297053445,0.939453125,0.029296875,0.03125,0.0,0.8144068206116097,1.7823429193979832,4.048194355733138,18.258469385685906
wells_d4,Unequal wells 4D,broad,benefit: mean parental objective minus midpoint objective,76,2.1430202550216118,2.1491344797068836,-0.006114224685271483,0.9296875,0.0390625,0.03125,0.0,0.5252674608416985,1.1802698996048373,2.30557897287425,9.282593073673498
wells_d4,Unequal wells 4D,broad,benefit: mean parental objective minus midpoint objective,77,2.4473027364029214,2.4631596522942885,-0.01585691589136707,0.912109375,0.056640625,0.03125,-0.08147895082450463,0.5064207485168728,1.7279253676928383,3.8141486804236395,7.216688276452057
wells_d4,Unequal wells 4D,broad,benefit: mean parental objective minus midpoint objective,78,2.1531196748458346,2.1664860806377573,-0.013366405791922553,0.912109375,0.056640625,0.03125,-0.04312702348855857,0.4824112917265766,1.1516520522404927,2.416650776851116,9.037913767736367
wells_d4,Unequal wells 4D,broad,benefit: mean parental objective minus midpoint objective,79,3.1874709346758445,3.2114768050927553,-0.024005870416910765,0.890625,0.078125,0.03125,-0.2419987903843932,0.3660840272395198,0.9824004534693129,1.9824397445811464,22.66357293062598
wells_d4,Unequal wells 4D,broad,benefit: mean parental objective minus midpoint objective,80,4.478276023454838,4.495220576997404,-0.01694455354256558,0.896484375,0.072265625,0.03125,-0.11112619987302219,0.5436491412044968,1.4725233058110248,8.117316433653876,15.031213007653891
wells_d4,Unequal wells 4D,broad,benefit: mean parental objective minus midpoint objective,81,6.484070502162301,6.491723946419729,-0.007653444257427722,0.931640625,0.037109375,0.03125,0.0,0.6454330920701978,1.7210481564849411,9.08763217492821,29.74658781514082
wells_d4,Unequal wells 4D,broad,benefit: mean parental objective minus midpoint objective,82,4.85453800879225,4.8641951775508225,-0.009657168758572972,0.931640625,0.037109375,0.03125,0.0,0.8838949544199011,2.450564189845771,7.289557172092777,16.869622088046512
wells_d4,Unequal wells 4D,broad,benefit: mean parental objective minus midpoint objective,83,6.363955501023821,6.372059937647576,-0.00810443662375328,0.931640625,0.037109375,0.03125,0.0,0.8451523117282433,2.26923133981159,5.450578369010904,29.077732700524052
wells_d4,Unequal wells 4D,broad,benefit: mean parental objective minus midpoint objective,84,4.444617672456647,4.447327760693819,-0.002710088237171463,0.947265625,0.021484375,0.03125,0.0,0.9655064192993117,2.10340243353804,6.736079656754329,15.640376793595482
wells_d4,Unequal wells 4D,broad,benefit: mean parental objective minus midpoint objective,85,5.005967459076892,5.008614221646939,-0.0026467625700467724,0.943359375,0.025390625,0.03125,0.0,0.9514183244830807,1.89613138416735,3.444966461689109,35.28895601950387
wells_d4,Unequal wells 4D,broad,benefit: mean parental objective minus midpoint objective,86,5.9763035069100425,5.982476410019872,-0.006172903109830477,0.9375,0.03125,0.03125,0.0,0.5226632779856857,1.3588555565210116,4.30138935082649,43.475148311864174
wells_d4,Unequal wells 4D,broad,benefit: mean parental objective minus midpoint objective,87,5.6161540824455125,5.620513478969698,-0.004359396524184793,0.9375,0.03125,0.03125,0.0,0.8449853068996249,1.9897563645016392,6.107659682988464,24.73931382815792
wells_d4,Unequal wells 4D,broad,benefit: mean parental objective minus midpoint objective,88,7.158145094875615,7.16397220739035,-0.005827112514734907,0.9375,0.03125,0.03125,0.0,0.6336825046518109,1.8170501003156458,7.834497268398874,32.16732707063332
wells_d4,Unequal wells 4D,broad,benefit: mean parental objective minus midpoint objective,89,2.4678027961585114,2.4848693179621097,-0.017066521803598456,0.896484375,0.072265625,0.03125,-0.1174712954038748,0.3326984914395372,0.9217595140956262,2.6900718075007353,11.851426823356428
wells_d4,Unequal wells 4D,broad,benefit: mean parental objective minus midpoint objective,90,9.402980680524234,9.411890427812532,-0.00890974728829664,0.927734375,0.041015625,0.03125,0.0,0.8395011636046297,2.440222117469231,8.355466164692789,39.9274692404787
wells_d4,Unequal wells 4D,broad,benefit: mean parental objective minus midpoint objective,91,3.500470843234481,3.505225347454761,-0.004754504220279647,0.943359375,0.025390625,0.03125,0.0,0.9008956756643265,2.1223507069379135,4.543155989192476,13.635439894282051
wells_d4,Unequal wells 4D,broad,benefit: mean parental objective minus midpoint objective,92,7.021444830387758,7.027543051133118,-0.006098220745360192,0.943359375,0.025390625,0.03125,0.0,0.7882153517120711,2.273606908769249,6.572439641566151,44.37975461741791
wells_d4,Unequal wells 4D,broad,benefit: mean parental objective minus midpoint objective,93,7.095045660339165,7.09952443381478,-0.004478773475614751,0.94921875,0.01953125,0.03125,0.0,1.1197798989920313,2.423336449634059,6.232519572839785,35.947856879616594
wells_d4,Unequal wells 4D,broad,benefit: mean parental objective minus midpoint objective,94,5.28023570107787,5.283362671274497,-0.0031269701966270126,0.94921875,0.01953125,0.03125,0.0,0.7278263107988118,1.9667865787986831,4.623612487568504,28.72692806551901
wells_d4,Unequal wells 4D,broad,benefit: mean parental objective minus midpoint objective,95,8.78446132552126,8.788429184003885,-0.003967858482623282,0.939453125,0.029296875,0.03125,0.0,0.8608836349817564,2.9016771699649073,7.005339223407475,39.5606590504182
wells_d4,Unequal wells 4D,broad,benefit: mean parental objective minus midpoint objective,96,7.7099478030577275,7.714640492393359,-0.00469268933563163,0.947265625,0.021484375,0.03125,0.0,0.9097387185919104,2.515198235635088,7.70025975597062,38.86998739522431
wells_d4,Unequal wells 4D,broad,benefit: mean parental objective minus midpoint objective,97,5.8991609799541225,5.908522742542253,-0.00936176258813104,0.916015625,0.052734375,0.03125,-0.03363834738192617,0.48973326272425544,1.3156831263419115,4.167751883868503,37.47689357268759
wells_d4,Unequal wells 4D,broad,benefit: mean parental objective minus midpoint objective,98,3.944602640016053,3.954501587966537,-0.009898947950484046,0.923828125,0.044921875,0.03125,0.0,0.7086574832559751,2.1134848217504887,5.36340968649342,14.00475417123416
wells_d4,Unequal wells 4D,broad,benefit: mean parental objective minus midpoint objective,99,6.151101807225488,6.156843712631549,-0.005741905406060925,0.943359375,0.025390625,0.03125,0.0,0.7983034915669203,1.864196421309455,4.452166686216603,36.41679487542386
wells_d4,Unequal wells 4D,broad,benefit: mean parental objective minus midpoint objective,100,5.248868626715025,5.258631599058608,-0.009762972343582645,0.92578125,0.04296875,0.03125,0.0,0.4954380236414442,1.1525859441794428,6.417171377247259,27.45007971989386
wells_d4,Unequal wells 4D,broad,benefit: mean parental objective minus midpoint objective,101,3.9400194084083617,3.953548029051668,-0.013528620643305529,0.92578125,0.04296875,0.03125,0.0,0.518509975560177,1.3125330038047256,3.357620183336823,26.852327907538164
wells_d4,Unequal wells 4D,broad,benefit: mean parental objective minus midpoint objective,102,3.7565385435371454,3.765414912881083,-0.008876369343937979,0.927734375,0.041015625,0.03125,0.0,0.5959072097986371,1.276454818723936,3.386129171997533,17.836277670568034
wells_d4,Unequal wells 4D,broad,benefit: mean parental objective minus midpoint objective,103,4.584958688159473,4.5908301642553795,-0.005871476095907097,0.939453125,0.029296875,0.03125,0.0,0.7425235076298227,2.1806160160347496,4.854230459534907,15.703099394431852
wells_d4,Unequal wells 4D,broad,benefit: mean parental objective minus midpoint objective,104,6.6603481812149825,6.666205880953014,-0.005857699738032113,0.939453125,0.029296875,0.03125,0.0,0.9531632098943776,2.476489659473516,7.783932670183695,26.17655988090643
wells_d4,Unequal wells 4D,broad,benefit: mean parental objective minus midpoint objective,105,3.925246294644454,3.9455270642278166,-0.020280769583361766,0.8984375,0.0703125,0.03125,-0.13793716874026352,0.4055883065446859,1.1110519711062792,2.2857155249964065,19.827412546493107
wells_d4,Unequal wells 4D,broad,benefit: mean parental objective minus midpoint objective,106,5.722445356557188,5.736630084564828,-0.014184728007639872,0.904296875,0.064453125,0.03125,-0.04395184885639747,0.4859291901338305,1.3897021862093082,7.849800500664878,26.142146895268347
wells_d4,Unequal wells 4D,broad,benefit: mean parental objective minus midpoint objective,107,1.8429786163123534,1.8528288694219346,-0.009850253109581052,0.9296875,0.0390625,0.03125,0.0,0.45318552690116176,1.1115780899360077,2.251136975643772,7.603746999880435
wells_d4,Unequal wells 4D,broad,benefit: mean parental objective minus midpoint objective,108,4.127406829186567,4.1326365220442725,-0.005229692857704728,0.947265625,0.021484375,0.03125,0.0,0.7595397273481366,2.153903835509965,5.747203802040251,13.805816706382995
wells_d4,Unequal wells 4D,broad,benefit: mean parental objective minus midpoint objective,109,2.262220787943644,2.2690074108325105,-0.0067866228888668004,0.927734375,0.041015625,0.03125,0.0,0.5058586140185093,1.314777834153377,2.4425151787379975,8.105404400121955
wells_d4,Unequal wells 4D,broad,benefit: mean parental objective minus midpoint objective,110,3.224677195631334,3.247014210773905,-0.02233701514257074,0.89453125,0.07421875,0.03125,-0.20408006613334773,0.4606504249261727,1.3585068325868799,3.942889775012106,13.48063094049532
wells_d4,Unequal wells 4D,broad,benefit: mean parental objective minus midpoint objective,111,3.6755010499493403,3.6819852172541827,-0.006484167304842374,0.93359375,0.03515625,0.03125,0.0,0.6438559476752417,1.3711737297810576,2.532021431486327,26.624629636532646
wells_d4,Unequal wells 4D,broad,benefit: mean parental objective minus midpoint objective,112,7.073632134869107,7.077882874927054,-0.004250740057946585,0.947265625,0.021484375,0.03125,0.0,0.8981451839299242,2.061158570238115,8.66307744873632,27.8258343343092
wells_d4,Unequal wells 4D,broad,benefit: mean parental objective minus midpoint objective,113,3.6227574135885683,3.63384486259381,-0.011087449005241397,0.931640625,0.037109375,0.03125,0.0,0.8110435951088046,1.911241636012134,3.926649391397376,19.00504861848514
wells_d4,Unequal wells 4D,broad,benefit: mean parental objective minus midpoint objective,114,2.5837977466592137,2.5972378409099273,-0.013440094250713429,0.923828125,0.044921875,0.03125,0.0,0.5357145605933802,1.2851959711740912,2.8420894480675205,11.692282685772955
wells_d4,Unequal wells 4D,broad,benefit: mean parental objective minus midpoint objective,115,5.4459158160116345,5.447817033211519,-0.0019012171998857895,0.958984375,0.009765625,0.03125,0.13089123698683824,1.5395654934635985,3.441839778062148,7.490320789559086,17.171029411488504
wells_d4,Unequal wells 4D,broad,benefit: mean parental objective minus midpoint objective,116,4.273503363885207,4.27975387413829,-0.006250510253083122,0.935546875,0.033203125,0.03125,0.0,0.6612930761569862,1.7305035213902467,3.5069056402403618,26.74320949860895
wells_d4,Unequal wells 4D,broad,benefit: mean parental objective minus midpoint objective,117,3.616693836866385,3.6294502232675123,-0.012756386401127515,0.908203125,0.060546875,0.03125,-0.03669479515746188,0.42382204207918406,1.066762032105002,2.176361190122034,27.114239990073795
wells_d4,Unequal wells 4D,broad,benefit: mean parental objective minus midpoint objective,118,4.33476859533048,4.343558970403398,-0.008790375072917526,0.9296875,0.0390625,0.03125,0.0,0.5625628023293716,1.2822126726701333,5.528731761390619,20.54536826694705
wells_d4,Unequal wells 4D,broad,benefit: mean parental objective minus midpoint objective,119,2.5552275642758855,2.567455629171816,-0.012228064895930384,0.919921875,0.048828125,0.03125,0.0,0.6303915211524251,1.5313340237961333,3.191386813852227,9.447570413956093
wells_d4,Unequal wells 4D,broad,benefit: mean parental objective minus midpoint objective,120,2.4013423905133378,2.407676394512807,-0.006334003999469186,0.92578125,0.04296875,0.03125,0.0,0.46616633189667545,0.9983457543632663,2.0359659397473235,15.690602541727966
wells_d4,Unequal wells 4D,broad,benefit: mean parental objective minus midpoint objective,121,2.999852880046138,3.0084376279312313,-0.008584747885093405,0.92578125,0.04296875,0.03125,0.0,0.6161369971839079,1.4048183787454511,4.82762120867047,11.208747567015758
wells_d4,Unequal wells 4D,broad,benefit: mean parental objective minus midpoint objective,122,6.7201705146208,6.725461391036004,-0.005290876415204422,0.947265625,0.021484375,0.03125,0.0,0.6229709808782575,1.4408274626269992,6.73372418464275,33.883831453961065
wells_d4,Unequal wells 4D,broad,benefit: mean parental objective minus midpoint objective,123,4.197331630596921,4.203981507131978,-0.0066498765350571296,0.9375,0.03125,0.03125,0.0,0.9478879339481852,2.316488309439025,5.977367730081096,15.773146067018283
wells_d4,Unequal wells 4D,broad,benefit: mean parental objective minus midpoint objective,124,1.7970828334132185,1.8050102091792612,-0.007927375766042886,0.931640625,0.037109375,0.03125,0.0,0.6494045603756677,1.4653295802608017,2.3206615493424896,5.29761167322045
wells_d4,Unequal wells 4D,broad,benefit: mean parental objective minus midpoint objective,125,7.650522656624651,7.654697045424173,-0.0041743887995219645,0.947265625,0.021484375,0.03125,0.0,0.9787186027933772,2.3981152359815257,9.931561477614672,34.84752446503826
wells_d4,Unequal wells 4D,broad,benefit: mean parental objective minus midpoint objective,126,10.512232014313392,10.523641891906188,-0.01140987759279447,0.9140625,0.0546875,0.03125,-0.01973913199765165,0.467974501977078,1.4223699206502491,5.237545092174068,70.61250320534673
wells_d4,Unequal wells 4D,broad,benefit: mean parental objective minus midpoint objective,127,7.784581355367278,7.791453218746774,-0.006871863379496522,0.9453125,0.0234375,0.03125,0.0,0.9811564839399445,2.604836506508389,6.735396318987749,43.8096888684709
wells_d4,Unequal wells 4D,clustered,benefit: mean parental objective minus midpoint objective,0,0.30249238089043917,0.30249238089043917,0.0,0.96875,0.0,0.03125,0.002983533098620761,0.016522299528934914,0.05732571779749773,0.6625921261096865,0.8402115894223885
wells_d4,Unequal wells 4D,clustered,benefit: mean parental objective minus midpoint objective,1,0.36030661093185623,0.36030661093185623,0.0,0.96875,0.0,0.03125,0.0027900400994769203,0.015820573657370662,0.06487578609874589,0.7486627686292517,0.9122548448657173
wells_d4,Unequal wells 4D,clustered,benefit: mean parental objective minus midpoint objective,2,0.3988398888802076,0.3988398888802076,0.0,0.96875,0.0,0.03125,0.002979719572581807,0.017984567271927876,0.14275660326216055,0.7736089717822279,0.9311230774874362
wells_d4,Unequal wells 4D,clustered,benefit: mean parental objective minus midpoint objective,3,0.39174389929653197,0.39174389929653197,0.0,0.96875,0.0,0.03125,0.0026200760939034673,0.01523315285503779,0.08234234177455946,0.7736083781637189,0.987329120386782
wells_d4,Unequal wells 4D,clustered,benefit: mean parental objective minus midpoint objective,4,0.3534292701164662,0.3534292701164662,0.0,0.96875,0.0,0.03125,0.0022849476265314195,0.013200830021824927,0.1261695354307404,0.6894037282811303,0.8791680703371325
wells_d4,Unequal wells 4D,clustered,benefit: mean parental objective minus midpoint objective,5,0.34062204634406384,0.34062204634406384,0.0,0.96875,0.0,0.03125,0.0028549884144881688,0.016586944721147745,0.07056152637617896,0.7174682904334284,0.908495978141802
wells_d4,Unequal wells 4D,clustered,benefit: mean parental objective minus midpoint objective,6,0.38777432007351736,0.38777432007351736,0.0,0.96875,0.0,0.03125,0.0022764512581117113,0.016620246136992645,0.12507483769262517,0.748697669610844,0.9258120958196208
wells_d4,Unequal wells 4D,clustered,benefit: mean parental objective minus midpoint objective,7,0.34687070926648084,0.34687070926648084,0.0,0.96875,0.0,0.03125,0.002769728702861185,0.015137520629734835,0.06824311113940196,0.7163105745428073,0.913128013994609
wells_d4,Unequal wells 4D,clustered,benefit: mean parental objective minus midpoint objective,8,0.3595409574590033,0.3595409574590033,0.0,0.96875,0.0,0.03125,0.0029075106120171057,0.016316212207656555,0.06931095411308896,0.7289317497775081,0.9693524280093977
wells_d4,Unequal wells 4D,clustered,benefit: mean parental objective minus midpoint objective,9,0.41263681910934324,0.41263681910934324,0.0,0.96875,0.0,0.03125,0.0018499781398795268,0.011782942033226718,0.10278085110793267,0.8086158252840241,0.9765913363439946
wells_d4,Unequal wells 4D,clustered,benefit: mean parental objective minus midpoint objective,10,0.40614616135339343,0.40614616135339343,0.0,0.96875,0.0,0.03125,0.002013118639353273,0.016884174594732126,0.2899090365072783,0.7688877282289428,0.9735006032909428
wells_d4,Unequal wells 4D,clustered,benefit: mean parental objective minus midpoint objective,11,0.38202371132917096,0.38202371132917096,0.0,0.96875,0.0,0.03125,0.001774212718300916,0.014416590264234586,0.17389322560071419,0.7227008488412414,0.9060644610361523
wells_d4,Unequal wells 4D,clustered,benefit: mean parental objective minus midpoint objective,12,0.4001854482080819,0.4001854482080819,0.0,0.96875,0.0,0.03125,0.003977206549011347,0.020259678646477042,0.15705750318517442,0.7693235029781693,0.9820636434074266
wells_d4,Unequal wells 4D,clustered,benefit: mean parental objective minus midpoint objective,13,0.39674209898018403,0.39674209898018403,0.0,0.96875,0.0,0.03125,0.0022570287129073385,0.014875507533044896,0.13322315870977386,0.7533115499600844,0.947252086356646
wells_d4,Unequal wells 4D,clustered,benefit: mean parental objective minus midpoint objective,14,0.36371687692718013,0.36371687692718013,0.0,0.96875,0.0,0.03125,0.0031803657110098804,0.015144844281277603,0.06866143837956185,0.7389661201648916,0.8883408735789564
wells_d4,Unequal wells 4D,clustered,benefit: mean parental objective minus midpoint objective,15,0.3805653054666759,0.3805653054666759,0.0,0.96875,0.0,0.03125,0.0015217639610334288,0.012446483736834102,0.0712230349680425,0.7572838813044962,0.8575260171810539
wells_d4,Unequal wells 4D,clustered,benefit: mean parental objective minus midpoint objective,16,0.3629999722491236,0.3629999722491236,0.0,0.96875,0.0,0.03125,0.0028450839440026243,0.015999711941445227,0.08463406479135926,0.7465060586956509,0.9443452490876254
wells_d4,Unequal wells 4D,clustered,benefit: mean parental objective minus midpoint objective,17,0.38247381566708494,0.38247381566708494,0.0,0.96875,0.0,0.03125,0.0018750599798094125,0.012893274393114496,0.07598711492714116,0.7663144856566895,0.9001761871055658
wells_d4,Unequal wells 4D,clustered,benefit: mean parental objective minus midpoint objective,18,0.3686764524613968,0.3686764524613968,0.0,0.96875,0.0,0.03125,0.0032799744443565704,0.018419257439641346,0.18033701666046298,0.7049068556935845,0.9418356967703552
wells_d4,Unequal wells 4D,clustered,benefit: mean parental objective minus midpoint objective,19,0.41543386165325413,0.41543386165325413,0.0,0.96875,0.0,0.03125,0.0028680539535128613,0.01630794774003963,0.11382217779827375,0.8209097247121613,0.9752207806135187
wells_d4,Unequal wells 4D,clustered,benefit: mean parental objective minus midpoint objective,20,0.40188343796641723,0.40188343796641723,0.0,0.96875,0.0,0.03125,0.0027460040270677055,0.01542586144106961,0.24455721173511602,0.7625514491525587,0.9540421528089953
wells_d4,Unequal wells 4D,clustered,benefit: mean parental objective minus midpoint objective,21,0.35077558618088633,0.35077558618088633,0.0,0.96875,0.0,0.03125,0.003059229088630877,0.015466775074436612,0.1614207570325017,0.6673714193875888,0.8641042852167957
wells_d4,Unequal wells 4D,clustered,benefit: mean parental objective minus midpoint objective,22,0.3883856843606238,0.3883856843606238,0.0,0.96875,0.0,0.03125,0.0021786515168900067,0.013371192991790792,0.14898818027263694,0.7410071226158008,0.8653504033906472
wells_d4,Unequal wells 4D,clustered,benefit: mean parental objective minus midpoint objective,23,0.38579519047829225,0.38579519047829225,0.0,0.96875,0.0,0.03125,0.0029654331354997954,0.01672729058338418,0.0832720316029607,0.7683972505252168,0.9421745280187781
wells_d4,Unequal wells 4D,clustered,benefit: mean parental objective minus midpoint objective,24,0.3769674328512514,0.3769674328512514,0.0,0.96875,0.0,0.03125,0.002830270068723273,0.014209222989653991,0.1265150286425114,0.7312138385876459,0.9313330123741155
wells_d4,Unequal wells 4D,clustered,benefit: mean parental objective minus midpoint objective,25,0.4018356847354062,0.4018356847354062,0.0,0.96875,0.0,0.03125,0.0029064852654263618,0.01624700725281203,0.13391310249847543,0.7774744756779006,0.949473355044427
wells_d4,Unequal wells 4D,clustered,benefit: mean parental objective minus midpoint objective,26,0.4008975370031264,0.4008975370031264,0.0,0.96875,0.0,0.03125,0.00334072291207832,0.01664758115918774,0.11068278976545098,0.7820869144131175,0.9539040646788806
wells_d4,Unequal wells 4D,clustered,benefit: mean parental objective minus midpoint objective,27,0.33778764556676805,0.33778764556676805,0.0,0.96875,0.0,0.03125,0.0023437517312312472,0.013982388733952966,0.04358781200224415,0.7364381857097915,0.9926002642492444
wells_d4,Unequal wells 4D,clustered,benefit: mean parental objective minus midpoint objective,28,0.376401723900532,0.376401723900532,0.0,0.96875,0.0,0.03125,0.003107620761614527,0.021115204746604332,0.1388447207567607,0.7209374184236694,0.9150920400215805
wells_d4,Unequal wells 4D,clustered,benefit: mean parental objective minus midpoint objective,29,0.34546420632020347,0.34546420632020347,0.0,0.96875,0.0,0.03125,0.0035922115057580584,0.015528458565251091,0.07784669704186342,0.706693432812525,0.8605966371366958
wells_d4,Unequal wells 4D,clustered,benefit: mean parental objective minus midpoint objective,30,0.39257982895992644,0.39257982895992644,0.0,0.96875,0.0,0.03125,0.0029854865385785523,0.015685501843289096,0.18629062254941964,0.756754437939527,0.9092225729339964
wells_d4,Unequal wells 4D,clustered,benefit: mean parental objective minus midpoint objective,31,0.3787293515693573,0.3787293515693573,0.0,0.96875,0.0,0.03125,0.0018167045833907824,0.0128960460657086,0.1282229854413499,0.7326250293009009,0.8915631855411537
wells_d4,Unequal wells 4D,clustered,benefit: mean parental objective minus midpoint objective,32,0.39581242364234004,0.39581242364234004,0.0,0.96875,0.0,0.03125,0.002903176302607502,0.014825244951949701,0.08635506459754039,0.768057334352271,0.9443991927669855
wells_d4,Unequal wells 4D,clustered,benefit: mean parental objective minus midpoint objective,33,0.3570009134936679,0.3570009134936679,0.0,0.96875,0.0,0.03125,0.0019725972437982797,0.014279628029636449,0.08361140089369723,0.6981694185674554,0.9318940835317642
wells_d4,Unequal wells 4D,clustered,benefit: mean parental objective minus midpoint objective,34,0.3852408324450915,0.3852408324450915,0.0,0.96875,0.0,0.03125,0.002185792104559159,0.011840072181267258,0.1291892420852112,0.740454450156794,0.8864107063566842
wells_d4,Unequal wells 4D,clustered,benefit: mean parental objective minus midpoint objective,35,0.37897201028051986,0.37897201028051986,0.0,0.96875,0.0,0.03125,0.0028560589429711403,0.016947400919592015,0.11313759504728127,0.7306986511816329,0.917978829895272
wells_d4,Unequal wells 4D,clustered,benefit: mean parental objective minus midpoint objective,36,0.3783453639839763,0.3783453639839763,0.0,0.96875,0.0,0.03125,0.0023948627464069894,0.016076897696401637,0.12161594505153683,0.7511521087412032,0.8647887484386549
wells_d4,Unequal wells 4D,clustered,benefit: mean parental objective minus midpoint objective,37,0.356780001665207,0.356780001665207,0.0,0.96875,0.0,0.03125,0.003301347388845244,0.013394216989345287,0.07116450838296373,0.7408993995221647,0.9147930004762768
wells_d4,Unequal wells 4D,clustered,benefit: mean parental objective minus midpoint objective,38,0.37549517774944774,0.37549517774944774,0.0,0.96875,0.0,0.03125,0.0024671493748182893,0.01682008242498223,0.08377279839894047,0.7468028825633648,0.8901450633752543
wells_d4,Unequal wells 4D,clustered,benefit: mean parental objective minus midpoint objective,39,0.3776678980785444,0.3776678980785444,0.0,0.96875,0.0,0.03125,0.0033870055035518654,0.015834842304415897,0.2484312731621483,0.7176743026569847,0.9346964221082776
wells_d4,Unequal wells 4D,clustered,benefit: mean parental objective minus midpoint objective,40,0.362224938913634,0.362224938913634,0.0,0.96875,0.0,0.03125,0.0021447417806805813,0.01207757569059642,0.05660037297009768,0.7196526843479549,0.8806681275088439
wells_d4,Unequal wells 4D,clustered,benefit: mean parental objective minus midpoint objective,41,0.3882838616564367,0.3882838616564367,0.0,0.96875,0.0,0.03125,0.0024140240564611837,0.012922124048407868,0.07678069141282062,0.7709539445932339,0.8955763576945963
wells_d4,Unequal wells 4D,clustered,benefit: mean parental objective minus midpoint objective,42,0.36710658411633,0.36710658411633,0.0,0.96875,0.0,0.03125,0.0025603389062123227,0.016165048142406935,0.11475582827575836,0.7088716883139832,0.9052046796993258
wells_d4,Unequal wells 4D,clustered,benefit: mean parental objective minus midpoint objective,43,0.3517443253700583,0.3517443253700583,0.0,0.96875,0.0,0.03125,0.0033714623583502856,0.014410032078848278,0.09339828424380237,0.6825895722370208,0.8476355819591088
wells_d4,Unequal wells 4D,clustered,benefit: mean parental objective minus midpoint objective,44,0.39404329944907956,0.39404329944907956,0.0,0.96875,0.0,0.03125,0.0029566267364795618,0.016872119313904754,0.15138074968931203,0.7571762159424047,0.9680262442126051
wells_d4,Unequal wells 4D,clustered,benefit: mean parental objective minus midpoint objective,45,0.40881360370553066,0.40881360370553066,0.0,0.96875,0.0,0.03125,0.0037431862277408356,0.016426878312368,0.3256294715464634,0.7818036621755573,1.0045296610214003
wells_d4,Unequal wells 4D,clustered,benefit: mean parental objective minus midpoint objective,46,0.3541338257638083,0.3541338257638083,0.0,0.96875,0.0,0.03125,0.0028717209841042646,0.01590085253005835,0.10061979263474008,0.70375369587902,0.8726654045463516
wells_d4,Unequal wells 4D,clustered,benefit: mean parental objective minus midpoint objective,47,0.3709628132312025,0.3709628132312025,0.0,0.96875,0.0,0.03125,0.0026063117144277115,0.01224899395630552,0.10540403047445923,0.7141359894154049,0.8727773265085514
wells_d4,Unequal wells 4D,clustered,benefit: mean parental objective minus midpoint objective,48,0.42967294443775217,0.42967294443775217,0.0,0.96875,0.0,0.03125,0.0026622935548719084,0.020269663970709173,0.1569861186781525,0.8139761545078037,1.0233042804797448
wells_d4,Unequal wells 4D,clustered,benefit: mean parental objective minus midpoint objective,49,0.37333638223999444,0.37333638223999444,0.0,0.96875,0.0,0.03125,0.0028332762770202358,0.016910493057544773,0.17714252037511136,0.715629923127588,0.8756456988830124
wells_d4,Unequal wells 4D,clustered,benefit: mean parental objective minus midpoint objective,50,0.36538701855723915,0.36538701855723915,0.0,0.96875,0.0,0.03125,0.0023083902506022547,0.014833323428408818,0.05170544013141565,0.7617589591179728,0.936327613915428
wells_d4,Unequal wells 4D,clustered,benefit: mean parental objective minus midpoint objective,51,0.408683825527481,0.408683825527481,0.0,0.96875,0.0,0.03125,0.0031053202289168524,0.015742695231819148,0.09940358503540425,0.7925588003225774,0.9367630856805322
wells_d4,Unequal wells 4D,clustered,benefit: mean parental objective minus midpoint objective,52,0.37381538315117024,0.37381538315117024,0.0,0.96875,0.0,0.03125,0.0016865153762624097,0.015955457204317902,0.2179956601562596,0.7109657057221064,0.9233949440023077
wells_d4,Unequal wells 4D,clustered,benefit: mean parental objective minus midpoint objective,53,0.38914208793751603,0.38914208793751603,0.0,0.96875,0.0,0.03125,0.002238852383144252,0.01409750512079233,0.07751340130713746,0.7767112786107702,0.930426682541238
wells_d4,Unequal wells 4D,clustered,benefit: mean parental objective minus midpoint objective,54,0.39988023101405956,0.39988023101405956,0.0,0.96875,0.0,0.03125,0.0031168824405138906,0.014776634900956154,0.10855995158941356,0.7909084422720358,0.9638289335238683
wells_d4,Unequal wells 4D,clustered,benefit: mean parental objective minus midpoint objective,55,0.3684482448204832,0.3684482448204832,0.0,0.96875,0.0,0.03125,0.003551795219758347,0.017129353481780907,0.08028350331519096,0.7223321615102842,0.9303107665804307
wells_d4,Unequal wells 4D,clustered,benefit: mean parental objective minus midpoint objective,56,0.3467850940334293,0.3467850940334293,0.0,0.96875,0.0,0.03125,0.002652575401945967,0.013564158576183427,0.1056250738311908,0.6660277248322775,0.8492982018228488
wells_d4,Unequal wells 4D,clustered,benefit: mean parental objective minus midpoint objective,57,0.3911060921138516,0.3911060921138516,0.0,0.96875,0.0,0.03125,0.002289178508509959,0.01550967927130742,0.10013759165294189,0.7585060890889344,0.9032297695392748
wells_d4,Unequal wells 4D,clustered,benefit: mean parental objective minus midpoint objective,58,0.3575967947496961,0.3575967947496961,0.0,0.96875,0.0,0.03125,0.0026602314294383866,0.016513457879252957,0.10124019816422658,0.6848277519488737,0.9298848901553711
wells_d4,Unequal wells 4D,clustered,benefit: mean parental objective minus midpoint objective,59,0.33427551651442355,0.33427551651442355,0.0,0.96875,0.0,0.03125,0.0016685844378594439,0.012094355296355275,0.05432264297164391,0.7093275640219063,0.8947226490511866
wells_d4,Unequal wells 4D,clustered,benefit: mean parental objective minus midpoint objective,60,0.3533339266792881,0.3533339266792881,0.0,0.96875,0.0,0.03125,0.0022934513604466744,0.016138164238535424,0.07066323641940864,0.7350204191674241,0.8796229334728949
wells_d4,Unequal wells 4D,clustered,benefit: mean parental objective minus midpoint objective,61,0.3354609956259254,0.3354609956259254,0.0,0.96875,0.0,0.03125,0.002640083678044469,0.015808018862807582,0.05435075405529277,0.6883415526444747,0.9477099357201713
wells_d4,Unequal wells 4D,clustered,benefit: mean parental objective minus midpoint objective,62,0.37412407545972615,0.37412407545972615,0.0,0.96875,0.0,0.03125,0.003119434411558375,0.018025157420217708,0.10633043173915424,0.7407296259619331,0.9131939460478182
wells_d4,Unequal wells 4D,clustered,benefit: mean parental objective minus midpoint objective,63,0.3503523841078431,0.3503523841078431,0.0,0.96875,0.0,0.03125,0.002641903392377909,0.012966322570801658,0.06818991057944213,0.6989451067507362,0.8728682494117648
wells_d4,Unequal wells 4D,clustered,benefit: mean parental objective minus midpoint objective,64,0.3885948787517782,0.3885948787517782,0.0,0.96875,0.0,0.03125,0.0024653890450188065,0.01669084812538868,0.16796154401411134,0.7487844399495818,0.9381598502082256
wells_d4,Unequal wells 4D,clustered,benefit: mean parental objective minus midpoint objective,65,0.3671915165417019,0.3671915165417019,0.0,0.96875,0.0,0.03125,0.004177179520484131,0.015543422006724095,0.07426181040309343,0.7496823355705664,0.9342512177180162
wells_d4,Unequal wells 4D,clustered,benefit: mean parental objective minus midpoint objective,66,0.3840528199898011,0.3840528199898011,0.0,0.96875,0.0,0.03125,0.0018134725469913793,0.013669295833516504,0.0755751391924886,0.7806687558787913,0.9331791754407142
wells_d4,Unequal wells 4D,clustered,benefit: mean parental objective minus midpoint objective,67,0.40989765447425713,0.40989765447425713,0.0,0.96875,0.0,0.03125,0.0024850675632261954,0.014102408613442696,0.07873662443972007,0.8135573867653356,0.9844675860320438
wells_d4,Unequal wells 4D,clustered,benefit: mean parental objective minus midpoint objective,68,0.3672243920699315,0.3672243920699315,0.0,0.96875,0.0,0.03125,0.002556352593782174,0.012373569548620011,0.12111208316635436,0.7164464810275084,0.8826678310240001
wells_d4,Unequal wells 4D,clustered,benefit: mean parental objective minus midpoint objective,69,0.34500671713280623,0.34500671713280623,0.0,0.96875,0.0,0.03125,0.002929286071367665,0.015158329585695185,0.07788224831365542,0.6637815609320086,0.8674402879115171
wells_d4,Unequal wells 4D,clustered,benefit: mean parental objective minus midpoint objective,70,0.3915964814931623,0.3915964814931623,0.0,0.96875,0.0,0.03125,0.002806392764958865,0.015741799213905727,0.1494613052367213,0.7441123845735396,0.9596856306705905
wells_d4,Unequal wells 4D,clustered,benefit: mean parental objective minus midpoint objective,71,0.39145286473548946,0.39145286473548946,0.0,0.96875,0.0,0.03125,0.002640131123035072,0.016332188055824037,0.07732039613382691,0.7588285203972018,0.9813159477357942
wells_d4,Unequal wells 4D,clustered,benefit: mean parental objective minus midpoint objective,72,0.3864719013534085,0.3864719013534085,0.0,0.96875,0.0,0.03125,0.0019226813361794548,0.017895388920900812,0.20711095202262242,0.7476637873384278,0.9022579679128606
wells_d4,Unequal wells 4D,clustered,benefit: mean parental objective minus midpoint objective,73,0.39920754368770395,0.39920754368770395,0.0,0.96875,0.0,0.03125,0.0024333782599490483,0.019476859839607785,0.12096253034079041,0.7753514810148285,0.9230665024604743
wells_d4,Unequal wells 4D,clustered,benefit: mean parental objective minus midpoint objective,74,0.41825956427700267,0.41825956427700267,0.0,0.96875,0.0,0.03125,0.004145331342799263,0.023201227066615093,0.21709045591395215,0.7772344637308275,1.0795525504521435
wells_d4,Unequal wells 4D,clustered,benefit: mean parental objective minus midpoint objective,75,0.4047743807623987,0.4047743807623987,0.0,0.96875,0.0,0.03125,0.0027934541278440417,0.01822518989519306,0.1882863172746836,0.7720272938211774,0.9575383291993398
wells_d4,Unequal wells 4D,clustered,benefit: mean parental objective minus midpoint objective,76,0.38854896383430526,0.38854896383430526,0.0,0.96875,0.0,0.03125,0.003440884502933006,0.02386138113264913,0.19518538949073805,0.739196522666373,0.8973673510327727
wells_d4,Unequal wells 4D,clustered,benefit: mean parental objective minus midpoint objective,77,0.37878766799313907,0.37878766799313907,0.0,0.96875,0.0,0.03125,0.003173801060426751,0.01438589250584954,0.08868856003573145,0.7581286813844919,0.8948332179406104
wells_d4,Unequal wells 4D,clustered,benefit: mean parental objective minus midpoint objective,78,0.36650946935628587,0.36650946935628587,0.0,0.96875,0.0,0.03125,0.001759767151186864,0.011907093741048591,0.08468682067408273,0.7412852479607968,0.8901713780323777
wells_d4,Unequal wells 4D,clustered,benefit: mean parental objective minus midpoint objective,79,0.4049374535855821,0.4049374535855821,0.0,0.96875,0.0,0.03125,0.002513483693513008,0.014828188918558638,0.10630345372443739,0.789636669181836,0.9540155432143806
wells_d4,Unequal wells 4D,clustered,benefit: mean parental objective minus midpoint objective,80,0.3818289740232784,0.3818289740232784,0.0,0.96875,0.0,0.03125,0.0027414744826206316,0.015837845593382527,0.07973259687173417,0.7702617741000206,0.9139687571169925
wells_d4,Unequal wells 4D,clustered,benefit: mean parental objective minus midpoint objective,81,0.3886339454524399,0.3886339454524399,0.0,0.96875,0.0,0.03125,0.002679381866566244,0.014706405944131085,0.1551195401614891,0.7666897029312751,0.9001380373583183
wells_d4,Unequal wells 4D,clustered,benefit: mean parental objective minus midpoint objective,82,0.36609070027536667,0.36609070027536667,0.0,0.96875,0.0,0.03125,0.003056992674111747,0.01480494198980975,0.0619432052552189,0.7276873094388352,0.893376689083283
wells_d4,Unequal wells 4D,clustered,benefit: mean parental objective minus midpoint objective,83,0.38952301529183164,0.38952301529183164,0.0,0.96875,0.0,0.03125,0.0038268526711022766,0.02328760159467258,0.17284638014554532,0.7348241408020433,1.002735931911723
wells_d4,Unequal wells 4D,clustered,benefit: mean parental objective minus midpoint objective,84,0.3734078535212879,0.3734078535212879,0.0,0.96875,0.0,0.03125,0.003128679569168291,0.015230937509190579,0.1492180024063905,0.7215866690583164,0.8626850061141729
wells_d4,Unequal wells 4D,clustered,benefit: mean parental objective minus midpoint objective,85,0.3762099970566848,0.3762099970566848,0.0,0.96875,0.0,0.03125,0.0032196633356234017,0.018111790565982444,0.09244145790626601,0.7431096493823737,0.9812046770011049
wells_d4,Unequal wells 4D,clustered,benefit: mean parental objective minus midpoint objective,86,0.39397934649068306,0.39397934649068306,0.0,0.96875,0.0,0.03125,0.00235497215389624,0.014145276083905367,0.09735251738368023,0.7693087016294864,0.9434732924916611
wells_d4,Unequal wells 4D,clustered,benefit: mean parental objective minus midpoint objective,87,0.35417597898843517,0.35417597898843517,0.0,0.96875,0.0,0.03125,0.0036574966212876703,0.014584200934823599,0.05632354477064161,0.7024311228659821,0.9138553348158065
wells_d4,Unequal wells 4D,clustered,benefit: mean parental objective minus midpoint objective,88,0.38491429316529796,0.38491429316529796,0.0,0.96875,0.0,0.03125,0.0030263802226533354,0.015271670986014119,0.1870007828178566,0.7357626810193307,0.9157112311103885
wells_d4,Unequal wells 4D,clustered,benefit: mean parental objective minus midpoint objective,89,0.39178591387213335,0.39178591387213335,0.0,0.96875,0.0,0.03125,0.0026572150882366863,0.015239543721101478,0.1379785509332534,0.7641893448462203,0.8906203446983683
wells_d4,Unequal wells 4D,clustered,benefit: mean parental objective minus midpoint objective,90,0.381756887228352,0.381756887228352,0.0,0.96875,0.0,0.03125,0.002146225986296768,0.016604292575750357,0.15161894350456429,0.729014546412367,0.8959796659008019
wells_d4,Unequal wells 4D,clustered,benefit: mean parental objective minus midpoint objective,91,0.38347330032343185,0.38347330032343185,0.0,0.96875,0.0,0.03125,0.003481046615334993,0.015593132163595591,0.1367425837649887,0.7379715719975888,0.9157753723178979
wells_d4,Unequal wells 4D,clustered,benefit: mean parental objective minus midpoint objective,92,0.3637025892069704,0.3637025892069704,0.0,0.96875,0.0,0.03125,0.0023683376057557215,0.012773666489679592,0.08330647055257745,0.7134611621561067,0.8685456797671458
wells_d4,Unequal wells 4D,clustered,benefit: mean parental objective minus midpoint objective,93,0.4086676755099205,0.4086676755099205,0.0,0.96875,0.0,0.03125,0.0030128235998794217,0.018004881161260755,0.1465484888945663,0.7887327615406394,0.9592369604812865
wells_d4,Unequal wells 4D,clustered,benefit: mean parental objective minus midpoint objective,94,0.4290664444113026,0.4290664444113026,0.0,0.96875,0.0,0.03125,0.0026143861584264627,0.02143450926472923,0.23718652002942386,0.8164800802452536,0.9962455348088486
wells_d4,Unequal wells 4D,clustered,benefit: mean parental objective minus midpoint objective,95,0.40825309296206763,0.40825309296206763,0.0,0.96875,0.0,0.03125,0.0030629691730947872,0.020327889413761735,0.2956830291340924,0.7645306905271609,0.9711564934333201
wells_d4,Unequal wells 4D,clustered,benefit: mean parental objective minus midpoint objective,96,0.40370112903757593,0.40370112903757593,0.0,0.96875,0.0,0.03125,0.00231022373791423,0.02136518738579829,0.15893890145662382,0.78768879577949,0.9361062702469671
wells_d4,Unequal wells 4D,clustered,benefit: mean parental objective minus midpoint objective,97,0.3183317048675237,0.3183317048675237,0.0,0.96875,0.0,0.03125,0.0032634756710185897,0.01668161217134312,0.04748511076927553,0.6526087178452866,0.8644266765738915
wells_d4,Unequal wells 4D,clustered,benefit: mean parental objective minus midpoint objective,98,0.4031799763662468,0.4031799763662468,0.0,0.96875,0.0,0.03125,0.002691188577241821,0.01747569984372155,0.1557205883385655,0.7765739048290012,0.9574768979851718
wells_d4,Unequal wells 4D,clustered,benefit: mean parental objective minus midpoint objective,99,0.31355108977620355,0.31355108977620355,0.0,0.96875,0.0,0.03125,0.001683706088917436,0.010035994973567774,0.03414995156231759,0.7096956004453441,0.8818099819733691
wells_d4,Unequal wells 4D,clustered,benefit: mean parental objective minus midpoint objective,100,0.4097637730812492,0.4097637730812492,0.0,0.96875,0.0,0.03125,0.004374115035939985,0.024219152072039396,0.29983065613213333,0.7387195347437197,1.0672622650727843
wells_d4,Unequal wells 4D,clustered,benefit: mean parental objective minus midpoint objective,101,0.3133165167239197,0.3133165167239197,0.0,0.96875,0.0,0.03125,0.0025819072769863727,0.013716958077052865,0.03536066435831264,0.7040398125286085,0.8962313398092598
wells_d4,Unequal wells 4D,clustered,benefit: mean parental objective minus midpoint objective,102,0.3801725336739262,0.3801725336739262,0.0,0.96875,0.0,0.03125,0.0021913629636731713,0.013750130700208363,0.07873131525276111,0.7650479056645823,0.9438759987966605
wells_d4,Unequal wells 4D,clustered,benefit: mean parental objective minus midpoint objective,103,0.3836413804447576,0.3836413804447576,0.0,0.96875,0.0,0.03125,0.0031102495294801358,0.01525171887593224,0.22382889778776516,0.7275741335193218,0.9367841549000402
wells_d4,Unequal wells 4D,clustered,benefit: mean parental objective minus midpoint objective,104,0.39978480957882995,0.39978480957882995,0.0,0.96875,0.0,0.03125,0.0036534749965282387,0.02103827940176295,0.12728350480001094,0.7666465948503691,0.9552493639424466
wells_d4,Unequal wells 4D,clustered,benefit: mean parental objective minus midpoint objective,105,0.4374858633379182,0.4374858633379182,0.0,0.96875,0.0,0.03125,0.002974882761316522,0.016164784627787032,0.2293676251986927,0.8356089247960836,1.0194319809400887
wells_d4,Unequal wells 4D,clustered,benefit: mean parental objective minus midpoint objective,106,0.4089017553837409,0.4089017553837409,0.0,0.96875,0.0,0.03125,0.0029926730118852163,0.01894072588008866,0.1244170558588471,0.7956785383262297,0.9678609052667275
wells_d4,Unequal wells 4D,clustered,benefit: mean parental objective minus midpoint objective,107,0.38829458334248623,0.38829458334248623,0.0,0.96875,0.0,0.03125,0.0024665800728413956,0.014830421240459302,0.345072268280874,0.7422334786699982,0.9264467272575956
wells_d4,Unequal wells 4D,clustered,benefit: mean parental objective minus midpoint objective,108,0.3982752730748004,0.3982752730748004,0.0,0.96875,0.0,0.03125,0.0030258705638335215,0.017067678266611708,0.08731719090691215,0.7862165665979504,0.9581718314742491
wells_d4,Unequal wells 4D,clustered,benefit: mean parental objective minus midpoint objective,109,0.38633194102614515,0.38633194102614515,0.0,0.96875,0.0,0.03125,0.003014726748050478,0.015411303226874562,0.08544244892861252,0.7774146126754253,0.8911200136102055
wells_d4,Unequal wells 4D,clustered,benefit: mean parental objective minus midpoint objective,110,0.3710163609298377,0.3710163609298377,0.0,0.96875,0.0,0.03125,0.0017478837824618232,0.010426389392567792,0.10148499500834496,0.7280609907410673,0.866997959480768
wells_d4,Unequal wells 4D,clustered,benefit: mean parental objective minus midpoint objective,111,0.3998431834273144,0.3998431834273144,0.0,0.96875,0.0,0.03125,0.0018832042106575742,0.014834791115774237,0.1385583078555659,0.7739375805500637,0.9421481587432516
wells_d4,Unequal wells 4D,clustered,benefit: mean parental objective minus midpoint objective,112,0.39219558016277106,0.39219558016277106,0.0,0.96875,0.0,0.03125,0.002123343182079518,0.015435779567847252,0.2598311132552049,0.7430284803339273,0.9652716380613924
wells_d4,Unequal wells 4D,clustered,benefit: mean parental objective minus midpoint objective,113,0.3731010000350084,0.3731010000350084,0.0,0.96875,0.0,0.03125,0.0016895026966943227,0.014704247160961303,0.07519797292206354,0.7562065556650894,0.9097160827790576
wells_d4,Unequal wells 4D,clustered,benefit: mean parental objective minus midpoint objective,114,0.38318697003545743,0.38318697003545743,0.0,0.96875,0.0,0.03125,0.0017964017185343462,0.009321471191611641,0.049523479693209804,0.7665043196673176,0.8793367196524977
wells_d4,Unequal wells 4D,clustered,benefit: mean parental objective minus midpoint objective,115,0.37997609160657264,0.37997609160657264,0.0,0.96875,0.0,0.03125,0.0030063446445620645,0.014030064005605025,0.10285543500141903,0.7439790785289466,0.9232698728189108
wells_d4,Unequal wells 4D,clustered,benefit: mean parental objective minus midpoint objective,116,0.3806288736947767,0.3806288736947767,0.0,0.96875,0.0,0.03125,0.0024542005581087434,0.014372275324504358,0.07338725117240785,0.7665066333719313,0.8585197271666403
wells_d4,Unequal wells 4D,clustered,benefit: mean parental objective minus midpoint objective,117,0.4189414869288661,0.4189414869288661,0.0,0.96875,0.0,0.03125,0.002119842831571628,0.01854001326199728,0.19402412911165778,0.7909400516220031,1.0209254445721512
wells_d4,Unequal wells 4D,clustered,benefit: mean parental objective minus midpoint objective,118,0.3843993212416607,0.3843993212416607,0.0,0.96875,0.0,0.03125,0.0033909973131158733,0.016266618433402824,0.10473191461734466,0.7598813190359617,0.9137423077204405
wells_d4,Unequal wells 4D,clustered,benefit: mean parental objective minus midpoint objective,119,0.37323961985372,0.37323961985372,0.0,0.96875,0.0,0.03125,0.0026584021825211135,0.016885593089678963,0.07932848577257245,0.7352296362486108,0.9980566291558535
wells_d4,Unequal wells 4D,clustered,benefit: mean parental objective minus midpoint objective,120,0.3848785651625982,0.3848785651625982,0.0,0.96875,0.0,0.03125,0.002100900245974424,0.012590776284417071,0.09290984148156456,0.7814370839656137,1.0012234200709202
wells_d4,Unequal wells 4D,clustered,benefit: mean parental objective minus midpoint objective,121,0.3557067100410045,0.3557067100410045,0.0,0.96875,0.0,0.03125,0.003053625090252643,0.018642304525471776,0.08357000335025777,0.6902185126408187,0.9014731859823373
wells_d4,Unequal wells 4D,clustered,benefit: mean parental objective minus midpoint objective,122,0.3893316853449478,0.3893316853449478,0.0,0.96875,0.0,0.03125,0.003007861370734055,0.017092571237208976,0.14817854836941802,0.7621958430011742,0.9139290330459076
wells_d4,Unequal wells 4D,clustered,benefit: mean parental objective minus midpoint objective,123,0.41159901365065626,0.41159901365065626,0.0,0.96875,0.0,0.03125,0.0026079195567834113,0.022279672630817426,0.37718467042873094,0.7601315134422542,1.0312799069901213
wells_d4,Unequal wells 4D,clustered,benefit: mean parental objective minus midpoint objective,124,0.39536716549980766,0.39536716549980766,0.0,0.96875,0.0,0.03125,0.0030889355897032456,0.01634357850260848,0.14748371288024842,0.7657413324495981,0.9425473513281486
wells_d4,Unequal wells 4D,clustered,benefit: mean parental objective minus midpoint objective,125,0.3943643088186375,0.3943643088186375,0.0,0.96875,0.0,0.03125,0.0036102066831467106,0.017427287690534143,0.1496730407162965,0.7622736643771408,0.9139995480981593
wells_d4,Unequal wells 4D,clustered,benefit: mean parental objective minus midpoint objective,126,0.335785315070635,0.335785315070635,0.0,0.96875,0.0,0.03125,0.002736994461228992,0.013189883260515955,0.03602680047840323,0.6988988904623623,0.8574701890724954
wells_d4,Unequal wells 4D,clustered,benefit: mean parental objective minus midpoint objective,127,0.3507858209623193,0.3507858209623193,0.0,0.96875,0.0,0.03125,0.00276977935839251,0.01466258630460171,0.09734878529191504,0.6928704708193785,0.8399187186418997
periodic_d1,Periodic 1D,broad,benefit: mean parental objective minus midpoint objective,0,0.234790463769053,0.2849558703423367,-0.05016540657328369,0.693359375,0.275390625,0.03125,-0.39571248204139886,-0.0006062305760299314,0.030774288991812337,0.46423079778556964,1.3352149541736291
periodic_d1,Periodic 1D,broad,benefit: mean parental objective minus midpoint objective,1,0.2236596707776205,0.22709211491377465,-0.003432444136154173,0.814453125,0.154296875,0.03125,-0.03286596340080017,0.0029619244507137488,0.09082403840958764,0.3665417264917715,0.916368811067948
periodic_d1,Periodic 1D,broad,benefit: mean parental objective minus midpoint objective,2,0.15894527445410186,0.163841770980272,-0.004896496526170119,0.9375,0.03125,0.03125,0.0,0.010139895267022636,0.07676104530793132,0.2529678778060619,0.597764665029276
periodic_d1,Periodic 1D,broad,benefit: mean parental objective minus midpoint objective,3,0.12437041356457901,0.12715272064824612,-0.002782307083667117,0.8828125,0.0859375,0.03125,-0.016790976880983965,0.004981478381819948,0.039230740712954404,0.17165125573635232,0.5307748377830074
periodic_d1,Periodic 1D,broad,benefit: mean parental objective minus midpoint objective,4,0.19135176144729435,0.20446676346926249,-0.013115002021968122,0.80859375,0.16015625,0.03125,-0.10242613617896312,0.0007871235238849916,0.07373100516685593,0.2602826530863651,0.9586904505844376
periodic_d1,Periodic 1D,broad,benefit: mean parental objective minus midpoint objective,5,0.17881224012430066,0.19864516428908807,-0.019832924164787387,0.828125,0.140625,0.03125,-0.05151682146989467,0.004210549570576427,0.06048643456099079,0.3047463367118815,0.8547769801530151
periodic_d1,Periodic 1D,broad,benefit: mean parental objective minus midpoint objective,6,0.1840388183392875,0.20627200344400898,-0.022233185104721477,0.86328125,0.10546875,0.03125,-0.07829712368987662,0.006514789895166739,0.08624439062665323,0.28235915053040395,0.831490079682566
periodic_d1,Periodic 1D,broad,benefit: mean parental objective minus midpoint objective,7,0.16419865505037318,0.22129945374180032,-0.05710079869142713,0.796875,0.171875,0.03125,-0.3381766759626508,0.0015931997314622137,0.07626326694493485,0.28332918991848355,0.9255263740176867
periodic_d1,Periodic 1D,broad,benefit: mean parental objective minus midpoint objective,8,0.16747833936431777,0.17025158404009896,-0.0027732446757811743,0.91015625,0.05859375,0.03125,-0.001483948081857589,0.00891319352554898,0.06683275128498767,0.22564852885737147,0.6750172902645563
periodic_d1,Periodic 1D,broad,benefit: mean parental objective minus midpoint objective,9,0.1698338363064513,0.1738875533270322,-0.004053717020580941,0.9140625,0.0546875,0.03125,-0.0005088489426332554,0.011171252489810324,0.07360685183631527,0.22684944237565313,0.7167684570729771
periodic_d1,Periodic 1D,broad,benefit: mean parental objective minus midpoint objective,10,0.12774732222968985,0.13655305051948338,-0.008805728289793528,0.8359375,0.1328125,0.03125,-0.09091918544125077,0.0030585328983006588,0.03807143141166591,0.1661399288835954,0.6743620564298016
periodic_d1,Periodic 1D,broad,benefit: mean parental objective minus midpoint objective,11,0.17971087115118556,0.1826015238918532,-0.002890652740667612,0.87109375,0.09765625,0.03125,-0.0226449952989074,0.0038815732275875314,0.04967663646984588,0.21933877847726374,0.8362106723343177
periodic_d1,Periodic 1D,broad,benefit: mean parental objective minus midpoint objective,12,0.18656445319598736,0.1866267972496273,-6.234405363997244e-05,0.9453125,0.0234375,0.03125,0.0,0.010514970439980897,0.0726602096938534,0.23573136898265445,0.7927176202580228
periodic_d1,Periodic 1D,broad,benefit: mean parental objective minus midpoint objective,13,0.191033924380913,0.19732372909509485,-0.006289804714181834,0.775390625,0.193359375,0.03125,-0.05498219191834797,0.0005156828086997356,0.04813835149970336,0.27051582489799386,0.8529805901379891
periodic_d1,Periodic 1D,broad,benefit: mean parental objective minus midpoint objective,14,0.035650166084622056,0.1230215117265753,-0.08737134564195324,0.787109375,0.181640625,0.03125,-0.8601258327857789,0.00047653682679926757,0.031532227400503154,0.14491434255827695,0.5969776658948531
periodic_d1,Periodic 1D,broad,benefit: mean parental objective minus midpoint objective,15,0.13687781968484672,0.17036676908776796,-0.03348894940292125,0.83984375,0.12890625,0.03125,-0.2139348575644544,0.002734925744183214,0.040494253622266885,0.23849877654785562,0.7158399218660692
periodic_d1,Periodic 1D,broad,benefit: mean parental objective minus midpoint objective,16,0.09473766957558483,0.12699643427304436,-0.03225876469745954,0.78515625,0.18359375,0.03125,-0.2629907955326689,0.00043751666908237175,0.04039405971314319,0.18154355438962122,0.5365371315861495
periodic_d1,Periodic 1D,broad,benefit: mean parental objective minus midpoint objective,17,0.15496960088318804,0.1593662328651662,-0.004396631981978159,0.861328125,0.107421875,0.03125,-0.026399447576208157,0.004994400621940842,0.05548702763039276,0.18702266947500545,0.811311162984405
periodic_d1,Periodic 1D,broad,benefit: mean parental objective minus midpoint objective,18,0.1713097938715064,0.17143301040184816,-0.00012321653034172344,0.939453125,0.029296875,0.03125,0.0,0.013121256493257849,0.07217772259725752,0.26972423911939813,0.6264970171352395
periodic_d1,Periodic 1D,broad,benefit: mean parental objective minus midpoint objective,19,0.21863984501192804,0.2382372767033386,-0.01959743169141056,0.837890625,0.130859375,0.03125,-0.2069863632928901,0.005964196242430275,0.07976109291842148,0.31488433394652493,1.0302895600954605
periodic_d1,Periodic 1D,broad,benefit: mean parental objective minus midpoint objective,20,0.2528329420061755,0.2571940192559679,-0.004361077249792403,0.818359375,0.150390625,0.03125,-0.030362944434829897,0.002751812308238677,0.06976827334180086,0.34532579650909034,1.156132391124071
periodic_d1,Periodic 1D,broad,benefit: mean parental objective minus midpoint objective,21,0.2196838293572252,0.2282908005113901,-0.008606971154164925,0.751953125,0.216796875,0.03125,-0.06812131171358482,4.4595336778918693e-07,0.036257685347996005,0.2563411247498926,1.0201218142920698
periodic_d1,Periodic 1D,broad,benefit: mean parental objective minus midpoint objective,22,0.09166616445901854,0.09659578007094208,-0.004929615611923545,0.861328125,0.107421875,0.03125,-0.02912221008028104,0.0034759591303370474,0.03622271520534692,0.13391029025161005,0.3588433287349012
periodic_d1,Periodic 1D,broad,benefit: mean parental objective minus midpoint objective,23,0.20029933221438379,0.22549357669700598,-0.025194244482622183,0.794921875,0.173828125,0.03125,-0.13498872338356205,0.0018447571918381866,0.05577456006043924,0.32767994579501386,0.9395479830483148
periodic_d1,Periodic 1D,broad,benefit: mean parental objective minus midpoint objective,24,0.29018978403580614,0.2923737610594893,-0.0021839770236831606,0.853515625,0.115234375,0.03125,-0.020578968772485773,0.005589741900415279,0.0925377146723596,0.4831160167768289,1.2441171220743843
periodic_d1,Periodic 1D,broad,benefit: mean parental objective minus midpoint objective,25,0.12985675487468457,0.13355752835643048,-0.0037007734817458816,0.8046875,0.1640625,0.03125,-0.029033276128082708,0.0021675641037877114,0.04092600588707851,0.16296456699175232,0.6412867065390305
periodic_d1,Periodic 1D,broad,benefit: mean parental objective minus midpoint objective,26,0.18165357411185995,0.18242182776407567,-0.0007682536522157259,0.892578125,0.076171875,0.03125,-0.0030549891990832023,0.006599559594875348,0.054356478322504065,0.25234231952604064,0.7244538573524963
periodic_d1,Periodic 1D,broad,benefit: mean parental objective minus midpoint objective,27,0.1803985002357819,0.20287134843379928,-0.02247284819801735,0.759765625,0.208984375,0.03125,-0.17912993064795257,0.00011410503693776164,0.06476584911499061,0.25930268213836155,1.0006074827500653
periodic_d1,Periodic 1D,broad,benefit: mean parental objective minus midpoint objective,28,0.16569151423471662,0.19008757953502722,-0.024396065300310604,0.787109375,0.181640625,0.03125,-0.08025743729026003,0.0009635748242237119,0.06838944299367317,0.2961715176434939,0.7429575773677132
periodic_d1,Periodic 1D,broad,benefit: mean parental objective minus midpoint objective,29,0.09960534552640955,0.1504692984744868,-0.05086395294807729,0.869140625,0.099609375,0.03125,-0.38844454934364614,0.0062741789894773525,0.05174863219652892,0.21022140576924753,0.63031900338567
periodic_d1,Periodic 1D,broad,benefit: mean parental objective minus midpoint objective,30,0.19576072670144457,0.2031765191368287,-0.0074157924353841255,0.80859375,0.16015625,0.03125,-0.0733232064800482,0.0017632013840729877,0.04778949429029522,0.2356867191489409,1.0195390126179755
periodic_d1,Periodic 1D,broad,benefit: mean parental objective minus midpoint objective,31,0.22668452983128629,0.2299456588121755,-0.003261128980889218,0.861328125,0.107421875,0.03125,-0.010715396333438099,0.012655875537848638,0.08515009433189763,0.2973444773832373,1.0600814829788974
periodic_d1,Periodic 1D,broad,benefit: mean parental objective minus midpoint objective,32,0.23378875440039745,0.24350171324490433,-0.009712958844506842,0.810546875,0.158203125,0.03125,-0.05804759333655074,0.0011931425625981706,0.05144831440525083,0.36337285171758615,1.0488904864415285
periodic_d1,Periodic 1D,broad,benefit: mean parental objective minus midpoint objective,33,0.2349913921739759,0.2386033043734185,-0.00361191219944259,0.912109375,0.056640625,0.03125,-0.0003244483497195638,0.007083984972797552,0.09578416683109903,0.3690014556495173,0.9194943204015115
periodic_d1,Periodic 1D,broad,benefit: mean parental objective minus midpoint objective,34,0.19392883795351973,0.2105880677356139,-0.016659229782094165,0.822265625,0.146484375,0.03125,-0.14600066024259473,0.0028010200576351063,0.08095833915239059,0.33525204422230803,0.8089127259578267
periodic_d1,Periodic 1D,broad,benefit: mean parental objective minus midpoint objective,35,0.14746926795876117,0.16030921198495238,-0.012839944026191229,0.783203125,0.185546875,0.03125,-0.10230288532866338,0.001034680564349022,0.05731013267192031,0.22610416456374427,0.7113458497495532
periodic_d1,Periodic 1D,broad,benefit: mean parental objective minus midpoint objective,36,0.170207533621487,0.17173902873901897,-0.0015314951175319927,0.892578125,0.076171875,0.03125,-0.009074907725350467,0.00785402178743011,0.056955107550107575,0.2244665879882582,0.8409670686112356
periodic_d1,Periodic 1D,broad,benefit: mean parental objective minus midpoint objective,37,0.19506072758291493,0.1964485656590682,-0.0013878380761532623,0.908203125,0.060546875,0.03125,-0.007664525019141166,0.00653303248642223,0.05413513488000338,0.3071356779047253,0.8225113684888551
periodic_d1,Periodic 1D,broad,benefit: mean parental objective minus midpoint objective,38,0.15853846814995348,0.17558468549085787,-0.01704621734090441,0.806640625,0.162109375,0.03125,-0.0501226805393038,0.003792654801861417,0.06297760248399698,0.24235411138456464,0.7698859638893274
periodic_d1,Periodic 1D,broad,benefit: mean parental objective minus midpoint objective,39,0.17645809684901972,0.21937441549050513,-0.04291631864148541,0.787109375,0.181640625,0.03125,-0.386885082489707,0.0007334086764834158,0.04488102947474337,0.36438868527669593,0.970479496012137
periodic_d1,Periodic 1D,broad,benefit: mean parental objective minus midpoint objective,40,0.20670499467282752,0.2303176373932759,-0.023612642720448364,0.85546875,0.11328125,0.03125,-0.21210295031300253,0.005384562248163416,0.0872241890542837,0.33555436383638054,0.9352566706246448
periodic_d1,Periodic 1D,broad,benefit: mean parental objective minus midpoint objective,41,0.14934819775751085,0.1508965164713173,-0.00154831871380644,0.830078125,0.138671875,0.03125,-0.012740626512329767,0.003875511455047609,0.05063028350176102,0.17412349268568855,0.7802767218723666
periodic_d1,Periodic 1D,broad,benefit: mean parental objective minus midpoint objective,42,0.23351039641591825,0.24851676851579185,-0.015006372099873669,0.76953125,0.19921875,0.03125,-0.1452831357897011,0.00023141195798315195,0.05113879898825513,0.32480540205429675,1.1562870461929085
periodic_d1,Periodic 1D,broad,benefit: mean parental objective minus midpoint objective,43,0.14745693793835057,0.15330144631710954,-0.005844508378758979,0.84375,0.125,0.03125,-0.05274158080635316,0.0030306331545473797,0.0359755618750493,0.18692805993525685,0.7041180537602941
periodic_d1,Periodic 1D,broad,benefit: mean parental objective minus midpoint objective,44,0.18060956552124946,0.1842686872472269,-0.0036591217259774444,0.890625,0.078125,0.03125,-0.005141535594882063,0.002697175843612065,0.04628702573234955,0.24901206924800295,0.791367818104236
periodic_d1,Periodic 1D,broad,benefit: mean parental objective minus midpoint objective,45,0.20093306748938577,0.20198041953048196,-0.0010473520410961825,0.8984375,0.0703125,0.03125,-0.005654828110224663,0.010074442321947541,0.08001113661228121,0.28894569429543276,0.8473974923615384
periodic_d1,Periodic 1D,broad,benefit: mean parental objective minus midpoint objective,46,0.24133084717426204,0.24735733990236403,-0.006026492728101996,0.861328125,0.107421875,0.03125,-0.02243321345041216,0.006205299643403106,0.09108063131263061,0.39335614017681353,0.8991572615817698
periodic_d1,Periodic 1D,broad,benefit: mean parental objective minus midpoint objective,47,0.14313179863404846,0.16672879930196866,-0.02359700066792024,0.806640625,0.162109375,0.03125,-0.2154981213072602,0.001716579514821126,0.050848553336030444,0.20831618241735061,0.7353389154465744
periodic_d1,Periodic 1D,broad,benefit: mean parental objective minus midpoint objective,48,0.1797757783011148,0.18984636766996837,-0.010070589368853581,0.84765625,0.12109375,0.03125,-0.0028154637825097417,0.003526978569730832,0.076991333852445,0.2315255326106922,0.8488344623182734
periodic_d1,Periodic 1D,broad,benefit: mean parental objective minus midpoint objective,49,0.1380706543612476,0.15258189314054366,-0.014511238779296025,0.828125,0.140625,0.03125,-0.1660249584049327,0.0021442644634664942,0.04700317413765387,0.21470611330120465,0.685568071680084
periodic_d1,Periodic 1D,broad,benefit: mean parental objective minus midpoint objective,50,0.15485721602862887,0.16196500276527537,-0.007107786736646488,0.865234375,0.103515625,0.03125,-0.010184295706404445,0.0025602859224868046,0.04666565101978093,0.2016500676915597,0.8333517118127561
periodic_d1,Periodic 1D,broad,benefit: mean parental objective minus midpoint objective,51,0.16040941143945037,0.16799077677604574,-0.007581365336595362,0.859375,0.109375,0.03125,-0.060914847672275174,0.003469190250755372,0.06470786700740594,0.2038086923194592,0.8096526557822145
periodic_d1,Periodic 1D,broad,benefit: mean parental objective minus midpoint objective,52,0.08871713683264404,0.106789604170175,-0.01807246733753095,0.751953125,0.216796875,0.03125,-0.11525759166143712,1.6275905395657375e-07,0.012650502990521728,0.13705136393164213,0.5297915453428356
periodic_d1,Periodic 1D,broad,benefit: mean parental objective minus midpoint objective,53,0.1602306588223621,0.1641033862344408,-0.0038727274120786757,0.861328125,0.107421875,0.03125,-0.02195653759220484,0.005538526366386187,0.059143130726087845,0.22566410161084682,0.7614930888088424
periodic_d1,Periodic 1D,broad,benefit: mean parental objective minus midpoint objective,54,0.17023444223768006,0.18086978816133753,-0.010635345923657443,0.796875,0.171875,0.03125,-0.08542083052052796,0.001645844703301369,0.07299178268499162,0.25611113322480283,0.7849608291408413
periodic_d1,Periodic 1D,broad,benefit: mean parental objective minus midpoint objective,55,0.043369985537641445,0.10309155661874447,-0.059721571081103035,0.798828125,0.169921875,0.03125,-0.4683033895933617,0.0012620457269343355,0.033032335756266906,0.14823360532749974,0.42013755280503706
periodic_d1,Periodic 1D,broad,benefit: mean parental objective minus midpoint objective,56,0.25938154734743596,0.2635317685447654,-0.004150221197329478,0.8515625,0.1171875,0.03125,-0.02442897315603898,0.008894463441949774,0.09759602333108369,0.3970446661370265,1.095278992311223
periodic_d1,Periodic 1D,broad,benefit: mean parental objective minus midpoint objective,57,0.20355367387043438,0.21402472034055042,-0.010471046470116045,0.865234375,0.103515625,0.03125,-0.08287253610693823,0.005971544245139737,0.08326139224889578,0.3257409329513577,0.8749303577395715
periodic_d1,Periodic 1D,broad,benefit: mean parental objective minus midpoint objective,58,0.23312969676091022,0.24430958758776197,-0.011179890826851748,0.84765625,0.12109375,0.03125,-0.0997950172742108,0.006233494861974775,0.10234734413877966,0.3679192899635968,1.002029797748874
periodic_d1,Periodic 1D,broad,benefit: mean parental objective minus midpoint objective,59,0.17800264848267439,0.19828582954395343,-0.020283181061279045,0.833984375,0.134765625,0.03125,-0.11619778022251381,0.0018546479860493958,0.05970400260563852,0.3009609171836906,0.8031118629996277
periodic_d1,Periodic 1D,broad,benefit: mean parental objective minus midpoint objective,60,0.16833328120157331,0.17345810771596626,-0.005124826514392932,0.8828125,0.0859375,0.03125,-0.06226855206281101,0.006756213004979972,0.07234188399787905,0.22067450596055938,0.7224044643609683
periodic_d1,Periodic 1D,broad,benefit: mean parental objective minus midpoint objective,61,0.1830700191722377,0.1837837009819491,-0.0007136818097114085,0.892578125,0.076171875,0.03125,-0.0006655645549853428,0.0052643762982386155,0.07607695317788848,0.2708375502160538,0.7770255472917066
periodic_d1,Periodic 1D,broad,benefit: mean parental objective minus midpoint objective,62,0.06254067506743245,0.11687448975381992,-0.05433381468638748,0.703125,0.265625,0.03125,-0.5673156664499779,-0.00021455578014473176,0.01700727076929376,0.21714796659791602,0.4784631308298608
periodic_d1,Periodic 1D,broad,benefit: mean parental objective minus midpoint objective,63,0.15329647110317812,0.15444023568740484,-0.0011437645842266942,0.9375,0.03125,0.03125,0.0,0.011133758154163731,0.06995357144288489,0.20172979828140664,0.5795606467657972
periodic_d1,Periodic 1D,broad,benefit: mean parental objective minus midpoint objective,64,0.1888956296020991,0.19101699297927593,-0.0021213633771768278,0.8515625,0.1171875,0.03125,-0.006652026929768962,0.005171031602023035,0.07792956830379322,0.2704554500439581,0.6840056903826329
periodic_d1,Periodic 1D,broad,benefit: mean parental objective minus midpoint objective,65,0.14470101251115808,0.14851448155973207,-0.0038134690485739945,0.861328125,0.107421875,0.03125,-0.027737853816351965,0.0028670206357035988,0.043488487615199634,0.2205740955921769,0.5731687291052516
periodic_d1,Periodic 1D,broad,benefit: mean parental objective minus midpoint objective,66,0.2449398847242123,0.24536588475658547,-0.0004260000323731694,0.8984375,0.0703125,0.03125,-0.0004958497828841946,0.009927019265842718,0.08547655633720896,0.3589615266286461,1.0357058525555756
periodic_d1,Periodic 1D,broad,benefit: mean parental objective minus midpoint objective,67,0.20994981700100665,0.21473805905606252,-0.004788242055055896,0.822265625,0.146484375,0.03125,-0.03327545244323615,0.003276994352434892,0.0931565295330763,0.27059383233518197,0.8776182841645433
periodic_d1,Periodic 1D,broad,benefit: mean parental objective minus midpoint objective,68,0.1538165125172133,0.15662245948086884,-0.0028059469636555743,0.87109375,0.09765625,0.03125,-0.03336193405418175,0.0036379636081840805,0.04874409388575418,0.21565992530679534,0.6542304152588595
periodic_d1,Periodic 1D,broad,benefit: mean parental objective minus midpoint objective,69,0.18990221056544257,0.20067890690630683,-0.010776696340864252,0.91015625,0.05859375,0.03125,-0.0010792725853348006,0.009820659154358757,0.0923921599862963,0.26876417355336274,0.7877995702262847
periodic_d1,Periodic 1D,broad,benefit: mean parental objective minus midpoint objective,70,0.21570904122330214,0.22084479197580964,-0.005135750752507517,0.83203125,0.13671875,0.03125,-0.02947193328603337,0.0009196461357182661,0.034679925478070306,0.2284653478608833,1.1525531678211078
periodic_d1,Periodic 1D,broad,benefit: mean parental objective minus midpoint objective,71,0.09847168032142256,0.10930236534603383,-0.010830685024611264,0.767578125,0.201171875,0.03125,-0.08951273545880722,3.7122982348702926e-05,0.03352333555549364,0.1722421075854677,0.48700440523565536
periodic_d1,Periodic 1D,broad,benefit: mean parental objective minus midpoint objective,72,0.18165543733119938,0.20182170288127996,-0.02016626555008057,0.82421875,0.14453125,0.03125,-0.1439275903560615,0.0019178309994362097,0.03828479214525471,0.22492232799630912,0.9840010917039652
periodic_d1,Periodic 1D,broad,benefit: mean parental objective minus midpoint objective,73,0.1120978706920574,0.11514408564316583,-0.0030462149511084305,0.873046875,0.095703125,0.03125,-0.03571904328918918,0.0037774855850535305,0.04702285166864395,0.1623185923851842,0.4865423881274129
periodic_d1,Periodic 1D,broad,benefit: mean parental objective minus midpoint objective,74,0.14890844174992368,0.150556232179727,-0.0016477904298033193,0.869140625,0.099609375,0.03125,-0.011127311703867937,0.004705064017928029,0.04710414210208913,0.19726637291901894,0.6535802517799155
periodic_d1,Periodic 1D,broad,benefit: mean parental objective minus midpoint objective,75,0.2155991732551329,0.21818449879993368,-0.002585325544800795,0.90234375,0.06640625,0.03125,-0.011061562844816075,0.013770182931566177,0.0892640913428342,0.3194034514257189,0.8824672602845923
periodic_d1,Periodic 1D,broad,benefit: mean parental objective minus midpoint objective,76,0.184593175435057,0.1854379506971966,-0.0008447752621396211,0.90234375,0.06640625,0.03125,-0.00327438406921865,0.004649520785080297,0.06835863362602224,0.27298907291739305,0.8013990922581598
periodic_d1,Periodic 1D,broad,benefit: mean parental objective minus midpoint objective,77,0.1398970643170313,0.15215994768913726,-0.012262883372105942,0.765625,0.203125,0.03125,-0.0870010584033103,0.00026143066927913905,0.042419570669437356,0.23101252367248803,0.6085072830400138
periodic_d1,Periodic 1D,broad,benefit: mean parental objective minus midpoint objective,78,0.17565056108295185,0.1778959951355401,-0.0022454340525882677,0.865234375,0.103515625,0.03125,-0.018268903813864812,0.004683780519703029,0.06203597863634147,0.20432319213832212,0.8456370029819138
periodic_d1,Periodic 1D,broad,benefit: mean parental objective minus midpoint objective,79,0.1395695422392755,0.1396293183575793,-5.977611830378267e-05,0.931640625,0.037109375,0.03125,0.0,0.008025288809847264,0.06350346810051127,0.1787722495406182,0.5471829546060553
periodic_d1,Periodic 1D,broad,benefit: mean parental objective minus midpoint objective,80,0.1209297042839016,0.137963457794042,-0.0170337535101404,0.73046875,0.23828125,0.03125,-0.1588974885028236,0.0,0.032074836555377795,0.14019704890512374,0.8038665151711513
periodic_d1,Periodic 1D,broad,benefit: mean parental objective minus midpoint objective,81,0.26813325808854493,0.28184287905590183,-0.013709620967356909,0.787109375,0.181640625,0.03125,-0.13297019771715402,0.0015039579391726288,0.08542565463750706,0.4383443094934218,1.198072268918314
periodic_d1,Periodic 1D,broad,benefit: mean parental objective minus midpoint objective,82,0.16003325855786465,0.17956455828104195,-0.019531299723177305,0.73046875,0.23828125,0.03125,-0.17046828633474975,0.0,0.06370008938922445,0.3154821678050084,0.6836404845149221
periodic_d1,Periodic 1D,broad,benefit: mean parental objective minus midpoint objective,83,0.11453087210928027,0.13855052876112606,-0.02401965665184578,0.859375,0.109375,0.03125,-0.15800861310454573,0.003657420806330247,0.05336760345286179,0.21248245278104821,0.5769108726288908
periodic_d1,Periodic 1D,broad,benefit: mean parental objective minus midpoint objective,84,0.23393697285543408,0.23521141011818636,-0.001274437262752276,0.8984375,0.0703125,0.03125,-0.009386717359755492,0.008355748441957633,0.109483725009277,0.28220176859974866,0.9795568033277569
periodic_d1,Periodic 1D,broad,benefit: mean parental objective minus midpoint objective,85,0.23095563738338631,0.2529534836450311,-0.0219978462616448,0.822265625,0.146484375,0.03125,-0.12842932932500362,0.0049487995174377075,0.09028886504441225,0.40217025515791616,1.0298982208604954
periodic_d1,Periodic 1D,broad,benefit: mean parental objective minus midpoint objective,86,0.21997252848241175,0.22415946812647702,-0.0041869396440652636,0.876953125,0.091796875,0.03125,-0.034262801481624194,0.007150764403173415,0.07985239101478786,0.27695573948191254,0.9137554246790973
periodic_d1,Periodic 1D,broad,benefit: mean parental objective minus midpoint objective,87,0.15174017346285779,0.16818630493833836,-0.016446131475480574,0.810546875,0.158203125,0.03125,-0.06759802767060963,0.0018956694976579591,0.07137527454606207,0.2602751833113528,0.7209413841136226
periodic_d1,Periodic 1D,broad,benefit: mean parental objective minus midpoint objective,88,0.1579737777900938,0.16061562241330765,-0.002641844623213839,0.892578125,0.076171875,0.03125,-0.008466264885850894,0.004851279926550045,0.059692490490796724,0.21810300577505742,0.5664089676004171
periodic_d1,Periodic 1D,broad,benefit: mean parental objective minus midpoint objective,89,0.23219668539419697,0.23953165412326716,-0.0073349687290702,0.865234375,0.103515625,0.03125,-0.032686349418010074,0.007654375710868133,0.09919334164462157,0.3800357627233446,0.903371518180799
periodic_d1,Periodic 1D,broad,benefit: mean parental objective minus midpoint objective,90,0.19986819973514164,0.2003332396955298,-0.000465039960388167,0.919921875,0.048828125,0.03125,0.0,0.014983036044995457,0.07936560180048835,0.24764084139432552,0.7689621631442383
periodic_d1,Periodic 1D,broad,benefit: mean parental objective minus midpoint objective,91,0.2174462928255934,0.22614043230149228,-0.008694139475898813,0.81640625,0.15234375,0.03125,-0.07787244124780357,0.0012590101374778673,0.06221795507116634,0.3091752716942459,0.9940174695532367
periodic_d1,Periodic 1D,broad,benefit: mean parental objective minus midpoint objective,92,0.1182942400807504,0.13488999935430018,-0.01659575927354981,0.806640625,0.162109375,0.03125,-0.07233524103799538,0.0008545324934570164,0.02612051354641176,0.15682009640462163,0.7027496199288674
periodic_d1,Periodic 1D,broad,benefit: mean parental objective minus midpoint objective,93,0.12164997524903305,0.1381945063074556,-0.016544531058422574,0.771484375,0.197265625,0.03125,-0.07645501720514303,0.00012310113832303404,0.03890403178542706,0.15589901252927674,0.5879855754171524
periodic_d1,Periodic 1D,broad,benefit: mean parental objective minus midpoint objective,94,0.21021725277728548,0.21162129527212947,-0.0014040424948439873,0.900390625,0.068359375,0.03125,-0.0014585935026465435,0.010081969837620053,0.10652172736364818,0.276639215866483,0.7802661442749061
periodic_d1,Periodic 1D,broad,benefit: mean parental objective minus midpoint objective,95,0.2675221915201407,0.27837523993656166,-0.01085304841642106,0.818359375,0.150390625,0.03125,-0.08398844821725238,0.0021929910481810477,0.08739091948254751,0.437735576138782,1.0357632897445774
periodic_d1,Periodic 1D,broad,benefit: mean parental objective minus midpoint objective,96,0.22665358852688625,0.24279547627907683,-0.016141887752190602,0.705078125,0.263671875,0.03125,-0.12679328944129198,-3.973886828267936e-05,0.03935816099953887,0.29444334863992816,1.313291749578743
periodic_d1,Periodic 1D,broad,benefit: mean parental objective minus midpoint objective,97,0.18046209436160596,0.1860912411482163,-0.005629146786610372,0.861328125,0.107421875,0.03125,-0.01945661528309106,0.005282765099834996,0.08657414665113372,0.2989936038040881,0.6698213708272445
periodic_d1,Periodic 1D,broad,benefit: mean parental objective minus midpoint objective,98,0.253214414576179,0.2623867637888221,-0.009172349212643052,0.7578125,0.2109375,0.03125,-0.05372769579392056,2.24563293686475e-05,0.06374964499273283,0.3847026521803616,1.130900545865845
periodic_d1,Periodic 1D,broad,benefit: mean parental objective minus midpoint objective,99,0.10639348717710281,0.12763720927871058,-0.021243722101607736,0.873046875,0.095703125,0.03125,-0.22858159869696992,0.0020073279347537776,0.057379307037441485,0.1554735223474321,0.5813045798518666
periodic_d1,Periodic 1D,broad,benefit: mean parental objective minus midpoint objective,100,0.20695844764823496,0.21253630798177703,-0.005577860333542097,0.78125,0.1875,0.03125,-0.053717973120266604,0.0004107495813301387,0.051109453100582736,0.2965392988999904,0.9469797970704483
periodic_d1,Periodic 1D,broad,benefit: mean parental objective minus midpoint objective,101,0.1268340333270036,0.14516121267481985,-0.018327179347816233,0.80859375,0.16015625,0.03125,-0.12332527050939746,0.0009411237610311707,0.04378586427064801,0.18783886901157554,0.6060161718772824
periodic_d1,Periodic 1D,broad,benefit: mean parental objective minus midpoint objective,102,0.2887938606525243,0.3046034775586417,-0.015809616906117385,0.77734375,0.19140625,0.03125,-0.14476549590219978,0.0004556398695078623,0.08703784828976857,0.4996680456568626,1.1475637696502203
periodic_d1,Periodic 1D,broad,benefit: mean parental objective minus midpoint objective,103,0.17793080834482944,0.19632139473287719,-0.01839058638804775,0.84765625,0.12109375,0.03125,-0.05801341291906037,0.0034274459421400616,0.05546997102486828,0.2638098651024032,0.8465521380769693
periodic_d1,Periodic 1D,broad,benefit: mean parental objective minus midpoint objective,104,0.09749125220820765,0.10591695216411728,-0.008425699955909634,0.8125,0.15625,0.03125,-0.07782643697412528,0.0009102676678507393,0.029208756635779876,0.1086667126671883,0.4357712679916118
periodic_d1,Periodic 1D,broad,benefit: mean parental objective minus midpoint objective,105,0.14058669777557598,0.14912084145927504,-0.00853414368369905,0.828125,0.140625,0.03125,-0.04504401905944233,0.002103350656914693,0.04367019795153343,0.1850219151683744,0.7459597510665772
periodic_d1,Periodic 1D,broad,benefit: mean parental objective minus midpoint objective,106,0.13574216557069863,0.18985496218277398,-0.05411279661207533,0.865234375,0.103515625,0.03125,-0.5921989986128317,0.005799233849593466,0.07427678458554576,0.26388591680533385,0.7691357736665522
periodic_d1,Periodic 1D,broad,benefit: mean parental objective minus midpoint objective,107,0.13941605248125655,0.2070643285191656,-0.06764827603790903,0.779296875,0.189453125,0.03125,-0.3428996811769994,0.0004258717071878304,0.03652609989255484,0.3410247448637261,0.8574881804337761
periodic_d1,Periodic 1D,broad,benefit: mean parental objective minus midpoint objective,108,0.12967139145589007,0.15096189482666067,-0.021290503370770594,0.8359375,0.1328125,0.03125,-0.23648476178258204,0.002327494692760723,0.052913211978033114,0.19457340134647583,0.6995447312740974
periodic_d1,Periodic 1D,broad,benefit: mean parental objective minus midpoint objective,109,0.18106773492519612,0.1829240680083731,-0.0018563330831770065,0.908203125,0.060546875,0.03125,-0.0027760625493309377,0.01193539719421255,0.07617190025054627,0.2221977566053117,0.70041759021744
periodic_d1,Periodic 1D,broad,benefit: mean parental objective minus midpoint objective,110,0.09720459665522649,0.12873955100791762,-0.0315349543526911,0.822265625,0.146484375,0.03125,-0.24157914615391252,0.0015684118933614322,0.04941909883244011,0.16057240213555551,0.5400252505403123
periodic_d1,Periodic 1D,broad,benefit: mean parental objective minus midpoint objective,111,0.1548000341620403,0.19418889124322616,-0.03938885708118586,0.75,0.21875,0.03125,-0.27241461447007254,0.0,0.06077984940286274,0.22688527942355718,0.928484396363985
periodic_d1,Periodic 1D,broad,benefit: mean parental objective minus midpoint objective,112,0.19642814397835473,0.1993768270813055,-0.002948683102950778,0.859375,0.109375,0.03125,-0.016725215401751203,0.008539875562006971,0.07007515132024289,0.28343748074318464,0.7804331268776518
periodic_d1,Periodic 1D,broad,benefit: mean parental objective minus midpoint objective,113,0.17156756549593055,0.17310191408763193,-0.001534348591701365,0.91796875,0.05078125,0.03125,-0.00013562904254316166,0.01078480516794067,0.07592186299437753,0.2376313190316537,0.6854495591703972
periodic_d1,Periodic 1D,broad,benefit: mean parental objective minus midpoint objective,114,0.11144261188389948,0.13035194225818575,-0.01890933037428625,0.814453125,0.154296875,0.03125,-0.18811721615198085,0.001583294791245471,0.04095757707781711,0.16473030242682069,0.5369267338897111
periodic_d1,Periodic 1D,broad,benefit: mean parental objective minus midpoint objective,115,0.14253645095300688,0.17257560564867638,-0.030039154695669507,0.75390625,0.21484375,0.03125,-0.28228016728868344,6.63523244004427e-06,0.026209230724285937,0.2671364275337748,0.7503105587050531
periodic_d1,Periodic 1D,broad,benefit: mean parental objective minus midpoint objective,116,0.1277407020600646,0.1734544693739581,-0.04571376731389347,0.802734375,0.166015625,0.03125,-0.358018075886708,0.0018908527154211097,0.04201923319358236,0.21905499236981935,0.8827887118457436
periodic_d1,Periodic 1D,broad,benefit: mean parental objective minus midpoint objective,117,0.08698215194799011,0.10844776805436804,-0.02146561610637793,0.818359375,0.150390625,0.03125,-0.22460657120432392,0.002251725756462819,0.03781295406955054,0.1435791567648666,0.47298025236864016
periodic_d1,Periodic 1D,broad,benefit: mean parental objective minus midpoint objective,118,0.21306675852411316,0.25039906874463286,-0.037332310220519666,0.837890625,0.130859375,0.03125,-0.23041516855983324,0.007274703895828405,0.09560072880674675,0.4033850392039801,0.966870876200397
periodic_d1,Periodic 1D,broad,benefit: mean parental objective minus midpoint objective,119,0.3168783511666068,0.3357427854459669,-0.018864434279360125,0.755859375,0.212890625,0.03125,-0.1359136020296261,7.893587402008073e-05,0.11050375134388779,0.5382357379153535,1.3736221005034663
periodic_d1,Periodic 1D,broad,benefit: mean parental objective minus midpoint objective,120,0.21593899471237626,0.22504234080772229,-0.009103346095346038,0.798828125,0.169921875,0.03125,-0.02927146682827164,0.0022421037704184466,0.07489146242867628,0.29656014808548226,0.9553876069148777
periodic_d1,Periodic 1D,broad,benefit: mean parental objective minus midpoint objective,121,0.12898141025350315,0.14607068181821375,-0.01708927156471058,0.845703125,0.123046875,0.03125,-0.06048451113240838,0.004226654124995677,0.07017837254823445,0.16893513013888783,0.5736091368586901
periodic_d1,Periodic 1D,broad,benefit: mean parental objective minus midpoint objective,122,0.20403614183790592,0.20535703587301526,-0.0013208940351093616,0.876953125,0.091796875,0.03125,-0.005505320928344215,0.009131526758026587,0.07694333888184351,0.26110657822201355,0.9310905602131876
periodic_d1,Periodic 1D,broad,benefit: mean parental objective minus midpoint objective,123,0.16646351006926013,0.17454631310396135,-0.008082803034701195,0.759765625,0.208984375,0.03125,-0.05838117570183021,0.00011142636678196371,0.05090727154283259,0.2017395266750629,0.8601573791184883
periodic_d1,Periodic 1D,broad,benefit: mean parental objective minus midpoint objective,124,0.08237346118959492,0.14517224718342037,-0.06279878599382545,0.814453125,0.154296875,0.03125,-0.7422294340140723,0.0022445746709734427,0.06603951104948219,0.18592657802234241,0.6738624643107118
periodic_d1,Periodic 1D,broad,benefit: mean parental objective minus midpoint objective,125,0.30880664343702857,0.313444084723249,-0.004637441286220345,0.81640625,0.15234375,0.03125,-0.027093485303985254,0.0019446380910496108,0.14194151339700278,0.5336269918760227,1.185105325090988
periodic_d1,Periodic 1D,broad,benefit: mean parental objective minus midpoint objective,126,0.20072548800995543,0.2008909113760296,-0.00016542336607417102,0.919921875,0.048828125,0.03125,0.0,0.01415483595052286,0.09524967089144976,0.27771367386220724,0.8217463664809477
periodic_d1,Periodic 1D,broad,benefit: mean parental objective minus midpoint objective,127,0.1462560381926412,0.18772647568708847,-0.041470437494447274,0.74609375,0.22265625,0.03125,-0.3425096816169291,0.0,0.04702032072474782,0.2179254978446158,0.8754508855141376
periodic_d1,Periodic 1D,clustered,benefit: mean parental objective minus midpoint objective,0,0.2401885149959976,0.2401885149959976,0.0,0.96875,0.0,0.03125,2.2505434335018393e-06,0.0004979559338165185,0.006921779849133836,0.4820803629651569,0.5463176942161979
periodic_d1,Periodic 1D,clustered,benefit: mean parental objective minus midpoint objective,1,0.24009265882217273,0.24009265882217273,0.0,0.96875,0.0,0.03125,6.769756173419239e-07,0.00033343096427773666,0.005214439377410285,0.47717845905993345,0.5348384416851725
periodic_d1,Periodic 1D,clustered,benefit: mean parental objective minus midpoint objective,2,0.21251513601513178,0.21251513601513178,0.0,0.96875,0.0,0.03125,2.552412744549759e-06,0.0009355282773413909,0.00872130694476686,0.43410174154957387,0.5240965733865354
periodic_d1,Periodic 1D,clustered,benefit: mean parental objective minus midpoint objective,3,0.23089448566213897,0.23089448566213897,0.0,0.96875,0.0,0.03125,4.596168114212595e-06,0.00032512971936332624,0.0058519084104772245,0.45578795914282283,0.5290362793434981
periodic_d1,Periodic 1D,clustered,benefit: mean parental objective minus midpoint objective,4,0.2217899641746502,0.2217899641746502,0.0,0.96875,0.0,0.03125,5.53823198123915e-06,0.00034598978460786967,0.0050296592950223595,0.4604324793931871,0.5153155994752305
periodic_d1,Periodic 1D,clustered,benefit: mean parental objective minus midpoint objective,5,0.2162045474238697,0.2162045474238697,0.0,0.96875,0.0,0.03125,2.6173932813899903e-06,0.0005415156790047893,0.004325342519245379,0.44871564518008783,0.5403601774674419
periodic_d1,Periodic 1D,clustered,benefit: mean parental objective minus midpoint objective,6,0.23226947234724452,0.23226947234724452,0.0,0.96875,0.0,0.03125,2.2758554450441615e-06,0.00047952334079259806,0.004611603586652802,0.46745288064551416,0.5426980804422112
periodic_d1,Periodic 1D,clustered,benefit: mean parental objective minus midpoint objective,7,0.2425579665101812,0.2425579665101812,0.0,0.96875,0.0,0.03125,2.5088496392600135e-06,0.00030129867187889126,0.005521624112689971,0.4880563451972586,0.5641352050730436
periodic_d1,Periodic 1D,clustered,benefit: mean parental objective minus midpoint objective,8,0.21639334295279977,0.21639334295279977,0.0,0.96875,0.0,0.03125,4.385718116228787e-06,0.00043312105790782596,0.0046100940431716975,0.46199744911607,0.5326857624553439
periodic_d1,Periodic 1D,clustered,benefit: mean parental objective minus midpoint objective,9,0.2225768508538905,0.2225768508538905,0.0,0.96875,0.0,0.03125,4.140158516685588e-06,0.00044419811336160464,0.003761385210960866,0.462494036952195,0.5435603117585049
periodic_d1,Periodic 1D,clustered,benefit: mean parental objective minus midpoint objective,10,0.2288184818757922,0.2288184818757922,0.0,0.96875,0.0,0.03125,4.624020372323567e-06,0.00037548016945682106,0.003380402322232301,0.4818050302827819,0.5521321379860178
periodic_d1,Periodic 1D,clustered,benefit: mean parental objective minus midpoint objective,11,0.22951676662764042,0.22951676662764042,0.0,0.96875,0.0,0.03125,5.762963540822952e-06,0.0005684494367073079,0.006427383502311312,0.4704000436659615,0.5512345733402715
periodic_d1,Periodic 1D,clustered,benefit: mean parental objective minus midpoint objective,12,0.22806674125970927,0.22806674125970927,0.0,0.96875,0.0,0.03125,1.1204721261925954e-06,0.00039316181343634904,0.009504767039507589,0.45031580299125906,0.518778745229899
periodic_d1,Periodic 1D,clustered,benefit: mean parental objective minus midpoint objective,13,0.2163912608244511,0.2163912608244511,0.0,0.96875,0.0,0.03125,5.061127719474534e-06,0.0006025260586389192,0.009019489513706791,0.4316983100768175,0.5116659411778519
periodic_d1,Periodic 1D,clustered,benefit: mean parental objective minus midpoint objective,14,0.23991823357279038,0.23991823357279038,0.0,0.96875,0.0,0.03125,4.17060327623231e-06,0.00047039888202293767,0.010805495890024719,0.48970262976331613,0.5534801223881618
periodic_d1,Periodic 1D,clustered,benefit: mean parental objective minus midpoint objective,15,0.23225360349538776,0.23225360349538776,0.0,0.96875,0.0,0.03125,7.709048605031299e-06,0.0006964038256785932,0.009307611535320004,0.4642250915217298,0.5539855241548751
periodic_d1,Periodic 1D,clustered,benefit: mean parental objective minus midpoint objective,16,0.21392992207691788,0.21392992207691788,0.0,0.96875,0.0,0.03125,4.759120367237024e-06,0.0007287848432152577,0.007235166420352712,0.43162459691536464,0.5243008226058671
periodic_d1,Periodic 1D,clustered,benefit: mean parental objective minus midpoint objective,17,0.22088120509678028,0.22088120509678028,0.0,0.96875,0.0,0.03125,9.824813246850361e-07,0.0004434531344025827,0.005334127128241217,0.4491360088714964,0.514788265976888
periodic_d1,Periodic 1D,clustered,benefit: mean parental objective minus midpoint objective,18,0.2452709215180267,0.2452709215180267,0.0,0.96875,0.0,0.03125,2.9019067058211334e-06,0.0005921326250760695,0.009739293782866032,0.48758429306407275,0.5723728417076023
periodic_d1,Periodic 1D,clustered,benefit: mean parental objective minus midpoint objective,19,0.22409686449620947,0.22409686449620947,0.0,0.96875,0.0,0.03125,7.168410570190797e-06,0.0008497469312183648,0.009103979047844546,0.4503168520706508,0.5412029830384355
periodic_d1,Periodic 1D,clustered,benefit: mean parental objective minus midpoint objective,20,0.22502698522398662,0.22502698522398662,0.0,0.96875,0.0,0.03125,7.620951988640545e-06,0.0007659322954296499,0.010551649641836525,0.44582166011072316,0.5370704419333556
periodic_d1,Periodic 1D,clustered,benefit: mean parental objective minus midpoint objective,21,0.2066584838399779,0.2066584838399779,0.0,0.96875,0.0,0.03125,1.7780974655989823e-06,0.00025829946164690476,0.004374359650650472,0.43972639663887736,0.4896788548450145
periodic_d1,Periodic 1D,clustered,benefit: mean parental objective minus midpoint objective,22,0.1642774658668682,0.1642774658668682,0.0,0.96875,0.0,0.03125,1.0419127881022838e-06,0.0002462408420266238,0.0017071196367012265,0.4375548751754486,0.5448416901552102
periodic_d1,Periodic 1D,clustered,benefit: mean parental objective minus midpoint objective,23,0.2349418276007336,0.2349418276007336,0.0,0.96875,0.0,0.03125,2.9517222343566907e-06,0.0010038987744896977,0.01802769784740299,0.4642263810721097,0.5582590927147776
periodic_d1,Periodic 1D,clustered,benefit: mean parental objective minus midpoint objective,24,0.22151203623000507,0.22151203623000507,0.0,0.96875,0.0,0.03125,3.459187467580449e-06,0.0004396679429539141,0.005904222693394134,0.4437369649996837,0.5093505499055204
periodic_d1,Periodic 1D,clustered,benefit: mean parental objective minus midpoint objective,25,0.22682450549745345,0.22682450549745345,0.0,0.96875,0.0,0.03125,8.450102829238304e-06,0.00041713196766185456,0.0046943976270037435,0.4641413179680872,0.537438721126508
periodic_d1,Periodic 1D,clustered,benefit: mean parental objective minus midpoint objective,26,0.2279878993331196,0.2279878993331196,0.0,0.96875,0.0,0.03125,4.090917048060749e-06,0.0006592328324176999,0.01576180116729814,0.45811808779973273,0.532120803895723
periodic_d1,Periodic 1D,clustered,benefit: mean parental objective minus midpoint objective,27,0.2279151276555191,0.2279151276555191,0.0,0.96875,0.0,0.03125,1.1505032612213473e-05,0.0005345466053360837,0.006523645932172639,0.4599308251841086,0.5369473977984921
periodic_d1,Periodic 1D,clustered,benefit: mean parental objective minus midpoint objective,28,0.2313166235319131,0.2313166235319131,0.0,0.96875,0.0,0.03125,2.4769952904901693e-06,0.00041142146734496343,0.004235869361159328,0.4741781794245933,0.5528989577916503
periodic_d1,Periodic 1D,clustered,benefit: mean parental objective minus midpoint objective,29,0.2160002519626213,0.2160002519626213,0.0,0.96875,0.0,0.03125,3.0362455235022345e-06,0.0005622595811175524,0.008191171646282913,0.44185320071453665,0.526175745086567
periodic_d1,Periodic 1D,clustered,benefit: mean parental objective minus midpoint objective,30,0.21071727970655302,0.21071727970655302,0.0,0.96875,0.0,0.03125,4.86850550796003e-06,0.0007309163837386223,0.007408512537814049,0.42375287502304804,0.5075514130948219
periodic_d1,Periodic 1D,clustered,benefit: mean parental objective minus midpoint objective,31,0.2355420477296415,0.2355420477296415,0.0,0.96875,0.0,0.03125,8.196010284899913e-06,0.0006784654161006709,0.011110087020279713,0.46237805297384155,0.5656375100521182
periodic_d1,Periodic 1D,clustered,benefit: mean parental objective minus midpoint objective,32,0.22254542592837048,0.22254542592837048,0.0,0.96875,0.0,0.03125,4.374486383906806e-06,0.0005314391257499884,0.006157859098126939,0.44731727464122456,0.5138992736247288
periodic_d1,Periodic 1D,clustered,benefit: mean parental objective minus midpoint objective,33,0.2343144753091429,0.2343144753091429,0.0,0.96875,0.0,0.03125,6.968369380022654e-06,0.0006130847962687591,0.007835671295493896,0.46449410887725384,0.547891065830626
periodic_d1,Periodic 1D,clustered,benefit: mean parental objective minus midpoint objective,34,0.2393390730496185,0.2393390730496185,0.0,0.96875,0.0,0.03125,8.670777183583667e-06,0.0007691855868111608,0.01145272751696269,0.4746251678023208,0.5683548851880024
periodic_d1,Periodic 1D,clustered,benefit: mean parental objective minus midpoint objective,35,0.23333653065468546,0.23333653065468546,0.0,0.96875,0.0,0.03125,2.204621573298482e-06,0.0007189004909796681,0.008140444920538115,0.46789190719600415,0.5564260582430278
periodic_d1,Periodic 1D,clustered,benefit: mean parental objective minus midpoint objective,36,0.23750465511025182,0.23750465511025182,0.0,0.96875,0.0,0.03125,2.542613961542539e-06,0.0003726354247950425,0.004250652250149423,0.47474640557797715,0.552833795350988
periodic_d1,Periodic 1D,clustered,benefit: mean parental objective minus midpoint objective,37,0.22291569524685717,0.22291569524685717,0.0,0.96875,0.0,0.03125,4.807774626636174e-06,0.0005610258662308021,0.010659133921093356,0.4550080799014489,0.5394527906684153
periodic_d1,Periodic 1D,clustered,benefit: mean parental objective minus midpoint objective,38,0.21531486633868188,0.21531486633868188,0.0,0.96875,0.0,0.03125,3.2489984400640992e-06,0.0003947120250715752,0.003523872995237376,0.4695895018776119,0.5655446455514282
periodic_d1,Periodic 1D,clustered,benefit: mean parental objective minus midpoint objective,39,0.21774036149858214,0.21774036149858214,0.0,0.96875,0.0,0.03125,2.3550754934542617e-06,0.00047096190727213827,0.004491304327801204,0.45274434153461895,0.5390376468246617
periodic_d1,Periodic 1D,clustered,benefit: mean parental objective minus midpoint objective,40,0.22179107684511584,0.22179107684511584,0.0,0.96875,0.0,0.03125,4.557122257942137e-06,0.0007508038814330042,0.009732627201439803,0.4508968957820485,0.5262015283228765
periodic_d1,Periodic 1D,clustered,benefit: mean parental objective minus midpoint objective,41,0.22669214777336866,0.22669214777336866,0.0,0.96875,0.0,0.03125,5.6051866703099584e-06,0.0007072643423368663,0.014551973755837666,0.44856099886641937,0.5382705321459714
periodic_d1,Periodic 1D,clustered,benefit: mean parental objective minus midpoint objective,42,0.2208795451933827,0.2208795451933827,0.0,0.96875,0.0,0.03125,7.518719966403964e-06,0.0008266370281132529,0.014940003825905435,0.4397756368440756,0.521770643721275
periodic_d1,Periodic 1D,clustered,benefit: mean parental objective minus midpoint objective,43,0.18190657792090814,0.18190657792090814,0.0,0.96875,0.0,0.03125,2.7590669019472713e-06,0.00023166217068515405,0.0015555279307097325,0.4635960482851849,0.5381706534517162
periodic_d1,Periodic 1D,clustered,benefit: mean parental objective minus midpoint objective,44,0.22745230912518516,0.22745230912518516,0.0,0.96875,0.0,0.03125,3.931996165607021e-06,0.0002716350308030191,0.004056564450567346,0.45145215929429927,0.5073181983153499
periodic_d1,Periodic 1D,clustered,benefit: mean parental objective minus midpoint objective,45,0.22240757915271583,0.22240757915271583,0.0,0.96875,0.0,0.03125,1.2098321598985606e-06,0.00037147248495672525,0.010826483700395018,0.44313038115552633,0.5242519826540577
periodic_d1,Periodic 1D,clustered,benefit: mean parental objective minus midpoint objective,46,0.23351439222684328,0.23351439222684328,0.0,0.96875,0.0,0.03125,1.944534639974904e-06,0.0003046131712201583,0.004691965403819387,0.46800561544063607,0.523531524736553
periodic_d1,Periodic 1D,clustered,benefit: mean parental objective minus midpoint objective,47,0.21970627766088102,0.21970627766088102,0.0,0.96875,0.0,0.03125,1.0136798533788571e-05,0.0007431401428828477,0.019668016634129093,0.4357176249374909,0.520369302787014
periodic_d1,Periodic 1D,clustered,benefit: mean parental objective minus midpoint objective,48,0.2244949931962969,0.2244949931962969,0.0,0.96875,0.0,0.03125,5.068750068393246e-06,0.0008561210381370921,0.010108692009047737,0.44420664914762464,0.5405381088628635
periodic_d1,Periodic 1D,clustered,benefit: mean parental objective minus midpoint objective,49,0.23272113763669028,0.23272113763669028,0.0,0.96875,0.0,0.03125,4.754066318501948e-06,0.00043847778872418974,0.0037258348596431734,0.474568950935576,0.5488399631125742
periodic_d1,Periodic 1D,clustered,benefit: mean parental objective minus midpoint objective,50,0.21989143415759999,0.21989143415759999,0.0,0.96875,0.0,0.03125,1.5850159351127324e-06,0.00040805255074449764,0.004111609905885105,0.4653533697656428,0.5309584308073952
periodic_d1,Periodic 1D,clustered,benefit: mean parental objective minus midpoint objective,51,0.22755978720804834,0.22755978720804834,0.0,0.96875,0.0,0.03125,2.5838415915746538e-06,0.00047888005025908953,0.007041035047042565,0.45184352895271324,0.5227111605318288
periodic_d1,Periodic 1D,clustered,benefit: mean parental objective minus midpoint objective,52,0.23748130372200307,0.23748130372200307,0.0,0.96875,0.0,0.03125,2.5141843152942656e-06,0.00044828117943018775,0.009713040477424939,0.4727693813594832,0.5447610034216809
periodic_d1,Periodic 1D,clustered,benefit: mean parental objective minus midpoint objective,53,0.22406901120565398,0.22406901120565398,0.0,0.96875,0.0,0.03125,4.743765709191994e-06,0.00044177292854780115,0.004675290139080357,0.4499700558013393,0.5180675308226076
periodic_d1,Periodic 1D,clustered,benefit: mean parental objective minus midpoint objective,54,0.2114471999217846,0.2114471999217846,0.0,0.96875,0.0,0.03125,8.844941565777642e-06,0.0005572100966342308,0.005722669051432705,0.4364216485799243,0.5102638362943439
periodic_d1,Periodic 1D,clustered,benefit: mean parental objective minus midpoint objective,55,0.2268940813944602,0.2268940813944602,0.0,0.96875,0.0,0.03125,1.8554195936326678e-06,0.0002880099224228938,0.002674126934271881,0.4684438781058773,0.5214155215805897
periodic_d1,Periodic 1D,clustered,benefit: mean parental objective minus midpoint objective,56,0.2244509821828031,0.2244509821828031,0.0,0.96875,0.0,0.03125,9.021834058764444e-06,0.0008852275973726398,0.010355853961914852,0.46305780276367553,0.5555304045379901
periodic_d1,Periodic 1D,clustered,benefit: mean parental objective minus midpoint objective,57,0.19469676696661586,0.19469676696661586,0.0,0.96875,0.0,0.03125,1.2633481564772175e-06,0.00019489345356182852,0.001687892931878543,0.4235124438886271,0.486158012260119
periodic_d1,Periodic 1D,clustered,benefit: mean parental objective minus midpoint objective,58,0.22219090155279234,0.22219090155279234,0.0,0.96875,0.0,0.03125,8.673551777915733e-06,0.0008657282189568072,0.011587616074279605,0.4369527612755779,0.5455718100395467
periodic_d1,Periodic 1D,clustered,benefit: mean parental objective minus midpoint objective,59,0.21831657404750335,0.21831657404750335,0.0,0.96875,0.0,0.03125,1.182374089470084e-06,0.0003432678258058486,0.0030490021611955798,0.46054872305380584,0.5289667425618859
periodic_d1,Periodic 1D,clustered,benefit: mean parental objective minus midpoint objective,60,0.2337597690581702,0.2337597690581702,0.0,0.96875,0.0,0.03125,4.436480408265275e-06,0.0004760224934044488,0.006047209768564432,0.4735545256676289,0.5412052015776072
periodic_d1,Periodic 1D,clustered,benefit: mean parental objective minus midpoint objective,61,0.22437070048439167,0.22437070048439167,0.0,0.96875,0.0,0.03125,3.969451016105907e-06,0.0007766560975720482,0.009377136653168361,0.4518255001091303,0.546427145088503
periodic_d1,Periodic 1D,clustered,benefit: mean parental objective minus midpoint objective,62,0.18860547200305078,0.18860547200305078,0.0,0.96875,0.0,0.03125,4.798545505058094e-06,0.000301957665749919,0.002588957564336747,0.42218021396707134,0.49417958526344674
periodic_d1,Periodic 1D,clustered,benefit: mean parental objective minus midpoint objective,63,0.23052390921494037,0.23052390921494037,0.0,0.96875,0.0,0.03125,6.094378119048116e-06,0.000650649564958361,0.010212871358946773,0.4640650359617243,0.5535037254435494
periodic_d1,Periodic 1D,clustered,benefit: mean parental objective minus midpoint objective,64,0.22404840054300262,0.22404840054300262,0.0,0.96875,0.0,0.03125,3.678085879310622e-06,0.0003405928719001361,0.003970206386568587,0.45882509531074256,0.5235234630434523
periodic_d1,Periodic 1D,clustered,benefit: mean parental objective minus midpoint objective,65,0.22382579765628696,0.22382579765628696,0.0,0.96875,0.0,0.03125,5.247164533594972e-06,0.000435330373615761,0.004145229979662435,0.45704242114631144,0.532843628392435
periodic_d1,Periodic 1D,clustered,benefit: mean parental objective minus midpoint objective,66,0.2195627843973467,0.2195627843973467,0.0,0.96875,0.0,0.03125,2.2304927981275924e-06,0.0006419967801635229,0.009558239811588154,0.4466563207892372,0.519554073630936
periodic_d1,Periodic 1D,clustered,benefit: mean parental objective minus midpoint objective,67,0.22711922893217068,0.22711922893217068,0.0,0.96875,0.0,0.03125,6.852971221160686e-06,0.0008327860712146196,0.009226863244369554,0.45133431764823495,0.5408101967658238
periodic_d1,Periodic 1D,clustered,benefit: mean parental objective minus midpoint objective,68,0.22342139440914843,0.22342139440914843,0.0,0.96875,0.0,0.03125,5.004141625686298e-06,0.0005189031061959004,0.010033326185065028,0.4454863456488288,0.5222380887587754
periodic_d1,Periodic 1D,clustered,benefit: mean parental objective minus midpoint objective,69,0.22364125186206157,0.22364125186206157,0.0,0.96875,0.0,0.03125,6.93128603240778e-06,0.0004939412495231221,0.00905238734927244,0.441029995977931,0.5163249747597851
periodic_d1,Periodic 1D,clustered,benefit: mean parental objective minus midpoint objective,70,0.23434719186753006,0.23434719186753006,0.0,0.96875,0.0,0.03125,8.58455072660913e-06,0.0004512432534555799,0.008708901061050545,0.47012345259445726,0.5386317554420337
periodic_d1,Periodic 1D,clustered,benefit: mean parental objective minus midpoint objective,71,0.20898893073009428,0.20898893073009428,0.0,0.96875,0.0,0.03125,1.996580971663775e-06,0.00044941398177861247,0.003813657135856685,0.44137896650139063,0.514908981948732
periodic_d1,Periodic 1D,clustered,benefit: mean parental objective minus midpoint objective,72,0.220454716573804,0.220454716573804,0.0,0.96875,0.0,0.03125,1.3428565469819631e-05,0.0005850892166705535,0.00800698469175709,0.4440846802075233,0.5227772498942848
periodic_d1,Periodic 1D,clustered,benefit: mean parental objective minus midpoint objective,73,0.22500869329551493,0.22500869329551493,0.0,0.96875,0.0,0.03125,1.5926263596255374e-06,0.0004376971588262446,0.004891642145079755,0.4690028851539746,0.5494783969592976
periodic_d1,Periodic 1D,clustered,benefit: mean parental objective minus midpoint objective,74,0.24441004609655304,0.24441004609655304,0.0,0.96875,0.0,0.03125,9.491571543729371e-07,0.0005990047761603723,0.01320481381024774,0.4881978023589645,0.5811392383408641
periodic_d1,Periodic 1D,clustered,benefit: mean parental objective minus midpoint objective,75,0.2306680797659795,0.2306680797659795,0.0,0.96875,0.0,0.03125,1.378013726793803e-06,0.00039693981442401327,0.006448406061268619,0.4656529822746558,0.5234110248376248
periodic_d1,Periodic 1D,clustered,benefit: mean parental objective minus midpoint objective,76,0.2332137901693287,0.2332137901693287,0.0,0.96875,0.0,0.03125,4.399433016610832e-06,0.0004641238178638707,0.011895267325221892,0.46767563812517277,0.5369461944914394
periodic_d1,Periodic 1D,clustered,benefit: mean parental objective minus midpoint objective,77,0.20941126360514126,0.20941126360514126,0.0,0.96875,0.0,0.03125,4.490405396184727e-06,0.00046509609211836667,0.006660345435990256,0.4455788878125154,0.5108036617081928
periodic_d1,Periodic 1D,clustered,benefit: mean parental objective minus midpoint objective,78,0.22550046072439228,0.22550046072439228,0.0,0.96875,0.0,0.03125,1.1765913550176865e-05,0.000632358833545954,0.005677070381700622,0.47670303926598234,0.5570358392433616
periodic_d1,Periodic 1D,clustered,benefit: mean parental objective minus midpoint objective,79,0.2238371173482418,0.2238371173482418,0.0,0.96875,0.0,0.03125,1.5531744856911445e-06,0.00030978047329949243,0.012024162492427326,0.4375967518316915,0.5395237569257317
periodic_d1,Periodic 1D,clustered,benefit: mean parental objective minus midpoint objective,80,0.21643287405902403,0.21643287405902403,0.0,0.96875,0.0,0.03125,1.8840251095331162e-06,0.0002818159575425083,0.002454369955459834,0.4536460772916732,0.5129665594923306
periodic_d1,Periodic 1D,clustered,benefit: mean parental objective minus midpoint objective,81,0.21849634236984594,0.21849634236984594,0.0,0.96875,0.0,0.03125,2.15006346970803e-06,0.00029208963700538826,0.003223445680410386,0.4636311380388066,0.5261761292023129
periodic_d1,Periodic 1D,clustered,benefit: mean parental objective minus midpoint objective,82,0.2127150652069839,0.2127150652069839,0.0,0.96875,0.0,0.03125,1.6220353623586092e-06,0.0005278771971222174,0.006306490114182328,0.42612794732715775,0.5233946702617086
periodic_d1,Periodic 1D,clustered,benefit: mean parental objective minus midpoint objective,83,0.22407193451495716,0.22407193451495716,0.0,0.96875,0.0,0.03125,2.7941734345171554e-06,0.0003322421592260594,0.006444527865777594,0.44526226303471933,0.5122987612872468
periodic_d1,Periodic 1D,clustered,benefit: mean parental objective minus midpoint objective,84,0.22934002765911943,0.22934002765911943,0.0,0.96875,0.0,0.03125,3.0961766530612778e-06,0.0004034514592135552,0.0061296071449905565,0.4666675053535009,0.5324133217092869
periodic_d1,Periodic 1D,clustered,benefit: mean parental objective minus midpoint objective,85,0.21913165106524435,0.21913165106524435,0.0,0.96875,0.0,0.03125,4.371847829420794e-06,0.0006166472633039044,0.015051477745100683,0.4416249752803662,0.532061075873758
periodic_d1,Periodic 1D,clustered,benefit: mean parental objective minus midpoint objective,86,0.22207622015468925,0.22207622015468925,0.0,0.96875,0.0,0.03125,7.416498075674127e-06,0.0005645827727713826,0.005626390243136381,0.45367061451250096,0.5335210677112684
periodic_d1,Periodic 1D,clustered,benefit: mean parental objective minus midpoint objective,87,0.22797315128173773,0.22797315128173773,0.0,0.96875,0.0,0.03125,7.122458736741333e-06,0.0005660801660721804,0.006290245973170905,0.47268947403892125,0.5412019627882594
periodic_d1,Periodic 1D,clustered,benefit: mean parental objective minus midpoint objective,88,0.22102459889872345,0.22102459889872345,0.0,0.96875,0.0,0.03125,2.4113578676598912e-06,0.00043464123816527866,0.005538955618228203,0.44834755827892875,0.530704485696968
periodic_d1,Periodic 1D,clustered,benefit: mean parental objective minus midpoint objective,89,0.23126168408364906,0.23126168408364906,0.0,0.96875,0.0,0.03125,4.682727612226323e-06,0.0006369638511221631,0.010581080466439241,0.45663190822360655,0.5454615892199193
periodic_d1,Periodic 1D,clustered,benefit: mean parental objective minus midpoint objective,90,0.2233293288948513,0.2233293288948513,0.0,0.96875,0.0,0.03125,5.051885090479047e-06,0.00037879799568224515,0.003812538200131388,0.4500110011131792,0.5146772648569725
periodic_d1,Periodic 1D,clustered,benefit: mean parental objective minus midpoint objective,91,0.24740059649642643,0.24740059649642643,0.0,0.96875,0.0,0.03125,7.0116227290917266e-06,0.0005100479263768776,0.007741516251434821,0.49056936917057925,0.5749524701519939
periodic_d1,Periodic 1D,clustered,benefit: mean parental objective minus midpoint objective,92,0.23699358588460057,0.23699358588460057,0.0,0.96875,0.0,0.03125,6.817716720231015e-06,0.0005583454419909595,0.006672532011837151,0.4692903076699203,0.5528698693726738
periodic_d1,Periodic 1D,clustered,benefit: mean parental objective minus midpoint objective,93,0.2202105493840441,0.2202105493840441,0.0,0.96875,0.0,0.03125,2.5726451016172547e-06,0.0005595295653632038,0.004203592752147212,0.4762840736501225,0.5691599111343507
periodic_d1,Periodic 1D,clustered,benefit: mean parental objective minus midpoint objective,94,0.2326957875236659,0.2326957875236659,0.0,0.96875,0.0,0.03125,1.484692419784217e-06,0.00037575296723696416,0.003680178615369234,0.4691084742653131,0.5328864395616082
periodic_d1,Periodic 1D,clustered,benefit: mean parental objective minus midpoint objective,95,0.22959881827118,0.22959881827118,0.0,0.96875,0.0,0.03125,4.230042601471862e-06,0.0006426622311057062,0.014800462841784823,0.45018072183264773,0.547329702067312
periodic_d1,Periodic 1D,clustered,benefit: mean parental objective minus midpoint objective,96,0.22870509142529757,0.22870509142529757,0.0,0.96875,0.0,0.03125,1.3752918382459178e-06,0.0005561701194767288,0.008740774429892517,0.46367211985758267,0.5367575133417098
periodic_d1,Periodic 1D,clustered,benefit: mean parental objective minus midpoint objective,97,0.2223973793005302,0.2223973793005302,0.0,0.96875,0.0,0.03125,3.2549958553507174e-06,0.00042750017776421734,0.005970002313197442,0.44430921384456584,0.5141820530568058
periodic_d1,Periodic 1D,clustered,benefit: mean parental objective minus midpoint objective,98,0.2144629241175341,0.2144629241175341,0.0,0.96875,0.0,0.03125,8.995949240586665e-06,0.0007537407721639466,0.006074468681555645,0.4466360531010898,0.5379872626463301
periodic_d1,Periodic 1D,clustered,benefit: mean parental objective minus midpoint objective,99,0.2382960486775238,0.2382960486775238,0.0,0.96875,0.0,0.03125,2.86050923475889e-06,0.00026723160295555326,0.003788012680619568,0.48547716177343764,0.5397321320406983
periodic_d1,Periodic 1D,clustered,benefit: mean parental objective minus midpoint objective,100,0.22240638440522692,0.22240638440522692,0.0,0.96875,0.0,0.03125,3.0794184371907285e-06,0.0007669631191864479,0.012853069723247401,0.4416591738702779,0.5267110200503838
periodic_d1,Periodic 1D,clustered,benefit: mean parental objective minus midpoint objective,101,0.20722038600114082,0.20722038600114082,0.0,0.96875,0.0,0.03125,5.545980313215182e-06,0.0005405504096432923,0.009642379139791879,0.41963905565339693,0.4942076114544053
periodic_d1,Periodic 1D,clustered,benefit: mean parental objective minus midpoint objective,102,0.21575893473338092,0.21575893473338092,0.0,0.96875,0.0,0.03125,3.1962426676468425e-06,0.0007091577653361436,0.006643416356380438,0.4687581063030648,0.5706483351580695
periodic_d1,Periodic 1D,clustered,benefit: mean parental objective minus midpoint objective,103,0.22941149971787445,0.22941149971787445,0.0,0.96875,0.0,0.03125,7.267412106659599e-06,0.0005807664571599869,0.006873943914892877,0.45850483257247593,0.530480633420969
periodic_d1,Periodic 1D,clustered,benefit: mean parental objective minus midpoint objective,104,0.2326383085343008,0.2326383085343008,0.0,0.96875,0.0,0.03125,8.43299599112557e-06,0.0005039055223258759,0.006994139651349596,0.469433943702226,0.5464120819670014
periodic_d1,Periodic 1D,clustered,benefit: mean parental objective minus midpoint objective,105,0.22068719780557128,0.22068719780557128,0.0,0.96875,0.0,0.03125,9.541289214265447e-07,0.0004038633847885942,0.0055036829701423096,0.444231990677168,0.5000203743715765
periodic_d1,Periodic 1D,clustered,benefit: mean parental objective minus midpoint objective,106,0.22816355435062305,0.22816355435062305,0.0,0.96875,0.0,0.03125,1.6920242691398357e-06,0.00042268648078702675,0.004764631682580234,0.4618138864441822,0.5294125450419296
periodic_d1,Periodic 1D,clustered,benefit: mean parental objective minus midpoint objective,107,0.21854577853170143,0.21854577853170143,0.0,0.96875,0.0,0.03125,5.494927048876885e-06,0.0005540642577826493,0.01709391357676565,0.43852374941113004,0.5104617267171487
periodic_d1,Periodic 1D,clustered,benefit: mean parental objective minus midpoint objective,108,0.2373328276245541,0.2373328276245541,0.0,0.96875,0.0,0.03125,2.0262141012805657e-06,0.0003866995426546893,0.004898485897089577,0.4752204312940345,0.5342202694332152
periodic_d1,Periodic 1D,clustered,benefit: mean parental objective minus midpoint objective,109,0.24130888180177995,0.24130888180177995,0.0,0.96875,0.0,0.03125,1.1459798019419765e-06,0.000513837453645305,0.00675299034540211,0.4836712057833645,0.5572344561091533
periodic_d1,Periodic 1D,clustered,benefit: mean parental objective minus midpoint objective,110,0.24001123966611804,0.24001123966611804,0.0,0.96875,0.0,0.03125,7.127163073161746e-06,0.0005572406707790023,0.006841583940070617,0.4791135502437512,0.5714337293831295
periodic_d1,Periodic 1D,clustered,benefit: mean parental objective minus midpoint objective,111,0.18035609659818763,0.18035609659818763,0.0,0.96875,0.0,0.03125,1.727983958865753e-06,0.0003668908416882277,0.0028896501541987862,0.42929697992455246,0.508895909367034
periodic_d1,Periodic 1D,clustered,benefit: mean parental objective minus midpoint objective,112,0.23190534203582724,0.23190534203582724,0.0,0.96875,0.0,0.03125,7.049503965017578e-07,0.000598838478159669,0.015034822733985154,0.4633004001476168,0.5363949219961929
periodic_d1,Periodic 1D,clustered,benefit: mean parental objective minus midpoint objective,113,0.21437900922538072,0.21437900922538072,0.0,0.96875,0.0,0.03125,2.2403837041107266e-06,0.00047116298595989425,0.005528825157769535,0.4273249213213181,0.5033730829444191
periodic_d1,Periodic 1D,clustered,benefit: mean parental objective minus midpoint objective,114,0.22024452119976187,0.22024452119976187,0.0,0.96875,0.0,0.03125,4.1972481178431664e-06,0.0005156628354572312,0.005809958811076765,0.451513736263691,0.5308458777477375
periodic_d1,Periodic 1D,clustered,benefit: mean parental objective minus midpoint objective,115,0.219362487928145,0.219362487928145,0.0,0.96875,0.0,0.03125,3.3681094125381783e-06,0.0006557063121270801,0.009206908524192592,0.4373334575558168,0.532307503931812
periodic_d1,Periodic 1D,clustered,benefit: mean parental objective minus midpoint objective,116,0.23160543452475663,0.23160543452475663,0.0,0.96875,0.0,0.03125,3.609781204783058e-06,0.0003029699062035984,0.002712642766887874,0.4865699628194215,0.5549392618529302
periodic_d1,Periodic 1D,clustered,benefit: mean parental objective minus midpoint objective,117,0.20203424357259234,0.20203424357259234,0.0,0.96875,0.0,0.03125,1.262637386367782e-06,0.00043586111344728895,0.0036332020880573412,0.43207949727571604,0.5121294941385492
periodic_d1,Periodic 1D,clustered,benefit: mean parental objective minus midpoint objective,118,0.22750878064035482,0.22750878064035482,0.0,0.96875,0.0,0.03125,3.3005650804107667e-06,0.0007455820676633418,0.009153422627388164,0.45342065915697294,0.5398238776874413
periodic_d1,Periodic 1D,clustered,benefit: mean parental objective minus midpoint objective,119,0.2272878483444138,0.2272878483444138,0.0,0.96875,0.0,0.03125,3.5495153613562813e-06,0.0007039712388478558,0.007580836229718502,0.4669049802805145,0.5593267569857179
periodic_d1,Periodic 1D,clustered,benefit: mean parental objective minus midpoint objective,120,0.23564182625834118,0.23564182625834118,0.0,0.96875,0.0,0.03125,8.765584811887273e-06,0.0006888997916613127,0.012660330976939305,0.4649162272000174,0.5550838723292377
periodic_d1,Periodic 1D,clustered,benefit: mean parental objective minus midpoint objective,121,0.22128527410412283,0.22128527410412283,0.0,0.96875,0.0,0.03125,3.960331018459939e-06,0.0005199197432690372,0.004148136552008297,0.45866758114381134,0.5615223884993409
periodic_d1,Periodic 1D,clustered,benefit: mean parental objective minus midpoint objective,122,0.22739233786890437,0.22739233786890437,0.0,0.96875,0.0,0.03125,5.3997574935849e-06,0.00035617453677111444,0.005931353877650258,0.46399253405725616,0.5241482870772509
periodic_d1,Periodic 1D,clustered,benefit: mean parental objective minus midpoint objective,123,0.19537190615440841,0.19537190615440841,0.0,0.96875,0.0,0.03125,2.0030474752186223e-06,0.0004064586201232845,0.0036527361759651766,0.4236756980232578,0.5015616052889561
periodic_d1,Periodic 1D,clustered,benefit: mean parental objective minus midpoint objective,124,0.23115700076460888,0.23115700076460888,0.0,0.96875,0.0,0.03125,1.3900805260202986e-06,0.0002389801844685513,0.0043679489078066736,0.47988091282982537,0.5330682569414406
periodic_d1,Periodic 1D,clustered,benefit: mean parental objective minus midpoint objective,125,0.22613757978960997,0.22613757978960997,0.0,0.96875,0.0,0.03125,2.4831113457635112e-06,0.00034254331818267536,0.005600279301730182,0.45385685933131836,0.50957585680481
periodic_d1,Periodic 1D,clustered,benefit: mean parental objective minus midpoint objective,126,0.23074508770751256,0.23074508770751256,0.0,0.96875,0.0,0.03125,3.2370808750736835e-06,0.0005667902754633025,0.008876326016707736,0.45605535115304735,0.5593895852670603
periodic_d1,Periodic 1D,clustered,benefit: mean parental objective minus midpoint objective,127,0.2211933927680581,0.2211933927680581,0.0,0.96875,0.0,0.03125,5.580261790594232e-06,0.0004475844519284955,0.007489968480669185,0.4471306160290872,0.5173213642955535
